id,color,size
CASSTYSNQPQHF,red,1
CASSIYSGQPQHF,red,1
CASSWYSNQPQHF,red,1
CASNIYSNQPQHF,red,1
CASSFYSNQPQHF,red,1
CASSGTSNQPQHF,red,1
CSASGYSNQPQHF,blue,1
CASSMYSNQPQHF,red,1
CASSIYSNQPQHF,red,1
CASSYGSNQPQHF,blue,1
CASSYYSNQPQHF,red,1
CASSINSNQPQHF,red,1
CASSGYSNQPQHF,red,1
CASSLGNYEQYF,blue,1
CASSLGGYEQYF,blue,1
CASSPGGYEQYF,blue,1
CASTPGGYEQYF,red,1
CASSWGTYEQYF,blue,1
CASSWGTAEQFF,blue,1
CASSQGTYEQYF,blue,1
CASSLGGYEQFF,blue,1
CASSLGFYEQYF,blue,1
CASSLGTYEQYF,blue,1
CASSHGGYEQYF,blue,1
CASSYRSAYEQYF,red,1
CASSIRSVYEQYF,red,1
CASSIRSAYEQYF,red,1
CASSIRSVYEQFF,red,1
CASSTRSAYEQYF,red,1
CASSIRSAYERYF,red,1
CASSIRSHYEQYF,red,1
CASSIRSPYEQYF,red,1
CASSIRSAYEQFF,red,1
CASSMRSAYEQYF,red,1
CVSSIRSAYEQYF,red,1
CASSYRTGGTEAFF,blue,1
CASSRGTGGRETQYF,blue,1
CASSPGTGGTEKLFF,blue,1
CASSPGTGGTERLFF,blue,1
CASSPSTGGNSSLYF,blue,1
CASSPGTGGRETQYF,blue,1
CASSPRTLGTEAFF,blue,1
CASSPGTGGAETLYF,blue,1
CASSPGTGGNEQYF,blue,1
CASSPGTGGTETQYF,blue,1
CASSPRTGGTEAFF,blue,1
CASSPGTGGNSPLHF,blue,1
CASSPGTFGNEQFF,blue,1
CAWVPGTGGTEAFF,red,1
CASSIRSLGELFF,red,1
CASSIRSAGEAFF,red,1
CASSIRSVGELFF,red,1
CASSIRSAGELFF,red,1
CASSIRSVGEQYF,red,1
CASSGRSAGELFF,red,1
CASSGRSAGEQYF,red,1
CASSIISVGEQFF,red,1
CASSIRSAGPLFF,red,1
CASSMRSAGELFF,red,1
CASSITSLGELFF,red,1
CASSIRSAGRAFF,red,1
CASGEGNTGELFF,blue,1
CASTETNTGELFF,blue,1
CASSIEGPTGELFF,red,1
CASTEGNTGELFF,blue,1
CASSFEGNTGELFF,blue,1
CASSTAGNTGELFF,blue,1
CASREGNTGELFF,blue,1
CASSTYRNTGELFF,blue,1
CATSIEGNTGELFF,blue,1
CASSFEGETGELFF,blue,1
CASTERNTGELFF,blue,1
CASSLHRGTEAFF,blue,1
CASSLHRDTEAFF,blue,1
CASSVWGGTEAFF,blue,1
CASSSLPGGTEAFF,red,1
CASSLATGNEQFF,blue,1
CASSLATGTEAFF,blue,1
CASSPATGTEAFF,blue,1
CASSWPGGTEAFF,blue,1
CASSLLGGTEAFF,blue,1
CASSLAGGTEAFF,blue,1
CAWSLAGGTEAFF,red,1
CASSLARGTEAFF,blue,1
CASSLVGGTEAFF,blue,1
CASSVAGGTEQYF,blue,1
CASAPNRGSNQPQYF,red,1
CASSPTRTSNQPQYF,blue,1
CASTPGRNSNQPQYF,red,1
CASSPGQTSNQPQYF,red,1
CASSPTRTSNSPLYF,red,1
CASSPTRGSNQPQYF,red,1
CASSPNRGSNQPQYF,blue,1
CASSPRRGANQPQYF,red,1
CASSPGQTSNQPQHF,blue,1
CASSPNRNSNQPQYF,red,1
CASSPRSGSNQPQHF,blue,1
CASSPGRGSNQPQYF,blue,1
CASSPRRGSNQPQYF,red,1
CASSPGRTSNQPQYF,red,1
CASSPGRNSNQPQYF,blue,1
CASSLRDGSNQAPLF,red,1
CASSLYRGSNEKLFF,blue,1
CASSLYRGSNQPQHF,blue,1
CASSVNRGSNQPQHF,blue,1
CASSTTRGSNQPQYF,blue,1
CASSLRRGSNQPQYF,blue,1
CASSLFRGSNQPQYF,blue,1
CASSLNRGSNQPQYF,blue,1
CASSVNRGSNQPQYF,blue,1
CASSLYRGSNQPQYF,blue,1
CASSLNRGSNQPQHF,blue,1
CASSLTRGSNQPQYF,blue,1
CASSMGSYGYTF,blue,1
CASSYGSYGYTF,blue,1
CASSGMDYGYTF,red,1
CASSIGDYGYTF,blue,1
CASSILDYGYTF,blue,1
CASSTGSYGYTF,blue,1
CASKTGSYGYTF,blue,1
CASSWGSYGYTF,blue,1
CASSWGSWGYTF,blue,1
CASSIGSYGYTF,blue,1
CASSFTDYGYTF,blue,1
CASSFPSYGYTF,blue,1
CASSGGSYGYTF,red,1
CASSGTSYGYTF,red,1
CASSGASYGYTF,red,1
CASSGTDYGYTF,red,1
CASSIGSYGSTF,blue,1
CASSEGSYGYTF,blue,1
CASSFGSYGYTF,blue,1
CASSGGSFGYTF,blue,1
CASSTGSYGCTF,blue,1
CASSQGLAGDEQYF,blue,1
CASSLGLAGDEQYF,blue,1
CASSQGLAGREQYF,red,1
CASSLGLAVDEQYF,blue,1
CASSQGLAGDEQFF,blue,1
CASSQGLQGSEQFF,red,1
CASSPGLAGDEQFF,blue,1
CASRGLAGDEQYF,blue,1
CASSQGLLGSETQYF,blue,1
CASSQGLAGSEQYF,blue,1
CASSLGQAGDEQYF,blue,1
CASSIRSGVIQYF,blue,1
CASSMRSGVEQYF,blue,1
CASSIRSGATQYF,blue,1
CASSIRSGAEQFF,blue,1
CASSIISGVEQFF,blue,1
CASSIRSGAEQYF,blue,1
CASSGRSGVEQYF,blue,1
CASSGRSAVEQFF,blue,1
CASSSIRSGASVLT,red,1
CASSIRSGVEQFF,blue,1
CASSFRSGVEQYF,blue,1
CASSMRSGVEQFF,blue,1
CASSSIRSGASVLTF,red,1
CASSGRSAVEAFF,blue,1
CASSIRSGVEQYF,blue,1
CASSGRSGVEQFF,blue,1
CASSVAGGDEQYF,red,1
CASSLVDGDIQYF,blue,1
CASSFVAGGDEQFF,blue,1
CASSVAGGDEQFF,red,1
CASSVVGGDEQYF,red,1
CASSLKRGDEQFF,blue,1
CASSPLVRGDEQFF,blue,1
CASSLVGGDEQYF,blue,1
CASSLVGGDIQYF,blue,1
CASSQVGGDEQFF,blue,1
CASSLSGGDEQYF,blue,1
CASSYSGGDEQFF,blue,1
CASSPLDRGDETQYF,blue,1
CASSVAWGDEQYF,blue,1
CASSLVRGDEQFF,blue,1
CSASSEGDEQFF,blue,1
CASSFGDQQYF,blue,1
CASSFGDEQFF,blue,1
CASSIGDEQYF,red,1
CASSEGDEQYF,blue,1
CASSFTDEQFF,blue,1
CASSIGSEQFF,red,1
CASSIGSEQYF,red,1
CASSNGDEQYF,blue,1
CASSFNDEQFF,blue,1
CASSFGDEQYF,red,1
CASSTGPEQFF,blue,1
CASSTGDEQYF,red,1
CASSFRSTDTQYF,blue,1
CASSIRSEDTQYF,blue,1
CASSMRSTDTQYF,blue,1
CASSIRSMDIQYF,blue,1
CASSIRSTDTRYF,blue,1
CASSYRSTDTQYF,blue,1
CSASRWRSTDTQYF,red,1
CASSTRSTDTQHF,blue,1
CASSTRSTDTQYF,blue,1
CASSIRSTDAQYF,blue,1
CASNTRSTDTQYF,blue,1
CASSMRSGDTQYF,blue,1
CASGFRSTDTQYF,blue,1
CASSARSMDIQYF,blue,1
CASSIRSTDIQYF,blue,1
CAASTRSTDTQYF,blue,1
CASSTRSTDTLYF,blue,1
CASSWRSTDTQYF,blue,1
CASSIRSTDTQYF,blue,1
CASSIRDTDTQYF,blue,1
CASSATEQFF,blue,1
CASSGGEQYF,blue,1
CASSLGEQFF,blue,1
CASSLYEQYF,blue,1
CASSPYEQYF,blue,1
CASPANEQFF,blue,1
CASEPYEQYF,blue,1
CASSSYEQYF,red,1
CASILNEQFF,blue,1
CASSANEQFF,blue,1
CASSLGEQGTF,blue,1
CASSLREQYF,blue,1
CASSLNEQFF,blue,1
CASSFGEQFF,blue,1
CASSLGEQYF,blue,1
CASSLGGNTEAFF,blue,1
CASSPLWNTGELFF,blue,1
CASSLGGEGAFF,blue,1
CASSLYGNTEAFF,blue,1
CASSVGAGTEAFF,blue,1
CASSLGGGGELFF,blue,1
CASSLGMGTEAFF,blue,1
CASSVGGYTEAFF,blue,1
CASSLTGGGELFF,red,1
CASSLINTGELFF,blue,1
CASSLGNTGELFF,blue,1
CASSSLGGHGEAFF,blue,1
CASSVGGGTEAFF,blue,1
CASSLGGGTEAFF,blue,1
CASSSLGGWTEAFF,blue,1
CASSLKGNTEAFF,blue,1
CASSLGGTGELFF,blue,1
CASSLGGTVEAFF,blue,1
CASSLTGGGKLFF,red,1
CASSLGGWGAFF,blue,1
CASSLGGNNEQFF,blue,1
CASSVRGGTEAFF,blue,1
CASSLTDGGEQYF,blue,1
CASSLWNTGELFF,blue,1
CASSLGGTTEAFF,blue,1
CASSFLTGNTEAFF,blue,1
CASSLGTGTEVFF,blue,1
CASSPLSNTGELFF,blue,1
CASSLTGFGEQFF,blue,1
CASSLGGNTIYF,blue,1
CASSLGYGTEAFF,blue,1
CASSLENTGELFF,blue,1
CASSVRHGTEAFF,blue,1
CASSLGGEGEQYF,blue,1
CASSVGGGREQFF,blue,1
CASSLGTGTEAFF,blue,1
CASSLGWGTEAFF,blue,1
CASSLTGNTEAFF,blue,1
CASSPVTGELFF,blue,1
CASSPGTGEQYF,blue,1
CASSPGGGELFF,blue,1
CASSPFGGELFF,blue,1
CASSQTGGELFF,blue,1
CASSPQGGELFF,blue,1
CASSPTGGELFF,blue,1
CASSPNTGELFF,blue,1
CASSPGTGELFF,blue,1
CASSPRTGELFF,red,1
CAWSPNTGELFF,blue,1
CASSLSRGSNQTQY,red,1
CASTLSRGSNQPQYF,red,1
CASSLSRTSNQPQYF,red,1
CAGSLSRGSNQPQYF,blue,1
CASSLSTGSNQPQHF,blue,1
CASSLSRFSNQPQYF,blue,1
CATDLSRTSNQPQYF,red,1
CASSLSRNSNQPQYF,red,1
CASSLSRISNQPQYF,red,1
CASSLSGMLNQPQHF,blue,1
CASSLSGMSNQPQYF,blue,1
CASSTSRGSNQPQYF,blue,1
CASSLSRMSNQPQYF,red,1
CASSLSRGSNQPQYF,red,1
CASSNSFGYTF,blue,1
CASSTSYGYTF,red,1
CASSNSYGYTF,blue,1
CASSYSYGYTF,blue,1
CASSGSYGYTF,red,1
CASSMSYGYTF,red,1
CASSFAYGYTF,blue,1
CACSRSYGYTF,red,1
CASSRSYGYTF,blue,1
CASSESYGYTF,blue,1
CASSFSYGYTF,blue,1
CASSISYGYTF,red,1
CASSESKGYTF,blue,1
CASSISFGYTF,blue,1
CASSRNYGYTF,blue,1
CASSGRATGELFF,blue,1
CASSGRAGGELFF,blue,1
CASSGRAGNTIYF,blue,1
CASSNRAGNEQFF,red,1
CASSIRATGELFF,blue,1
CASSGRATGKLFF,blue,1
CASSGRATYEQYF,blue,1
CASSIRYTGELFF,blue,1
CASSGRAGNEQFF,blue,1
CASSGRAGTEAFF,blue,1
CASSTRATGELFF,blue,1
CASSTRRNTEAFF,red,1
CASSKRGGYEQYF,blue,1
CASSIRGGIEQFF,blue,1
CASSIRGGVEQFF,blue,1
CASSTRGGTEAFF,blue,1
CASSQRGNTEAFF,blue,1
CASSTRGGDEQYF,blue,1
CASSTRGGYEQYF,blue,1
CASSIRGGYEQYF,blue,1
CASSNRGGNEQFF,blue,1
CASSTRGNTEAFF,blue,1
CASSIRGGNEQFF,blue,1
CASSYRGGYEQYF,blue,1
CASSLGKTSNQPRY,red,1
CASSVGRNSNQPQYF,red,1
CASSLGRGSNQPQYF,red,1
CASSFGRTSNQPQYF,blue,1
CASSFARTSNQPQYF,blue,1
CASSLGKTSNQPQYF,red,1
CASSLGRNSNQPQYF,red,1
CASSFGRLSNQPQYF,blue,1
CASSALGRNSNQPQYF,blue,1
CASSLGRTSNQPQYF,blue,1
CASSLGYTSNQPQYF,blue,1
CASRLRTSGGTDTQYF,red,1
CASSARTSGGRDTQYF,red,1
CASSARTSGGTDTQYF,red,1
CASSARTSAGTDTQYF,red,1
CASSPRTSGGTDTQYF,red,1
CASSLRTSGGTDTQYF,red,1
CASSERTSGGRDTQYF,red,1
CASSVRTSGGTDTQYF,red,1
CASSPLTSGGTDTQYF,red,1
CASSIRTSGGTDTQYF,red,1
CASSARTSGGGDTQYF,red,1
CATSNLNTGELFF,red,1
CATQTLNTGELFF,red,1
CATGGLNTGELFF,red,1
CAAQNLNTGELFF,red,1
CAWQTLNTGELFF,red,1
CAGQGLNTGELFF,red,1
CATQGLNTGELFF,red,1
CATQTANTGELFF,red,1
CAGQNLNTGELFF,red,1
CATQNLNTGELFF,red,1
CASTAGLNTGELFF,blue,1
CSAGQGPNTGELFF,blue,1
CASSIRSSVEQYF,red,1
CASSIRSSVMQYF,red,1
CASSIRSDAEAFF,red,1
CASSIRSSVEFF,red,1
CASSIRSSVEQFF,red,1
CASSIRSSVEAFF,red,1
CASSTRSSVEQYF,red,1
CASSIRSSLEQYF,red,1
CASSIRSSAEAFF,red,1
CASSIRSSAEQYF,red,1
CASSIRSQVEQFF,red,1
CASSSRAGTEAFF,red,1
CASSSRATGELFF,red,1
CASSHRATGELFF,red,1
CASSDRAGNEQFF,red,1
CASSSRAGGEQYF,red,1
CASSSRAGNEQYF,red,1
CASSDRATGELFF,red,1
CASSQRAGGELFF,blue,1
CASSSRLTGELFF,blue,1
CASSSRAYYEQYF,red,1
CASSSRAGWELFF,red,1
CASSSRAGYEQYF,red,1
CASSLETGDTQYF,blue,1
CASSLELGDEQYF,red,1
CASSQETGDTQYF,red,1
CASSQETGAEAFF,blue,1
CASSQDPGDEQFF,blue,1
CASSLEGGDEQFF,blue,1
CASSLETGDEQYF,red,1
CASSLELGDEQFF,red,1
CASSQETGDEQYF,red,1
CASSQEPGDEQFF,blue,1
CACSLETGDEQYF,red,1
CASMAGTYNEQFF,blue,1
CAGSLAGTYNEQFF,blue,1
CASSLAGGGYEKLFF,blue,1
CASSLPGTGNEQFF,blue,1
CASSTPGTGNEKLFF,blue,1
CASSLAGRGNEQFF,blue,1
CASSLAGTGYEQYF,blue,1
CASSLAGGTYEQYF,blue,1
CASSLKGTYNEGFF,red,1
CASSLGGEGYEQYF,blue,1
CASSLAGEGYEQYF,blue,1
CASSPAGGTYEQYF,blue,1
CASSLKGTYNSPLHF,blue,1
CASSLAGTGNEQYF,blue,1
CASSLAGGGYYGYTF,blue,1
CASEAGEGYEQYF,blue,1
CASSLAGFQETQYF,blue,1
CASSLAGGQETQYF,red,1
CVSSLAGTQETQYF,red,1
CASSLLGGQETQYF,blue,1
CASSLAGTQETQYF,red,1
CASSLAGGSETQYF,blue,1
CASSSAGTQETQYF,red,1
CASSLAGTHETQYF,red,1
CASSLTGGSETQYF,blue,1
CASSLQGTQETQYF,blue,1
CASSLVGGQETQYF,blue,1
CASSLVGGAETQYF,blue,1
CASSLGGSTEAFF,red,1
CASSLGISYEQYF,blue,1
CASSLGISGELFF,blue,1
CASSFGISGELFF,blue,1
CASSLGWSTEAFF,blue,1
CASSLGGSYEQYF,blue,1
CASSLGTRNEQFF,blue,1
CASSRGTPNEQFF,blue,1
CASSLNISYEQYF,blue,1
CASSDGTSNEQYF,blue,1
CASSSAGTSYEQYF,blue,1
CASSLGTSYEQYF,blue,1
CASSQAGTSYEQYF,blue,1
CASSLGTDYEQYF,blue,1
CASSLGTPNEQFF,blue,1
CASSLGTSNEQFF,blue,1
CASSELGTSNEQYF,blue,1
CASKSGAEAFF,blue,1
CASKQGAEAFF,blue,1
CASRSGAEVFF,blue,1
CASGSGAEAFF,blue,1
CASRSVAEAFF,blue,1
CASRWGAEAFF,blue,1
CASRSGAEALF,blue,1
CASRSGAEAFF,blue,1
CASKMGAEAFF,red,1
CSASRSGQETQYF,blue,1
CASRSGAKAFF,blue,1
CVSRSGAEAFF,blue,1
CASRSGAETFF,blue,1
CASSFDLAETQYF,blue,1
CSSSWSSAETLYF,red,1
CASSMDSAETLYF,red,1
CASSTDSAETQYF,red,1
CASSYDSAETLYF,blue,1
CASSDGDSAETLYF,red,1
CASSYDSRETQYF,blue,1
CASSGSSAETLYF,red,1
CASSTDSAETLYF,red,1
CANSFDSAETLYF,red,1
CASSWDSAETLYF,red,1
CASSGDSAETLYF,red,1
CASSIDSAETLYF,red,1
CASSYSSAETLYF,red,1
CASSFSSAETLYF,red,1
CASSNDSAETLYF,red,1
CASSFDSAETLYF,red,1
CASSYYNEQFF,blue,1
CASSFYNEQFF,blue,1
CASSTYNEQFF,blue,1
CASSIYNEQFF,blue,1
CASTTYNEQFF,blue,1
CAARSGYNEQFF,blue,1
CASSFNNEQFF,blue,1
CASNYYNEQFF,blue,1
CASSTNNEQFF,blue,1
CSASPGYNEQFF,red,1
CASSYTNEQYF,blue,1
CASSGYNEQFF,blue,1
CASSYTNEQFF,blue,1
CASSEAQRGTDDYTF,red,1
CASSEALRGTDPQYF,red,1
CASSEAQRGEDEQFF,red,1
CASSEAYRGEDDYTF,red,1
CASSEALRGADQPY,red,1
CASSEALRGRDTVYF,red,1
CASSEALRGYDDYT,red,1
CASSEALRVRDPQYF,red,1
CASSEALRNTDPQYF,red,1
CASSEALSGTDPQYF,red,1
CASSEALRGGDDYTF,red,1
CASSEALRGTGPQYF,red,1
CASSEAQRGHDEQYF,red,1
CASSFGGNTEAFF,blue,1
CASSFGGNTIYF,red,1
CASSWGTNTEAFF,red,1
CASSWETNTEAFF,blue,1
CASSTGGNTEAFF,blue,1
CASSIYGNTEAFF,blue,1
CASSFFGNTEAFF,red,1
CASSITGNTEAFF,red,1
CASSWTGNTEAFF,blue,1
CASSIGGNNEQYF,blue,1
CASSIGGWNEQYF,blue,1
CASSIGGNTEAFF,red,1
CASSIGTNTEAFF,blue,1
CASSGGGWNEQFF,red,1
CASSLDSSYGYTF,blue,1
CASSLQSSYEQYF,blue,1
CASSVQSSYEQYF,blue,1
CASSLDSAYEQYF,blue,1
CASSLISPYEQYF,blue,1
CASSSDSSYEQYF,red,1
CASSLDSPYEQYF,blue,1
CASSKDSAYEQYF,blue,1
CASSLDSSYEQYF,blue,1
CASSLDSTYGYTF,blue,1
CASSLLSSYEQYF,blue,1
CASSRSDSSYEQYF,blue,1
CASSDQGGGYGYTF,blue,1
CASSSQGSNYGYTF,blue,1
CASSPQGINYGYTF,red,1
CASSPQGGNYGYTF,blue,1
CASSPQGGGYGYTF,blue,1
CASSPQGGGTGELFF,blue,1
CASDTGGGYGYTF,red,1
CASSPQGPGTGELFF,blue,1
CASSSQGGGTGELFF,blue,1
CASSPTGINYGYTF,blue,1
CASSSQGGNYGYTF,blue,1
CASSQGQGATEAFF,blue,1
CASSKQGATEAFF,blue,1
CASSSGQGIGEQYF,blue,1
CASSSGQGAKTEAFF,blue,1
CASSGQGATEAFF,blue,1
CASSSPGQGAGETQYF,blue,1
CASSMGQGATEAFF,blue,1
CASSGQGAGTQYF,red,1
CASSPGQGAGQPQHF,blue,1
CASSPGQGAWEQYF,blue,1
CASSSGQGAGEKLFF,blue,1
CASSWGQGAGETQYF,blue,1
CASTPGQGAGELFF,blue,1
CTSSLAPGATNEKLFF,red,1
CSSSLAPGATNEKLFF,red,1
CASGLAPGATNEKLFF,red,1
CASSLAPGATNEKLFF,red,1
CANSLAPGATNEKLFF,red,1
CASSLAPGATNGKLFF,red,1
CASSLTPGATNEKLFF,red,1
CASNLAPGATNEKLFF,red,1
CASSLAPGVTNEKLFF,red,1
CARSLAPGATNEKLFF,red,1
CASSLAPGTTNEKLFF,red,1
CASILAPGATNEKLFF,red,1
CASSLAPGATNKKLFF,red,1
CPSSLAPGATNEKLFF,red,1
CASSLAPGSTNEKLFF,red,1
CASSLAPGATSEKLFF,red,1
CASSLAPEATNEKLFF,red,1
CASSLAPGAINEKLFF,red,1
CAGSLAPGATNEKLFF,red,1
CASSLAPGATNEKTVF,red,1
CASSLAPGATNQKLFF,red,1
CASSLPPGATNEKLFF,red,1
CASSLPPEATNEKLFF,red,1
CASSLAPRATNEKLFF,red,1
CASSQTGNSNQPQYF,red,1
CASSDAGNSNQPQYF,red,1
CASSDRANSNQPQYF,red,1
CASSQGGYSNQPQHF,blue,1
CASSSTGISNQPQYF,blue,1
CASSQGGNSNQPQYF,red,1
CASSHTGNSNQPQYF,red,1
CASSQTGNSNSPLYF,red,1
CASSDTGNSNQPQYF,red,1
CASSSTGNSNQPQYF,red,1
CASSDRGNSNQPLYF,red,1
CASSDRGNSNQPQYF,red,1
CASSHEGSGGYTF,red,1
CASSSHEGSGGYTF,blue,1
CASSREGSGGYTF,red,1
CASSHEGLGGYTF,red,1
CPSSHEGSGGYTF,red,1
CASSLEGSGGYTF,red,1
CASSLEGIGGYTF,blue,1
CASSHGGSGGYTF,red,1
CASSHEGSGCYTF,red,1
CASSHEGSGSYTF,red,1
CASSHKGSGGYTF,red,1
CASNHEGSGGYTF,red,1
CAGSHEGSGGYTF,red,1
CASSHEGSSGYTF,red,1
CASSHEGSGGFTF,red,1
CTSSHEGSGGYTF,red,1
CASMTGDSAETLYF,red,1
CACSGTDSAETLYF,red,1
CASGGDSAETLYF,red,1
CASRRDSAETLYF,blue,1
CASGEDSAETLYF,red,1
CASSIGDSAETLYF,red,1
CASTGDSAETLYF,red,1
CTCSGTDSAETLYF,blue,1
CASARDSAETLYF,blue,1
CASSGTDSAETLYF,red,1
CTCSGRDSAETLYF,red,1
CASGTDSAETLYF,red,1
CASSGRDSAETLYF,red,1
CASSGGDSAETLYF,red,1
CASGRDSAETLYF,red,1
CTCSGGDAAETLYF,red,1
CASRGDSAETLYF,red,1
CASGGSSAETLYF,red,1
CASSFRDSAETLYF,red,1
CASSLDGGSNQPQYF,red,1
CASSLDRINNQPQYF,blue,1
CASSLDRISNQPQYF,red,1
CASSLDPISNQPQYF,blue,1
CASSLDRRSNQPQYF,blue,1
CASSLDRGSNQPQYF,red,1
CASSVDRTSNQPQYF,blue,1
CSAKLDRRSNQPQYF,red,1
CASSLDRNSNQPQYF,blue,1
CASSLDRTSNQPQYF,red,1
CASSLDGASNQPQHF,blue,1
CASSLVGETQYF,blue,1
CASSSTGETQYF,blue,1
CASSRTEETQYF,blue,1
CASSLRGETQYF,blue,1
CASGLGGETQYF,blue,1
CASSLIGETQYF,blue,1
CASSLGRETQYF,red,1
CASSLTGETQYF,blue,1
CASSLRGGTQYF,blue,1
CASSMIGETQYF,blue,1
CASSSTEETQYF,blue,1
CASSLGGETQYF,blue,1
CASSQTQFWETQYF,red,1
CVSSQTQLWETQYF,red,1
CANSQTQLWETQYF,red,1
CASSLTQLWETQYF,red,1
CASSQAQLWETQYF,red,1
CASSQTQLWETQYF,red,1
CASSQTQLWETRYF,red,1
CASNQTQLWETQYF,red,1
CASSQTQLWKTQYF,red,1
CASSQTQLWETQHF,red,1
CAGSQTQLWETQYF,red,1
CTSSQTQLWETQYF,red,1
CASSQTQLWGTQYF,red,1
CAISQTQLWETQYF,red,1
CDSSQTQLWETQYF,red,1
CASSQTQPWETQYF,red,1
CARSQTQLWETQYF,red,1
CASSQTQLWEAQYF,red,1
CASSQTQLWEIQYF,red,1
CASSYGYNEQFF,blue,1
CASSFGWYEQFF,blue,1
CASSLYGGGEQPQHF,red,1
CASSLYGGPEQPQHF,red,1
CASSYGGGEQYF,blue,1
CASSYGGNEQFF,blue,1
CASSYGGYEQYF,blue,1
CASSFGGYEQYF,blue,1
CASSYGFYEQYF,blue,1
CASSFGIYEQYF,blue,1
CASSRGYNEQFF,blue,1
CASSLVGQDTQYF,blue,1
CASSSLGGVDTEAFF,blue,1
CASSTGGQDTQYF,blue,1
CASSVRGADTQYF,blue,1
CASSMRGADTQYF,blue,1
CASSLGGADGYTF,blue,1
CASSLYGADTQYF,red,1
CASSLGGQDTQYF,blue,1
CASSSLGGVDQPQHF,blue,1
CASSLGGADTLYF,blue,1
CASSVGGADTQYF,blue,1
CASSSRSSGEQYF,red,1
CASSSRDSYEQYF,blue,1
CASSSGSSYEQYF,blue,1
CASSSRSQYEQYF,red,1
CASSSGPSYEQYF,blue,1
CASSSSRSSYEQYF,blue,1
CASSSRSSGELFF,red,1
CASSSTDSYEQYF,blue,1
CASSSRSSGEQFF,red,1
CASSSSGSSYEQYF,blue,1
CASSSRSSAEQFF,red,1
CASSSRSSYEQYF,red,1
CASSSRSSAEAFF,red,1
CASSSRSSTEAFF,red,1
CASSSRSSEEQYF,red,1
CASSSRSSNEQFF,red,1
CAISSRSSYEQYF,blue,1
CASSVADNQPQHF,blue,1
CASSAQSNQPQHF,red,1
CASSEQSNQPQHF,red,1
CASSLLSNQPQHF,red,1
CASSQASHQPQHF,blue,1
CASSQASNQPQHF,blue,1
CASSVASNQPQHF,blue,1
CASSRQASNQPQYF,blue,1
CASSALSNQPQHF,red,1
CASSLASNQPQHF,blue,1
CASSAQANQPQHF,red,1
CASSPGVGTEVFF,blue,1
CATSQPGVNTEAFF,blue,1
CASSPGANNEQFF,blue,1
CASSGPGVNTEAFF,blue,1
CASSPGANTEVFF,blue,1
CASSPTVNTEAFF,blue,1
CASSSGVGHEAFF,blue,1
CASSSGVGTEVFF,red,1
CASSPGVGTEAFF,blue,1
CASSPGVNTEAFF,blue,1
CASSPRVNTEAFF,blue,1
CASSKRSQEPQHF,red,1
CASSTRSQETQYF,red,1
CASSFRSQETQYF,red,1
CASSMRSQETQYF,red,1
CASSSGTSQETQYF,red,1
CASSGRSQETQYF,red,1
CASSYRSQETQYF,red,1
CASSGTPQETQYF,blue,1
CASSYHSQETQYF,red,1
CASSKRSQETQYF,red,1
CASSTRHQETQYF,blue,1
CASSIRSQETQYF,red,1
CASSPRTGNTGELFF,blue,1
CASSPGWGSYEQYF,red,1
CASSPGAGDTEAFF,blue,1
CASSPGTGSYEQYF,blue,1
CASCPGWGSYEQYF,red,1
CASSPGTGDTEVFF,blue,1
CASSPRTGDTETQYF,blue,1
CASSPGTGDLETQYF,blue,1
CASSPRTGDTGELFF,blue,1
CASSPGWGSHEQYF,red,1
CASSPGTLSTEAFF,blue,1
CASSPLTGDTGELFF,blue,1
CASSAGTGDTEVFF,blue,1
CASSPGTGSTEAFF,blue,1
CAISPGGGSYEQYF,blue,1
CASSSGTSGGAGETQYF,blue,1
CASSSYGLTSGGAPEETQYF,blue,1
CASSTLTSGGARDEQFF,red,1
CASSLSLTSGGAGTDTQYF,blue,1
CASSLTSGGANEQFF,blue,1
CASSLTSGGQGEQFF,blue,1
CASSPLTSGGAEETQYF,blue,1
CASSPLTSGGARDTQYF,blue,1
CASSSLTSGGARYTQYF,blue,1
CASSLSSGGQGEQYF,blue,1
CASSQTSGGAREQFF,blue,1
CSASSLTSGGAPEQYF,blue,1
CASSLGTGGGYTF,red,1
CASSLGTGYGYTF,blue,1
CASSDGTGYGYTF,blue,1
CASSPSLGTGGGLQFF,blue,1
CASSLGTGHGYTF,blue,1
CASSLTTGYGYTF,blue,1
CASSLGTANGYTF,blue,1
CASSLGSGYGYTF,blue,1
CASSLGGGYGYTF,blue,1
CASSLGTGNGYTF,blue,1
CASSLTTSYGYTF,blue,1
CASSSHGGGYGYTF,blue,1
CASSFYMGYEQYF,red,1
CASSYGKGGELFF,blue,1
CASSFGQGGEQYF,blue,1
CASSFYQGYEQYF,blue,1
CASSRGQGNEAFF,blue,1
CASSFGQGYEQFF,blue,1
CASSYGQAGEQYF,blue,1
CASSFGQGTEAFF,blue,1
CASSFGQNTEAFF,blue,1
CASSYGQGGEQYF,blue,1
CASSFGQGNEQYF,blue,1
CASSFMQGTEAFF,blue,1
CASSPTHSNQPQHF,blue,1
CASSPRQSNQPQHF,blue,1
CASSIHSNQPQHF,blue,1
CSASSTHSNQPQHF,red,1
CASSETHSNQPQHF,blue,1
CASSRSSNQPQHF,blue,1
CASSPFQSNQPQHF,blue,1
CASSIHKNQPQHF,blue,1
CSASRQSNQPQHF,blue,1
CASSSRHSNQPQHF,blue,1
CASSRQSNQPQHF,blue,1
CASSYHSNQPQHF,blue,1
CASSGQSNQPQHF,blue,1
CASSSGQSNQPQHF,blue,1
CASSSGYSGDTQYF,blue,1
CASSIYSTDTQYF,red,1
CASSIYSKETQYF,red,1
CASSMYSTDTQYF,red,1
CASSTYSQDTQYF,red,1
CASSTWSTDTQYF,red,1
CASSTYSTDTQYF,red,1
CASSIYSKDTQYF,red,1
CASSTYSRDTQYF,red,1
CASSGYSVDTQYF,red,1
CASSTYSIDTQYF,red,1
CASSIYSGDTQYF,red,1
CASSFYFTRAPYNEQFF,red,1
CASSFYFTGTPYNEQFF,red,1
CASSFYITGAPYNEQFF,red,1
CASSLYFTGAPYNEQFF,red,1
CASSFYFTGAPHNEQFF,red,1
CASSFYFTGALYNEQFF,red,1
CASSFYFAGAPYNEQFF,red,1
CANSFYFTGAPYNEQFF,red,1
CASSFYFTGAPYNEQFF,red,1
CASSFYFTGAPYNEQIF,red,1
CASSFYFTGAPYDEQFF,red,1
CTSSFYFTGAPYNEQFF,red,1
CASSFYFTGAPYYEQFF,red,1
CASRFYFTGAPYNEQFF,red,1
CASNFYFTGAPYNEQFF,red,1
CASSFYFTGAPYNDQFF,red,1
CASSGRSSGELFF,blue,1
CASSMRSSGELFF,blue,1
CASSGRSSGTQYF,blue,1
CASSPRSDGELFF,blue,1
CASSMRSSGEQYF,blue,1
CASSHGRSSGEAFF,red,1
CASSIRSSGELFF,blue,1
CASSIRSSGEQFF,blue,1
CTSSMRSSGTQYF,blue,1
CASSMRSSGTQYF,blue,1
CASSGRSDGELFF,blue,1
CASSTRSSGELFF,blue,1
CASSRLAGGFDEQFF,blue,1
CASSRLAGGMDEQFF,red,1
CASSGLAGGMDEQFF,blue,1
CSARSGLAGGGDTQYF,blue,1
CASSRLAGNTDTQYF,blue,1
CASSRLAGGMDEQYF,blue,1
CAISRLAGGMDEQYF,blue,1
CASSLGLAGGGDTQYF,blue,1
CASSRLAGGTDTQYF,blue,1
CASSRLAANTDTQYF,blue,1
CASSRLAGGTDEQFF,blue,1
CASSEDKGGGDTQYF,red,1
CASSVDKGGADEQFF,red,1
CASSEDKGGADTQYF,red,1
CASSVDKGGTDEQFF,red,1
CASSVDKGGADTQYF,red,1
CTSSEDKGGGDTQYF,red,1
CASSVDKGGTDAQYF,red,1
CASSVDKGGPDTQYF,red,1
CASSVDKGGTDTQYF,red,1
CVSSVDKGGTDTQYF,red,1
CASSVDKGGVDEQFF,red,1
CASGPGGAETQYF,blue,1
CASSDGGAETLYF,blue,1
CASSLIFEETQYF,blue,1
CASSLGGEETQYF,blue,1
CASSSSGREETQYF,blue,1
CASSSLGGAETQYF,blue,1
CASSLIGEETQYF,red,1
CASSYLGGAETQYF,blue,1
CASSLGREETQYF,red,1
CASSPGGAETQYF,blue,1
CASSIFGGAETQYF,blue,1
CASSLGGAETQYF,blue,1
CASSFGGAETQYF,blue,1
CASSLGAEETQYF,blue,1
CASSLAGVTEAFF,blue,1
CASSLYGANEQFF,blue,1
CASSQAGAYEQYF,blue,1
CASSLAGPNEQFF,red,1
CASSLAGAKEAFF,blue,1
CASSLAGAYEQYF,blue,1
CASSLAGANEQFF,blue,1
CASSLAGAYEQFF,blue,1
CASSLAGVNEQFF,blue,1
CASSFGGVNEQFF,blue,1
CASSFAGVNEQYF,blue,1
CASSLLGQYNEQFF,blue,1
CASSLAFSYNEQFF,blue,1
CSVGLAGSYNEQFF,blue,1
CASSLLGSYNEQFF,blue,1
CASSVAGSYNEQFF,blue,1
CASSLAGSYNEQFF,blue,1
CASSLLGQYNSPLHF,red,1
CASSVVGSYNEQFF,blue,1
CASSLANSYNEQFF,blue,1
CASSLLGQCNEQFF,blue,1
CASSLVGSYNEQFF,blue,1
CASSSGTGAPEQYF,blue,1
CASSSGTGVTEAFF,blue,1
CASSQGTGVTEAFF,blue,1
CASSSGTGAYEQYF,blue,1
CASSQGTGQGETQYF,blue,1
CASSGTGAGEQYF,blue,1
CASSQGTGAGETQYF,blue,1
CASSGTGAYEQYF,blue,1
CASSSGTGVVEQYF,red,1
CATSSGTGAYEQYF,blue,1
CAISSGTGATEAFF,blue,1
CASSLGTGAYEQYF,blue,1
CASSLGRGAYEQYF,blue,1
CASSLMTGAYEQYF,blue,1
CASSHGTGAYEQYF,blue,1
CASSIGWGAYEQYF,blue,1
CAWSVGTGAYEQYF,blue,1
CASSLGGGAYEQYF,red,1
CASSFGTGAYEQYF,blue,1
CASSAGTGAYEQYF,blue,1
CASSLGGHAYEQYF,blue,1
CASSLGRGIYEQYF,blue,1
CASSLSRGAYEQYF,blue,1
CASSLGTGATEAFF,blue,1
CASSLGWGAYEQYF,blue,1
CASSLGTNSYEQYF,red,1
CASSLGTGSYEQYF,blue,1
CAWSVTGGSYEQYF,blue,1
CASSATGGSYEQYF,blue,1
CASSLTGGSYEQYF,blue,1
CASSLTGENYEQYF,blue,1
CASSLTGESYEQYF,blue,1
CASSLGTESYEQYF,blue,1
CASSLRTGSYEQYF,blue,1
CASSLGGGSYEQYF,blue,1
CASATGGLYEQYF,blue,1
CASSIRSSYGQYF,red,1
CASSYRSSYEQYF,red,1
CASSTVSSYEQYF,red,1
CASSIRSSYEYF,red,1
CASSMRSSYEQYF,red,1
CASSFRSSYEQYF,red,1
CTSSIRSSYEQYF,red,1
CASSGASSYEQYF,blue,1
CASSGRSSYEQYF,red,1
CASSIRSSYEAFF,red,1
CASSYRDSYEQYF,blue,1
CSSSIRSSYEQYF,red,1
CASSIRSSYKQYF,red,1
CASSIRSSYEQFF,red,1
CASSTRSSYEQYF,red,1
CASSIRSSYEQYF,red,1
CASSGMSSYEQYF,blue,1
CASSLGGHGQPQHF,blue,1
CASSDGGLGQPQHF,blue,1
CSASETGVGQPQHF,blue,1
CASSLRGLGQPQHF,blue,1
CASSLGGLGQPQHF,blue,1
CASSETGVGQPQHF,blue,1
CASSLTGVGQPQHF,blue,1
CSASLTGVGQPQHF,blue,1
CASSLTGLGQPQHF,blue,1
CSAETGVGQPQHF,blue,1
CASSLGVLGQPQHF,blue,1
CASSLGGIGQPQHF,blue,1
CAISEVGVGQPQHF,red,1
CTSSSVNEQFF,red,1
CASSSVNEQLF,red,1
CASSSVNEQYF,red,1
CASSSVNGQFF,red,1
CVSSSVNEQFF,red,1
CASSSVNGAFF,red,1
CASSSVNEQFF,red,1
CANSSVNEQFF,red,1
CASSSVGEQFF,blue,1
CASSSVNKQFF,red,1
CASSSSVNEQFF,blue,1
CASSSESYNEQFF,blue,1
CASSSGVYYGYTF,blue,1
CASSSGSNNEQFF,blue,1
CASSSGSYNEQFF,blue,1
CASSSYSYNEQFF,blue,1
CASSSGSYYEQYF,blue,1
CASSSGPNYEQYF,red,1
CASSSGSFYEQYF,blue,1
CASSSGSYYGYTF,red,1
CASSSGSNYEQYF,blue,1
CASSLGSFYEQYF,blue,1
CASSLGSTEAFF,blue,1
CASSLGQTEAFF,blue,1
CASRLGQGEAFF,blue,1
CASSLGDTEAFF,blue,1
CASSAGDTEAFF,blue,1
CASSLFQTEAFF,blue,1
CASSLGSAEAFF,blue,1
CASSFRQGEAFF,red,1
CASSLGSSEAFF,blue,1
CASSLGQGEAFF,blue,1
CASSLRQGEAFF,blue,1
CASSKQASGGDEQYF,red,1
CASSHRASGGDTQYF,red,1
CASSHRASGGDTPHF,red,1
CTSSHRASGGDTQYF,red,1
CASSHMASGGDTQYF,red,1
CASSEKASGVDEQFF,red,1
CASSPMASGGDEQFF,red,1
CASSKRASGGDTQYF,red,1
CASSEKASGGDTQYF,red,1
CASSHKASGGDKQYF,red,1
CASSHRASGGATPYF,red,1
CASSARASGGDEQFF,red,1
CASSGRSNTEAFF,blue,1
CASSIRSNTEAFF,blue,1
CASSIRSNGEQFF,blue,1
CASSTRQNAEAFF,red,1
CASSNTRSNTEAFF,blue,1
CASSIRSTTEAFF,blue,1
CASSIRSNNEQFF,blue,1
CASSRQSNTEAFF,blue,1
CASSTRQNTEAFF,red,1
CASSIGSNTEAFF,blue,1
CASSTFSNTEAFF,blue,1
CASSSRGSNTEVFF,blue,1
CASSTRSNTEAFF,blue,1
CASSIRSTKTQYF,red,1
CASSFRSGETQYF,red,1
CANSFRSGETQYF,red,1
CASSNRSGETQYF,red,1
CASSTRSGETQYF,red,1
CASSMRSGETQYF,red,1
CACSGRSGETQYF,red,1
CASSGTSGETQYF,blue,1
CASSGRSGETQYF,red,1
CASSIRSTEGAFF,red,1
CASSIRSGETQYF,red,1
CASSIRSEETQYF,red,1
CASSIRSTETQYF,red,1
CASSIRSTEKLFF,red,1
CASSIGTGEQFF,blue,1
CASSIGTGTQYF,blue,1
CASSIGVGEAFF,blue,1
CASSYRTGELFF,blue,1
CAGSIGTGELFF,blue,1
CASSIGTGEAFF,blue,1
CASSFGTGEAFF,red,1
CASSIGTGELFF,blue,1
CASSQGTGTQYF,blue,1
CASSIGIGEAFF,blue,1
CASSYGTGELFF,blue,1
CASSFREAYEQYF,blue,1
CASSVRAAYEQYF,red,1
CASSIRAAYEQYF,red,1
CASSFRAAYEQYF,red,1
CASSMRAAYEQYF,red,1
CASSTRAAYEQYF,red,1
CASSTRAANEQFF,red,1
CASSTRAFYEQYF,red,1
CASSIRAAWEQYF,red,1
CASSVRAAWEQYF,red,1
CASSFDAAYEQYF,blue,1
CASSFREKYEQYF,blue,1
CASSGRAAYEQYF,red,1
CASSNRAAYEQYF,red,1
CTCSVGTGGYNYAEQFF,red,1
CAGSAGTGGYNYAEQFF,red,1
CASSAPTGGYNYAEQFF,blue,1
CTCSAGTGAYNYAEQFF,red,1
CTCSAGTGGYSYAEQFF,red,1
CTCSAGTGGYTYGEQFF,red,1
CTCSAGAGGYNYAEQFF,red,1
CASSAGTGGFNYAEQFF,red,1
CTCSAGTGDYNYAEQFF,red,1
CASSAGTGGYNYAEQFF,red,1
CTCSAGTGGYNYEEQFF,red,1
CTCSAGTGGYNYAEQFF,red,1
CTCSAGTGGFNYAEQFF,red,1
CTCSAGIGGYNYAEQFF,red,1
CTCSAGTGGYNYDEQFF,red,1
CTCCAGTGGYNYAEQFF,red,1
CTCSCGTGGFNYAEQFF,red,1
CTFFAGTGGYNYAEQFF,red,1
CASSALAGGTDTQYF,blue,1
CASSLLAGGWDEQFF,blue,1
CASSLLARGTDTQYF,blue,1
CASSLLAGGGDTQYF,blue,1
CASSLLAGGTDTQYF,blue,1
CASSLLTGGTDTQYF,red,1
CASSLNTGGTDTQYF,blue,1
CASSLLLAGGGDTQYF,blue,1
CASSQLARGTDTQYF,blue,1
CASSLIAGGGDTQYF,blue,1
CASSLLAGGMDEQFF,blue,1
CAISALAGGTDTQYF,blue,1
CASSIRSADTQYF,red,1
CASSIRSADEQFF,red,1
CASSIRSLDTQYF,red,1
CASSIRSLDIQYF,red,1
CASSIRSADEQYF,red,1
CASSMRSADTQYF,red,1
CASSIRSHDEQFF,red,1
CASSIRSVDTQYF,red,1
CASSFRSADTQYF,red,1
CASSIRSDDIQYF,red,1
CTSSMRSADTQYF,red,1
CASSTRSGTEAFF,red,1
CASSTRSGTGQYF,red,1
CASSMRSGIEQYF,red,1
CASSTRSGTEQYF,red,1
CASSIRSGFEQFF,red,1
CASSGRSGIEQYF,red,1
CASSKRSGIEQYF,red,1
CASSTRSGTEQFF,red,1
CASSTRSGIEQFF,red,1
CASSIRSGIEQFF,red,1
CASSIRSGEEQYF,red,1
CASSFRSGIEQYF,red,1
CASSIRSGIEAFF,red,1
CASSYRSTGELFF,red,1
CASSYRSTLEQFF,red,1
CASSTRSTGELFF,red,1
CASSIKSGGELFF,red,1
CASSIRSTGELFF,red,1
CASSIRSGGEQYF,red,1
CASSIRSGGEQFF,red,1
CASSFRSTGELFF,red,1
CASSGRSTGELFF,red,1
CASSMRSTGELFF,red,1
CASSTRSTGEQYF,red,1
CASSGRSTGEQYF,red,1
CASSWRSTGELFF,red,1
CASSITSTGELFF,red,1
CASSYRDTGELFF,blue,1
CASSQPPGGTQYF,red,1
CASSQSPGGEQFF,blue,1
CASNQSPGGTQYF,red,1
CASSQSPGGTQHF,red,1
CASSQSPGGTQNF,red,1
CASSQSPGGTQFF,red,1
CASSQSPGGFQFF,red,1
CASSQSPGGITYF,blue,1
CASSQSPGGFQYF,red,1
CASSQSPGGTQYF,red,1
CASSQSPGGIAFF,red,1
CASSQSPGGEQYF,red,1
CASSQSPGGMQYF,red,1
CASSQSPGGYQFF,red,1
CASSQSPGGIQYF,red,1
CASSQSPGGIPFF,red,1
CASSLHRTSNQPQYF,blue,1
CASSLVRGSNQPQYF,blue,1
CASSLLRGSNQPQYF,blue,1
CASSLARGSNQPQYF,blue,1
CASSLAGGSNQPQHF,blue,1
CASSLASGSNQPQHF,red,1
CASSLVRTSNQPQYF,blue,1
CASSLAGYSNQPQHF,blue,1
CASSLVRGSNQPQHF,blue,1
CAGSLARGSNQPQYF,blue,1
CASSLVHGSNQPQHF,blue,1
CASSHGLAGVGETQYF,blue,1
CASSALAGVNEQFF,blue,1
CAISGLAGVNEQFF,blue,1
CAISALAGVDEQFF,blue,1
CASRLAGVGEQYF,blue,1
CASSRLAGGDEQFF,blue,1
CASRLAGGGEQYF,blue,1
CASGLAGVGELFF,blue,1
CSVGLAGVNEQFF,blue,1
CASSGLAGANEQFF,blue,1
CASGLAGNNEQFF,blue,1
CASSILAGLNEQYF,red,1
CASSNLAGLNEQFF,blue,1
CASSGLAGLNEQFF,blue,1
CASSGTGYGYTF,red,1
CASSSGTGGQYEQYF,blue,1
CASSGGNYGYTF,red,1
CASSGTNYGYTF,red,1
CSSGGTYGYTF,blue,1
CASSGRNYGYTF,red,1
CASSSGTGGGYEQYF,blue,1
CASSGGAGGYTF,blue,1
CASSGTAYGYTF,red,1
CASSGTGFGYTF,blue,1
CASSGTTYGYTF,red,1
CASSSGGTGGYEQYF,blue,1
CASSQDWGGDTQYF,red,1
CASSGDWGGETLYF,blue,1
CASSDWGGDEQYF,blue,1
CASSQDRGGDTEAFF,blue,1
CASSQDRLGDTQYF,blue,1
CASSDWGGDTQYF,blue,1
CASSDWGGDTLYF,blue,1
CASSHWGGDTQYF,blue,1
CASSHWGEDTQYF,blue,1
CASSQDRGPDTQYF,blue,1
CASSQDWGGDTLYF,red,1
CASSQDWGGETQYF,blue,1
CASSLSGLGEQFF,blue,1
CASSVSGTGELFF,blue,1
CASSLSGTGKAFF,blue,1
CASSLSGTGELFF,blue,1
CASSLSAGTEAFF,blue,1
CASSLSGGGEQFF,blue,1
CASSLSGQGKFF,blue,1
CASSPLSGGAEQYF,blue,1
CASSWGFGTEAFF,blue,1
CAWSLSGGGEAFF,blue,1
CASSLSGGTEAFF,blue,1
CASSLSFGTEAFF,blue,1
CASSWSFGTEAFF,red,1
CASSPLSGGTEAFF,blue,1
CASSLSGNIQYF,blue,1
CASSLSGNEQYF,blue,1
CASSLSWNEQFF,blue,1
CASSLSGYEQYF,red,1
CASSLSGYEAFF,blue,1
CASSLSGTEQFF,blue,1
CASSLSGNEQFF,blue,1
CASSISGTEQFF,blue,1
CASSLSGFEQYF,red,1
CASSLSTNEQFF,blue,1
CASSLSTSEQFF,blue,1
CASSLSYNEQFF,blue,1
CASSLLNQPQHF,blue,1
CASISSNQPQHF,red,1
CASSPSGQPQHF,blue,1
CASSLSNQPQHF,blue,1
CASSLSRQPQHF,blue,1
CASSSSNQPQHF,blue,1
CASSLDNQPQHF,blue,1
CASSVSNQPQHF,blue,1
CASSLQGQPQHF,blue,1
CASSLSGQPQHF,blue,1
CASSSNQPQHF,blue,1
CAWGGTSSAETLYF,red,1
CACGGTDSAETLYF,red,1
CASGGRDSAETLYF,red,1
CASGGGDSAETLYF,red,1
CASTGTDSAETLYF,red,1
CASRGTDSAETLYF,red,1
CARRGTDSAETQYF,red,1
CASGGDSSAETLYF,red,1
CASGGGDAAETLYF,red,1
CASGGTDSAETLYF,red,1
CTCGGGDSAETLYF,red,1
CASRGTDSAETQYF,red,1
