source,target,weight,distance
CASSLDSSGGNEQYF,CASSLDSSSGNTIYF,0.118,1
CASSLDSSGGNEQYF,CASIDSSGNTLYF,0.124,3
CASSLDSSGGNEQYF,CASSLVSSGANVLTF,0.151,2
CASSDSGEAGELFF,CASSSQGAAGELFF,0.147,3
CASSLELAAWETQYF,CASSVELAGTYEQYF,0.227,4
CASSSRHEGEDTEAFF,CASSRDLGRDTQYF,0.186,3
CASSLIGVSSYNEQFF,CASSITLSSYNEQFF,0.116,3
CASSLIGVSSYNEQFF,CASSLAVLSSYNEQFF,0.158,3
CASSVATSGGSQQFF,CASSQAGQGNSPLHF,0.18,4
CASSLKIGEQFF,CASSLVGGEQYF,0.127,2
CASSLKIGEQFF,CASSARTGELFF,0.13,4
CASSPVTGGIYGYTF,CASSPSTGTIYGYTF,0.103,2
CASSPVTGGIYGYTF,CASSYPGGGFYEQYF,0.183,4
CASSWGQGSNYGYTF,CSANDRTSGSNYNEQFF,0.174,4
CASSWGQGSNYGYTF,CASNGQGDTEAFF,0.176,4
CASSWGQGSNYGYTF,CASSFGQSSTYGYTF,0.178,3
CASSWGQGSNYGYTF,CASSLGQGLLYGYTF,0.226,3
CASSQVLVGETQYF,CASSLGALGETQYF,0.177,4
CASSQVLVGETQYF,CASSVLAGDTQYF,0.18,3
CASSQVLVGETQYF,CASSQTQLWETQYF,0.217,4
CASSWVPPGQGRTGELFF,CASSPAGQGGYEQYF,0.228,4
CASSQGPQVRGADTQYF,CASGGQGRAEQFF,0.323,5
CASSDDRGPYEQYF,CASSYDRGPREGYTF,0.173,2
CASSDDRGPYEQYF,CASAQIGPYEQYF,0.173,3
CASRIWDGGASTDTQYF,CSVGGSGGADTQYF,0.19,4
CASRIWDGGASTDTQYF,CASSYWDRTTSGNTIYF,0.195,5
CASRIWDGGASTDTQYF,CASSIGQGKSSYEQYF,0.261,5
CASRIWDGGASTDTQYF,CTCSAAPDWGASAETLYF,0.288,4
CASSDAGGRNTLYF,CASSQEGGGETQYF,0.173,4
CASSDAGGRNTLYF,CASSPGGGMNTEAFF,0.181,3
CASSDAGGRNTLYF,CASSLVGGRHGYTF,0.199,4
CASSAGLDAEQYF,CASSLGIDAIYF,0.141,3
CASSAGLDAEQYF,CASSQGQDTEAFF,0.173,3
CASSSRTGDQETQYF,CASSIFGQREQYF,0.216,4
CASSDLNSPLHF,CASSDGGSPQFF,0.164,3
CASSGTHNEQFF,CASSIGQYEQYF,0.144,4
CASSGTHNEQFF,CASSRANYEQYF,0.196,4
CASSGTHNEQFF,CASSRGHPLQFF,0.215,4
CASSQWGGQPQHF,CASSLYGGQPQHF,0.109,2
CASSDGDYEQYF,CASSQGSYEQYF,0.06,2
CASSQARDRGNGYTF,CASSVRSTGELFF,0.192,5
CASSPGTFRYTF,CASSSGIYGYTF,0.152,4
CASSLSRASGNTLYF,CASSSRASYEQYF,0.154,3
CASSLSRASGNTLYF,CASSLSWGPGNTIYF,0.207,3
CTCSAGLGYEQYF,CASTLAGVGYEQFF,0.175,3
CASSLGAANYNEQFF,CASSLGQTNYGYTF,0.162,3
CASSLGAANYNEQFF,CASSLGALGETQYF,0.162,4
CASSLGAANYNEQFF,CASSVELAGTYEQYF,0.235,6
CASSPTDRGNTGELFF,CASSPGDRGKTNEQFF,0.098,3
CASSPTDRGNTGELFF,CASSPYPRGGTGELFF,0.127,3
CASSPTDRGNTGELFF,CASSFDRGTGNTIYF,0.178,5
CASSPTDRGNTGELFF,CASSFGQRDRGYWRNTEAFF,0.216,5
CASSPHPGTSGGASYNEQFF,CASILGTSGREPYEQYF,0.215,4
CASSPHPGTSGGASYNEQFF,CASSLGGAGGADTQYF,0.232,4
CASSLGGNLYEQYF,CASSLPGTAYEQYF,0.131,3
CASSLVGGPSVQFF,CASSLLGGWSEAFF,0.156,3
CASSLVGGPSVQFF,CASSVAGTPSYEQYF,0.17,4
CASSLVGGPSVQFF,CASSYLNRDSALDF,0.279,6
CSAGTGSANTEAFF,CASSRTSATGELFF,0.245,5
CSAGTGSANTEAFF,CASRGLSNTGELFF,0.276,6
CASSIVRGQRETKNIQYF,CASSLEGRREGETQYF,0.274,5
CASGGQGRAEQFF,CASGGLGGDEQYF,0.182,3
CASGGQGRAEQFF,CASNGQGDTEAFF,0.226,3
CASSANPGDSSNEKLFF,CASSLGQGKSSYEQYF,0.24,5
CASSQDRDTQYF,CASSQDRHTEAFF,0.141,2
CASSQDRDTQYF,CASSLLTDTQYF,0.161,3
CASSLQVWNEQFF,CASSLGLENEQFF,0.188,3
CASSYAQGNEQFF,CASSFLQGEKLFF,0.156,4
CASSVEGQGDTEAFF,CASSLEIQGSGAFF,0.133,4
CASSVEGQGDTEAFF,CASSSHERQGQNSPLHF,0.166,4
CASSVEGQGDTEAFF,CASTQGSTDTQYF,0.209,4
CASSVEGQGDTEAFF,CSAPFPGQGDYGYTF,0.231,4
CASSLASRVGSPLHF,CASSLADRVNTEAFF,0.217,3
CSVEGLGRAVTQYF,CASSEGLGGALYGYTF,0.107,3
CASSFGQRDRGYWRNTEAFF,CASSDRDRGGNQPQHF,0.22,4
CASRQEGRPMNTEAFF,CASSPGGGMNTEAFF,0.246,4
CASSEGLWQVGDEQYF,CSASPERGTSVGTDTQYF,0.355,5
CASSIVAGAGAGELFF,CASSTILGPGANVLTF,0.224,5
CASSIVAGAGAGELFF,CASRTLAGPNTGELFF,0.229,5
CASSQGLAGEVYTGELFF,CSAEGLAGGKNTGELFF,0.2,3
CASSQGLAGEVYTGELFF,CASGAPGTPYNEQFF,0.234,5
CASSFARTRWEQYF,CASSEARRYNEQFF,0.177,4
CASSFARTRWEQYF,CASSFLGTGVEQYF,0.18,4
CASSITLGTGGVEQYF,CASSFTLGTGGVEQYF,0.016,1
CASSITLGTGGVEQYF,CASSTTPGTGTETQYF,0.174,4
CASSQDRASGEYEQYF,CASSQDLASGTYNEQFF,0.147,2
CASSQDRASGEYEQYF,CASSAGTSGEYEQYF,0.232,4
CASSHGASTDTQYF,CASTRESTDTQYF,0.165,3
CASSHGASTDTQYF,CASSIRSTDTQYF,0.182,3
CAAGTRTDTQYF,CASRGTGGGSGQPQHF,0.263,7
CASSVRSTDTQYF,CASSIRSTDTQYF,0.051,1
CASSYWDRTTSGNTIYF,CASSHWDRETSGNTIYF,0.139,2
CASSQGQDTEAFF,CASSSGQAYEQYF,0.16,3
CASSRTSATGELFF,CASSPTSGIYEQYF,0.227,4
CASSSPHRDSYSPLHF,CAISDPRDSYEQYF,0.215,3
CASSLREMGGKAEAFF,CASSPRGRGGREDTQYF,0.269,5
CASSLQRGRTDTQYF,CASSLLTGGTDTQYF,0.139,3
CASSLQRGRTDTQYF,CAISAPRGERDEQYF,0.173,4
CASSLQRGRTDTQYF,CASSHLDRGKKDYEQYF,0.191,4
CASSLGFLGPAAGNTIYF,CASSTILGPGANVLTF,0.165,4
CASKVGAGGLYEQYF,CASRVGTGNLYEQYF,0.131,3
CASRPRRDNEQFF,CASGLGGSNEQFF,0.228,5
CSARGADTQYF,CASSFGADTQYF,0.148,2
CASSFFGAQQVDGYTF,CASSFRALAADTQYF,0.345,5
CATSATGLRNQPQHF,CASSLYGAGNSPLHF,0.168,5
CATSATGLRNQPQHF,CSVGGAYEQYF,0.18,5
CATSATGLRNQPQHF,CASSNRGLGTDTQYF,0.2,5
CASTNRQEGQETQYF,CASMGRDINQPQHF,0.277,6
CASSYASNQPQHF,CASSLYSNQPQHF,0.182,2
CASSYASNQPQHF,CAISTGDSNQPQHF,0.257,3
CSARDLRLLANTGELFF,CASSLRQALRNEQFF,0.21,6
CASGLTGFMDEQYF,CASRGLQGRIDYNEQFF,0.253,4
CSVVQGAECTF,CASSLAQGGETQYF,0.196,4
CASSIGQGKSSYEQYF,CASSWGQGKSSYEQYF,0.05,1
CASSIGQGKSSYEQYF,CASSLGQGKSSYEQYF,0.066,1
CASSIVERAEAFF,CASSSIAGRGEKLFF,0.169,3
CASSQDPGSSYNEQFF,CASSSSGSSYNEQFF,0.127,3
CASSLTGPGDQPQHF,CASSLRGRGDQPQHF,0.131,2
CAISESGTGFEQYF,CASSEDGMNTEAFF,0.148,4
CAISESGTGFEQYF,CASSFLGTGVEQYF,0.183,3
CASSLYGGQPQHF,CASSLYGNQPQHF,0.037,1
CASRGLQGRIDYNEQFF,CSAVGLAGVRSYEQYF,0.259,4
CASGDFWGDTLYF,CASGQGNFDIQYF,0.202,5
CASGDFWGDTLYF,CASSRDLGRDTQYF,0.213,4
CASSSRAAYEQYF,CASSSRASYEQYF,0.083,1
CASSSRAAYEQYF,CASSSGQAYEQYF,0.106,2
CASSSRAAYEQYF,CASSPSRVLYEQYF,0.106,3
CASSSRAAYEQYF,CASSSQGAAGELFF,0.146,3
CASSIIPDMNTEAFF,CASSMIPDMNTEAFF,0.029,1
CASSIIPDMNTEAFF,CASSNIPDMNTEAFF,0.044,1
CASSIIPDMNTEAFF,CASSVIPDMNTEAFF,0.057,1
CASSIIPDMNTEAFF,CASSFRDSGNTLYF,0.216,5
CASSLNGRADTQYF,CASSPPGREDTEAFF,0.177,3
CASSLNGRADTQYF,CASSLRGRGDQPQHF,0.205,3
CASSLNGRADTQYF,CASSFIGGTDTQYF,0.206,4
CASSLNGRADTQYF,CASSQWGRPQETQYF,0.253,5
CASSESGAGELFF,CASSFQGFTEAFF,0.174,4
CASSSAYYGYTF,CASSSANYGYTF,0.032,1
CASSSAYYGYTF,CASSSAFYGYTF,0.038,1
CASLEGYAAGELFF,CASSLEGRREGETQYF,0.18,3
CASLEGYAAGELFF,CASSVEGGGAKETQYF,0.212,4
CASSPHQEVTEAFF,CASSQQETYEQYF,0.189,4
CASSLGFGRDVMRF,CASSLGEGRVDGYTF,0.203,3
CASSTGQGEGLYSNQPQHF,CASSQGFGANVLTF,0.328,5
CAGRGRPNEKLFF,CSVGTGGTNEKLFF,0.167,3
CAGRGRPNEKLFF,CASRRTGVVEKLFF,0.247,5
CAGRGRPNEKLFF,CSAKRNRAYHYGYTF,0.314,6
CWSFAGSYYVF,CASSYSIRGSRGEQFF,0.218,5
CASSLAQQGLAEAFF,CASSLVSSGANVLTF,0.217,5
CASLAGVRTDTQYF,CASSVAIWRGSYNEQFF,0.234,6
CASSEDGMNTEAFF,CASSMSAMGTEAFF,0.188,4
CASSVAPGSEGEAFF,CASSVAPGSDTQYF,0.131,2
CASSVAPGSEGEAFF,CASSFDPGSYGYTF,0.193,3
CASTSRAGFNEQFF,CAIDRVGTGELFF,0.164,5
CASTSRAGFNEQFF,CASGSGLAGNEQFF,0.229,5
CASTSRAGFNEQFF,CASSARSTGGFGANVLTF,0.237,5
CASTSRAGFNEQFF,CSILGSNAGPQETQYF,0.249,4
CASSNYPGGARTDTQYF,CASSPYPRGGTGELFF,0.25,5
CASSNYPGGARTDTQYF,CASSIYPGQLYNSPLHF,0.253,5
CASSLVLSSPTYEQYF,CASSVAVSAGTYEQYF,0.259,5
CASSLGQTNYGYTF,CASSLRDGYTGELFF,0.16,5
CASSLGQAYEQYF,CASSSGQAYEQYF,0.071,1
CASSLGQAYEQYF,CASSQAGQAGELFF,0.124,3
CASSLGQAYEQYF,CASSLGLENEQFF,0.147,3
CASSQAGQAGELFF,CASSQLEQGGETQYF,0.172,3
CASSLYGSVQNEQFF,CASSLYGSSYNEQFF,0.181,2
CASSLYGSVQNEQFF,CASSLNWSQDTQYF,0.222,5
CASSFIGGTDTQYF,CSAPGGGGTSYEQYF,0.221,5
CASSDSRANTGELFF,CASSQDRLTGGYTF,0.14,5
CASSLESWGRAYNEQFF,CASSLGDRGRGYGYTF,0.248,4
CASSFLQGEKLFF,CASSFRQGEAFF,0.152,2
CASSMGANEQFF,CASSIGQYEQYF,0.124,3
CASSMGANEQFF,CSVGGAYEQYF,0.187,3
CASSMGANEQFF,CASSFGVNSDYTF,0.19,4
CAWVPGTGGRAAFF,CASGGGGTLYF,0.179,5
CAWVPGTGGRAAFF,CASSVDPTGGGRQETQYF,0.2,4
CAWVPGTGGRAAFF,CAISEYPPTGRKADTQYF,0.249,4
CASPGLAGEYEQYF,CASRPGLAGGRPEQYF,0.225,3
CASSLSASGGATDTQYF,CASGDASGGNTLYF,0.181,3
CASSLSASGGATDTQYF,CASSFTWTSGGATDTQYF,0.248,3
CASTPRGRGLVYGYTF,CASSRGTGEGYEQYF,0.219,4
CASTPRGRGLVYGYTF,CASSPRGRGGREDTQYF,0.23,3
CASSYSTGTHLEQYF,CASSYSGTNQPQHF,0.18,5
CASSQEGTGSYEQYF,CASSQEGGGETQYF,0.18,3
CASSQEGTGSYEQYF,CASSVAGTPSYEQYF,0.197,3
CASSRGTGEGYEQYF,CASTGAGEGPFF,0.203,3
CASSRGTGEGYEQYF,CASSSGGWGGGTEAFF,0.213,4
CASSFGQGSSPLHF,CASSLGQGNSPLHF,0.187,2
CASSPSRNTEAFF,CASSPHRNTEAFF,0.081,1
CASSPSRNTEAFF,CASSPDRGYEQFF,0.102,3
CASSPSRNTEAFF,CASSPSREGYTF,0.131,3
CASSPSRNTEAFF,CASSQDRHTEAFF,0.142,3
CASSPSRNTEAFF,CASSLSFGTEAFF,0.147,3
CASSPDIEQYF,CASSSSYEQYF,0.129,3
CASSPDIEQYF,CASSPEETQYF,0.211,3
CASSWSFGTEAFF,CASSLSFGTEAFF,0.066,1
CSGGQDYNEQFF,CSAGGWDRVNQPQHF,0.247,4
CSGGQDYNEQFF,CSARDRYNEQFF,0.271,4
CASSWSASYEQYF,CASSFHISYEQYF,0.165,3
CSANDRTSGSNYNEQFF,CASSPTSGSVYEQFF,0.193,3
CASSHGAAAGETEAFF,CASSQAALAGFGYEQYF,0.24,5
CASSHGAAAGETEAFF,CSARGEAITEKLFF,0.273,5
CASSLSRGWTEAFF,CASSWDRGTGEQYF,0.19,4
CASSQDRLTGGYTF,CASSQDLFTGGYTF,0.156,2
CASSQDRLTGGYTF,CASSSHDRDGGYSPLHF,0.178,4
CASTGSYGYTF,CASSTGSYGYTF,0.081,1
CASSSPPSGGGYEQFF,CASSPSREGYTF,0.166,3
CASSSPPSGGGYEQFF,CASSVDSGLGYGYTF,0.184,3
CASSSPPSGGGYEQFF,CSATPSGYGYTF,0.215,3
CASSLDLYGYTF,CASSPSDYGYTF,0.149,3
CASSYQGGNYGYTF,CASSYPGGGFYEQYF,0.165,4
CASSDRLENNEKLFF,CASSDRGMNTEAFF,0.153,3
CASSDRLENNEKLFF,CASSDRDVTGELFF,0.193,4
CASSYGLEANTEAFF,CASSWGLEVNTEAFF,0.09,2
CASSYGLEANTEAFF,CASSIGPALNTEAFF,0.185,4
CASSLGTGGGYTF,CASSLYRGIGLFF,0.124,3
CASSLGTGGGYTF,CASSLTGGGELFF,0.132,3
CASSLGTGGGYTF,CASSLGREYGYTF,0.154,3
CASSLASPGHFTGELFF,CASSLDPGDTGELFF,0.261,6
CASSLLGVSYYNEQFF,CASSLAGTSGYTYEQYF,0.163,4
CASSYLGNTGELFF,CASSYVGNTGELFF,0.021,1
CASSYLGNTGELFF,CASSLAGFTGELFF,0.166,3
CASSYLGNTGELFF,CASSFLGTGVEQYF,0.179,4
CASSPGGVYGYTF,CASSQVGTVYGYTF,0.132,3
CASSPGGVYGYTF,CASSPTGVGEQFF,0.154,3
CASSQGSYEQYF,CASSYGSYEQYF,0.105,1
CASSQGSYEQYF,CASSPGSTEAFF,0.145,3
CASGLGGSNEQFF,CAISGQGASYEQYF,0.155,3
CASSLQGASGYTF,CASSLYGADTQYF,0.178,3
CASSLQGASGYTF,CASSPPGLPGYTF,0.192,4
CASAPRRDRGTDTQYF,CASSRRTSGGTDTQYF,0.201,4
CASSEGSLGGGLETQYF,CASVQGGSGGRGSYEQYF,0.259,4
CASSQERGDNTKNTQYF,CASSATGSNTGELFF,0.233,5
CASSGRGSYNEQFF,CASSYRGSGNTIYF,0.135,3
CASSGRGSYNEQFF,CASSRTGSTYEQYF,0.14,4
CASSGRGSYNEQFF,CASSTIGPYGELFF,0.176,4
CATSDSAGYNEQFF,CASSSANYGYTF,0.164,4
CASSSTGLPYGYTF,CASSFGVSYEQYF,0.179,4
CASRTLAGPNTGELFF,CASTREGLNTGELFF,0.204,3
CASRTLAGPNTGELFF,CSAEGLAGGKNTGELFF,0.209,5
CASRTLAGPNTGELFF,CASTLAGVGYEQFF,0.213,4
CASRTLAGPNTGELFF,CASSFLFRDGTYEQYF,0.267,6
CASSDALQETQYF,CASSQALPYEQYF,0.199,4
CASSDALQETQYF,CASSPDYDQETQYF,0.207,3
CASSHRTGGETQYF,CASSPREGGETQYF,0.108,2
CASSHRTGGETQYF,CASSQEGGGETQYF,0.134,3
CASSHRTGGETQYF,CASSARGGGNNEQFF,0.164,4
CASSHRTGGETQYF,CASKRNTGELFF,0.19,4
CSARDRQASSYNEQFF,CASSITLSSYNEQFF,0.205,4
CASGRIAGELFF,CASKRNTGELFF,0.164,3
CASGRIAGELFF,CASRPGWMAGGVELYF,0.286,5
CASSLYPGANTEAFF,CSARDLTSGANNEQFF,0.163,4
CASSLYPGANTEAFF,CASSLFAGAETQYF,0.166,3
CASSLYPGANTEAFF,CASSIGPALNTEAFF,0.216,4
CASSFLGTGVEQYF,CASSFQGIRVEAFF,0.126,3
CASSFLGTGVEQYF,CASSPGTGVEQYF,0.184,2
CAISVSGTRVYNEQFF,CASNPSAGTLYNEQFF,0.219,5
CASSFFGNQPQHF,CASSLYGNQPQHF,0.107,2
CASSFFGNQPQHF,CASSLKAGNQPQHF,0.201,3
CASSLSFGTEAFF,CASSQDFGRTQYF,0.172,4
CASSVAIWRGSYNEQFF,CASSQDFAGGSYEQYF,0.272,5
CASSFRFTDTQYF,CASSIRSTDTQYF,0.127,2
CASSFRFTDTQYF,CATSDLRRTDTQYF,0.154,3
CASSFRFTDTQYF,CASSFRGGKTQYF,0.177,3
CASSHERDRDTGELFF,CASREGDINTGELFF,0.282,4
CATGTGDSNQPQHF,CAISTGDSNQPQHF,0.123,1
CATGTGDSNQPQHF,CASSTGDSNQPQHF,0.123,1
CATGTGDSNQPQHF,CASMGRDINQPQHF,0.268,4
CASGTGDSNQPQHF,CAISTGDSNQPQHF,0.123,1
CASSFGREQYF,CASSMGGEQYF,0.068,2
CASSFGREQYF,CASSLGRGQFF,0.143,2
CASSFGREQYF,CASSVRYEQYF,0.149,3
CASSFGREQYF,CASSGSSGGRTDTQYF,0.188,4
CSVEEGVLYEQYF,CSAREGVNTEAFF,0.215,4
CASSPGGGMNTEAFF,CASSIVGGMNTEAFF,0.156,2
CASSPGGGMNTEAFF,CASSQGVGENTEAFF,0.176,3
CASSPGGGMNTEAFF,CASSPYGGPGNTIYF,0.215,4
CASSLNPGRSDSPLHF,CASSLGHGRSSYEQYF,0.272,4
CASTQSPLAGNEQYF,CASSLDSQSSGNTIYF,0.303,5
CASSAETQYF,CASSQETQYF,0.064,1
CASSAETQYF,CASSYNEQFF,0.228,4
CASSRLAGGMDEQFF,CASSGLAGGMDEQFF,0.046,1
CASSRLAGGMDEQFF,CASSELAGGGDTQYF,0.135,2
CASSRLAGGMDEQFF,CASSPREAGGISGYTF,0.193,4
CASSTDLATGAYEQYF,CASSIDLAGGSYEQYF,0.146,3
CASSFSPTAQGLEQYF,CASSSPGASTYEQYF,0.319,5
CASSPGQGVYEQYF,CASSPTSGIYEQYF,0.129,3
CASSGVGSGRPNSYNEQFF,CASVQGGSGGRGSYEQYF,0.234,4
CASSPGGELFF,CASSYTGELFF,0.123,2
CASSPGGELFF,CASSDPGTEAFF,0.178,4
CASSPGGELFF,CASDSNTEAFF,0.185,5
CASSPGGELFF,CASSQPSQGGRLEQYF,0.242,4
CASSLVGTGELFF,CASSLTGGGELFF,0.093,2
CASSLVGTGELFF,CASSSIAGRGEKLFF,0.132,3
CASSLVGTGELFF,CASSLVGATAFF,0.158,3
CASSLGREYGYTF,CASSLGREETQYF,0.091,2
CASSKGSVAPGELFF,CASSEGQVSPGELFF,0.191,3
CASSKGSVAPGELFF,CASSKGLAVDYTQYF,0.243,5
CASSYPGGGFYEQYF,CASSYSGTGDYGYTF,0.181,3
CASSYPGGGFYEQYF,CASSYQTGAAYGYTF,0.203,4
CASSYWQGELFF,CASSFRQGEAFF,0.135,3
CASSLYGSSYNEQFF,CASSYRSSYEQYF,0.145,3
CASSLYGSSYNEQFF,CASSITLSSYNEQFF,0.17,3
CASSLYGSSYNEQFF,CASSPGYGSSGNTIYF,0.177,3
CASSLEREGRGEQFF,CSASLERMNTGELFF,0.126,3
CASSLGTGELFF,CASSARTGELFF,0.065,2
CASSLGTGELFF,CASSFGTGEAFF,0.085,2
CASSLGTGELFF,CASSLGHTEVFF,0.137,3
CASSLGTGELFF,CASSHQTGELFF,0.163,2
CASSLGTGELFF,CASSPGTGVEQYF,0.185,3
CASSPLRGVYYNEQFF,CASSLEGGYYNEQFF,0.188,3
CASSPGLTYPGELFF,CASSQGLAGAGELFF,0.24,4
CASSLGGDIQYF,CASSSLTGSGQPQHF,0.109,3
CASSLGGDIQYF,CASSLLTDTQYF,0.136,3
CASSLGGDIQYF,CASSFGADTQYF,0.159,3
CASSLIRTWDEQYF,CASSLLGGWSEAFF,0.185,4
CASSLGGTGWTEAFF,CASSARGGGNNEQFF,0.174,5
CASSLGGTGWTEAFF,CASSPLTGTGVYGYTF,0.191,4
CASSYNIAGELFF,CASSFNMATGQYF,0.173,4
CASSYNIAGELFF,CASSPTGVGEQFF,0.202,4
CASSTWSQNTGELFF,CASTNSGNTIYF,0.19,3
CASSLGQGKSSYEQYF,CASSLGHGRSSYEQYF,0.069,2
CAWSVSVGAGVPTIYF,CASSVGGISPLHF,0.272,4
CASSPTLVTSGNTIYF,CASSQNSVGSYNEQFF,0.225,5
CASSLEGQGASEQFF,CASSDGIGQGASGYTF,0.172,3
CASSLEGQGASEQFF,CASSQAGQGNSPLHF,0.174,3
CASSLEGQGASEQFF,CAISEEGQGRDEQFF,0.174,3
CASSLEGQGASEQFF,CASSLYGAGNSPLHF,0.193,3
CASSLEGQGASEQFF,CASSSHDRQGASSPLHF,0.197,3
CASSIDLTSGVYNEQFF,CASSIDLASGTTYEQYF,0.162,3
CASSFQGYTEAFF,CASSFQGFTEAFF,0.04,1
CASSEETGNQPQHF,CASSLKAGNQPQHF,0.19,3
CASSEETGNQPQHF,CAISEVGVGQPQHF,0.218,4
CASSFLATNEKLFF,CASSIVAGGYNEQFF,0.204,6
CASSPPGPTGRGWYDTF,CASSPPGRGNTGELFF,0.209,4
CATSRDRGWSNQPQHF,CASSHRDRGISGANVLTF,0.149,3
CASSSIPDFNTEAFF,CASSVIPDMNTEAFF,0.104,2
CASSFQGFTEAFF,CASSFLGLNEQFF,0.152,3
CASSFQGFTEAFF,CASSPTSGIYEQYF,0.18,5
CASSQIRETQYF,CASSLERETQYF,0.105,2
CASSQIRETQYF,CASSLIGNEQFF,0.2,4
CASRGQGFSYEQYF,CASRRQGTVYEQYF,0.157,3
CASRGQGFSYEQYF,CAISGQGASYEQYF,0.194,2
CASRGQGFSYEQYF,CASTAQGFSNQPQHF,0.229,4
CASSLSRLAGDYTGELFF,CASSLAGDYEQYF,0.193,2
CASGSGLAGNEQFF,CASYWGLAVNEQFF,0.254,3
CASMARTSGDNEQFF,CASSFLMTSGDPYEQYF,0.167,4
CASSLYGNQPQHF,CASSLMTNQPQHF,0.073,2
CASSLYGNQPQHF,CASSLYSNQPQHF,0.123,1
CASSLYGNQPQHF,CASSVGGAQPQHF,0.139,3
CASSLYGNQPQHF,CASSLYGADTQYF,0.168,3
CASSLYGNQPQHF,CASSLIGNEQFF,0.17,3
CASSYSGHVYEQYF,CASSIDGTAYEQYF,0.183,4
CASSPTGVGEQFF,CASSLTGGGELFF,0.125,2
CAISEVGVGQPQHF,CASSVEVGTGDNEQFF,0.255,4
CASSMGGEQYF,CASSYTGELFF,0.126,3
CSANPEGPYEQYF,CASAQIGPYEQYF,0.262,4
CSANPEGPYEQYF,CASSLRPDPPYNEQFF,0.297,5
CAISESRSRVTDTQYF,CATSDSTSGGTDTQYF,0.234,4
CASSFQTGASYGYTF,CASSYQTGASYGYTF,0.039,1
CASSFQTGASYGYTF,CASSPKTGASYGYTF,0.162,2
CASSFQTGASYGYTF,CASSIQQGADTQYF,0.191,4
CASSYQTGTGNYGYTF,CASSPQTGVGNYGYTF,0.169,2
CASSNVPDMNTEAFF,CASSMVPDMNTEAFF,0.051,1
CASSNVPDMNTEAFF,CATSTVPDYNSPLHF,0.202,3
CAWSVPLGRREKLFF,CASSLPPRNTEAFF,0.209,5
CASSHQTGELFF,CASSYQGTEAFF,0.16,4
CASSLTGGGELFF,CASSLMGNTEAFF,0.108,3
CASSLTGGGELFF,CASSLIYPGELFF,0.147,3
CASSLTGGGELFF,CASSQVRGRGEQYF,0.153,4
CASSLTGGGELFF,CASSLLTGGTDTQYF,0.201,3
CASSDAPGQLYF,CASSPASGSLFF,0.161,3
CASSDAPGQLYF,CASSLAQGQPQHF,0.185,3
CASSPRTSFETQYF,CASSQTTSVNTEAFF,0.188,4
CASSPRTSFETQYF,CASSAGTSGEYEQYF,0.19,4
CASTGGGALGTEAFF,CSASPERGTSVGTDTQYF,0.237,5
CASTGGGALGTEAFF,CASSMGTVYLNTEAFF,0.274,5
CASSLAQGGETQYF,CATSDLLAGGKTGELFF,0.183,4
CASSLAQGGETQYF,CSVVDYGYTF,0.183,5
CASSLAQGGETQYF,CASSVASGTDTQYF,0.196,4
CASSLAQGGETQYF,CASSLADRVNTEAFF,0.201,4
CATSDLRRTDTQYF,CASSSSPRGDTQYF,0.219,4
CASSLHDRGSRTEAFF,CASSYDRGPREGYTF,0.254,4
CASGQGALADTQYF,CATSRDGAGLVNQPQHF,0.301,6
CASSELAGGGDTQYF,CASSPSELAGGRLDTQYF,0.122,2
CASSELAGGGDTQYF,CASSLLTGGTDTQYF,0.157,3
CASSELAGGGDTQYF,CAISELVTGDSPLHF,0.221,4
CASSINRDLLNGYTF,CASRPRDPVTQYF,0.234,5
CATSEGNEQFF,CSARDRYNEQFF,0.187,4
CATSALGDTQYF,CASSLLTDTQYF,0.18,3
CATSALGDTQYF,CSGDRSSDTQYF,0.316,5
CASSMRSADTQYF,CASSIRSEDTQYF,0.077,2
CASSMRSADTQYF,CASSIRSAHEQFF,0.149,3
CASSEGLGGALYGYTF,CSVGGSGGADTQYF,0.251,4
CASSLRLVAGRSYNEQFF,CASSIDLAGGSYEQYF,0.194,4
CASSLRLVAGRSYNEQFF,CASRLVSGTDTQYF,0.2,4
CASSLRLVAGRSYNEQFF,CSAVGLAGVRSYEQYF,0.222,4
CASSADSYGANVLTF,CASSEDSGGYNEQFF,0.176,3
CASSQSSGGGRSEAFF,CASSGSSGGRTDTQYF,0.21,4
CASSQSSGGGRSEAFF,CASSQAQGMGNSPLHF,0.247,4
CASLPTGTNTGELFF,CASSPPGRGNTGELFF,0.165,4
CASLPTGTNTGELFF,CASSVERGRNTGELFF,0.181,4
CASLPTGTNTGELFF,CASSLVTGTGKYGYTF,0.187,4
CASLPTGTNTGELFF,CASSLLGGAGTGELFF,0.2,4
CASLPTGTNTGELFF,CASSEPIGTGGNQPQHF,0.201,5
CASSLYGADTQYF,CASSLIGRDEQFF,0.165,3
CASSLYGADTQYF,CASSSPGGVSTEAFF,0.165,4
CASSNFLGQGDEKLFF,CSAPFPGQGDYGYTF,0.191,3
CASSNFLGQGDEKLFF,CASSRGQGPGQETQYF,0.226,5
CSARDRVGNTIYF,CSARDGTGNGYTF,0.141,3
CSARDRVGNTIYF,CTCSADRVGNTLYF,0.169,2
CASSYQSGNTEAFF,CASTNSGNTIYF,0.164,3
CASSLGRASNQPQHF,CASSLYRGSNQPQHF,0.111,2
CASSPSREGYTF,CASSPSDYGYTF,0.178,2
CASSSLPGGGVDTQYF,CASSLLTGGTDTQYF,0.152,3
CASSSLPGGGVDTQYF,CASSLGEGRVDGYTF,0.201,3
CASSSLPGGGVDTQYF,CASSVTGTEADEQFF,0.244,5
CASSLYRGIGLFF,CASSLWKGAGYTF,0.146,3
CASSLYRGIGLFF,CASSEFRTRGYTF,0.18,4
CASSSGATEAFF,CASSSLNTEAFF,0.144,2
CASSSGATEAFF,CASSPGSTEAFF,0.146,2
CASRARVLDEQFF,CASSVRASDEQYF,0.266,4
CATSSGDLSSGANVLTF,CASSLDSSSGNTIYF,0.204,3
CASSPLTGTGVYGYTF,CASSLVTGTGKYGYTF,0.158,3
CASSPLTGTGVYGYTF,CASSQDRGTGAYGYTF,0.183,4
CASSPLTGTGVYGYTF,CASSPQTGVGNYGYTF,0.195,3
CASGLLTSGSINEQFF,CSARDLTSGANNEQFF,0.213,3
CASGLLTSGSINEQFF,CASRLMPGSTYEQYF,0.246,5
CASSPSQTSGGRTDTQYF,CASSPTSGIYEQYF,0.187,4
CASREDGASGSPDTQYF,CASSFLMTSGDPYEQYF,0.279,5
CASREDGASGSPDTQYF,CASSPASGSLFF,0.287,4
CASREDGASGSPDTQYF,CASSIDYPSGVQETQYF,0.295,5
CASREDGASGSPDTQYF,CATTPGASGISEQFF,0.298,4
CASRPRDPVTQYF,CASSPTPGDPHYGYTF,0.252,5
CASSLGEKLFF,CASSLGRGQFF,0.177,3
CASSLGEKLFF,CASSAGNTIYF,0.187,4
CASRMTGGKTNEKLFF,CASSTTPGTGTETQYF,0.228,5
CASSPLDVSISSYNEQFF,CASSASAEFSSYEQYF,0.217,5
CASSPLDVSISSYNEQFF,CASSPAPSASSYEQYF,0.254,4
CASSPLDVSISSYNEQFF,CASSPTSGSVYEQFF,0.311,5
CASSEGDTEAFF,CASSRGDTEAFF,0.063,1
CASSEGDTEAFF,CASSPGSTEAFF,0.116,2
CASSEGDTEAFF,CASSFRQGEAFF,0.146,4
CASSIRRIDPYNEQFF,CASRYRDDSYNEQFF,0.255,4
CASSIRRIDPYNEQFF,CASKMRGDVYEQYF,0.256,5
CASSRANYEQYF,CASSRDLNEQFF,0.188,3
CASREGLGGTEAFF,CASRVGAGNTEAFF,0.126,3
CASREGLGGTEAFF,CASREGDINTGELFF,0.224,4
CASRPGLAGGRPEQYF,CASSGLAGGMDEQFF,0.172,3
CASSLAGFTGELFF,CASSLAGAGNEQFF,0.134,3
CASSVDSGLGYGYTF,CASSVDSGSTNEQFF,0.132,3
CASSFGVNSDYTF,CASSLNNANSDYTF,0.186,4
CASSIDAGSNYEQYF,CASSFDPGSYGYTF,0.153,4
CASSIRASYEQYF,CASSIRSSYEQYF,0.08,1
CASSIRASYEQYF,CASSFGVSYEQYF,0.085,3
CASSIRASYEQYF,CASSVRASDEQYF,0.189,2
CASRLVSGTDTQYF,CASSVASGTDTQYF,0.19,3
CASSRDLNEQFF,CASSLSRALNNQAPLF,0.222,3
CASSLWSAGVHNEQFF,CASSQNSVGSYNEQFF,0.292,5
CASSRQESYGYTF,CASSFHISYEQYF,0.22,4
CASSRQESYGYTF,CSANPRDESYNEQFF,0.232,4
CASSHGTGYNQPQHF,CSVGGAYEQYF,0.214,4
CASSPRDRARGDEQYF,CASSDRDRGGNQPQHF,0.226,5
CASSSRDRGLGTEAFF,CASSFDRGTGNTIYF,0.158,3
CASSQDLFTGGYTF,CASSSAFYGYTF,0.173,5
CASSSSPRGDTQYF,CASSSSWADTQYF,0.19,3
CASRGTGGGSGQPQHF,CASSTRGGGDAKNIQYF,0.259,5
CSARGGSYNSPLHF,CASMGRDINQPQHF,0.23,5
CASPGETEAFF,CASSYTGELFF,0.205,5
CASSVASGTDTQYF,CASSVAPGSDTQYF,0.195,2
CASSVASGTDTQYF,CASSRTSPTDTQYF,0.213,3
CASSVASGTDTQYF,CASSRSLTDTQYF,0.218,3
CASSVASGTDTQYF,CASSPADPFSNTQYF,0.276,6
CASSSGGLSEQYF,CASSSPGGVSTEAFF,0.129,3
CASSVEAGPNEQYF,CASAQIGPYEQYF,0.202,4
CASSLKAGNQPQHF,CASSLWQGGQPQHF,0.172,3
CASSSHERQGQNSPLHF,CASSQARDPQGILHF,0.242,5
CASSQDRGTGAYGYTF,CSAADRGLGETQYF,0.237,4
CASSQDRGTGAYGYTF,CASSRDRTGRANYGYTF,0.241,5
CASSIGQYEQYF,CASSYGSYEQYF,0.084,2
CASSQDRGLAGGTYNEQFF,CASSSGGWGGGTEAFF,0.217,4
CASSQDRGLAGGTYNEQFF,CSARDRGGENTGELFF,0.226,5
CASSMSAMGTEAFF,CASGDAWGYEQYF,0.182,4
CASSMGGTYEQYF,CASSTGRYYEQYF,0.111,3
CASSMGGTYEQYF,CASSEGYIYEQYF,0.115,3
CASSMGGTYEQYF,CASSMGGNPEQYF,0.122,2
CASSYTGELFF,CASSYNEQFF,0.248,4
CASNPSAGTLYNEQFF,CASSQVGTVYGYTF,0.197,5
CASNPSAGTLYNEQFF,CASSPSWGEVNTEAFF,0.22,5
CASNPSAGTLYNEQFF,CASSYSKMTAYNSPLHF,0.232,4
CASSYQTGAAYGYTF,CASSYQTGASYGYTF,0.086,1
CASSIRSSYEQYF,CASSYRSSYEQYF,0.038,1
CASSIRSSYEQYF,CASSSRSSYEQYF,0.114,1
CASSIRSSYEQYF,CASSSFYDSNEKLFF,0.124,4
CASSIRSSYEQYF,CASSIRSTGELFF,0.163,2
CASSLGTSFRTDTQYF,CASILGTSGREPYEQYF,0.165,3
CASSLGTSFRTDTQYF,CASSRRTSGGTDTQYF,0.217,4
CASSQQTGTIGGYTF,CASSPSTGTIYGYTF,0.134,3
CASSQQTGTIGGYTF,CASSSHDTGGYNSPLHF,0.174,5
CASVQGGSGGRGSYEQYF,CASSGSSGGRTDTQYF,0.178,3
CASVQGGSGGRGSYEQYF,CASSSRGSGGASSYEQYF,0.235,3
CASSPGTSGVGEQFF,CASSAGTSGEYEQYF,0.166,3
CASSPGTSGVGEQFF,CASSPPGTSGGRNEQFF,0.174,3
CASSPSSVADTQYF,CASSSSWADTQYF,0.112,2
CASVSGQGVSPLHF,CSARDGQGSSPLHF,0.2,3
CASVSGQGVSPLHF,CASSLGQGNSPLHF,0.225,3
CASSVAVSAGTYEQYF,CASSVELAGTYEQYF,0.256,4
CASSQDRDRGPDEKLFF,CATSDSTSGGTDTQYF,0.248,6
CASRSAGHQETQYF,CSARDHGGDYGYTF,0.288,6
CASSSHDTGGYNSPLHF,CASSFDRGTGNTIYF,0.171,4
CASSSHDTGGYNSPLHF,CASSEDSGGYNEQFF,0.183,2
CASSYTVQPYNEQFF,CASSITLSSYNEQFF,0.159,4
CASSSQGWGRVYSEQFF,CASSQGVGENTEAFF,0.234,4
CASRPGLMSAQPEQYF,CASSLYSNQPQHF,0.284,4
CASSLGALGETQYF,CASSAGTSGEYEQYF,0.182,4
CASSLGALGETQYF,CASSQGLAGAGELFF,0.194,5
CASSLNSGLYNEQFF,CSARDLTSGANNEQFF,0.127,4
CASSLNSGLYNEQFF,CASSPTSGIYEQYF,0.192,4
CASSLNSGLYNEQFF,CASSLRQALRNEQFF,0.214,4
CASSWRTGNSGELFF,CASSPKTGASYGYTF,0.207,4
CASSDRDRGGNQPQHF,CSARDRYNEQFF,0.214,4
CASSSGVGTEVFF,CASSSGQAYEQYF,0.159,3
CATSIDRGREKLFF,CASSFDRGTGNTIYF,0.155,4
CASSLPPRNTEAFF,CASSPHRNTEAFF,0.13,2
CASSLPPRNTEAFF,CASTEPRGTEAFF,0.19,3
CASSLWKGAGYTF,CASSVVGYLGYTF,0.213,5
CASSLAGAGNEQFF,CASSVAGLGGNTIYF,0.137,4
CASSLAGAGNEQFF,CASTLAGVGYEQFF,0.21,3
CATSDSTSGGTDTQYF,CASSHTSGNGDTQYF,0.181,4
CASSLRDGSNQAPLF,CASSLYRGSNQPQHF,0.172,2
CASSLRDGSNQAPLF,CSARLPRDYSNQPQHF,0.175,3
CASSIVGGNEQFF,CASSSIAGRGEKLFF,0.108,3
CASSIVGGNEQFF,CASSFLGLNEQFF,0.119,3
CASSIVGGNEQFF,CASSKQGGNIQYF,0.17,3
CASSSGGWGGGTEAFF,CASSIGHNTGELFF,0.214,5
CASSFTWTSGGATDTQYF,CASMGNSAGANVLTF,0.255,5
CAAWDDSLNGWVF,CASIDSSGNTLYF,0.267,5
CASRGGRVAGADTEAFF,CASSLGGAGGADTQYF,0.243,4
CASRGGRVAGADTEAFF,CAWGTLATEQYF,0.261,6
CASSLEAVSIHGYTF,CAISGQAVSTDTQYF,0.256,4
CASSDSDGSGELFF,CASSVDSGSTNEQFF,0.219,5
CASSLSQGDQPQHF,CASSLSQGIQNIQYF,0.189,2
CASSDTVSYEQYF,CASSDWVSYEQYF,0.059,1
CASSDTVSYEQYF,CASSSRASYEQYF,0.097,3
CASSDTVSYEQYF,CASSQALPYEQYF,0.172,4
CASSQVGTVYGYTF,CASSPVGGDYGYTF,0.154,3
CASSQVGTVYGYTF,CASSQARTAYEQYF,0.181,4
CSANPRDESYNEQFF,CASRYRDDSYNEQFF,0.206,3
CASSIALSDNYGYTF,CASSITLSSYNEQFF,0.157,4
CASSLWLNEQFF,CASSLIGNEQFF,0.132,2
CASSFLGLNEQFF,CASSIFGQREQYF,0.164,4
CASSLAPGTTNEKLFF,CASSTTPGTGTETQYF,0.197,4
CASSLAPGTTNEKLFF,CASSLPGTAYEQYF,0.198,4
CASSMIPDMNTEAFF,CASSMVPDMNTEAFF,0.057,1
CASSFRDSGNTLYF,CASSYRGSGNTIYF,0.153,2
CASSFRDSGNTLYF,CASSFRDYGNYEQYF,0.166,2
CASSFRDSGNTLYF,CASIDSSGNTLYF,0.17,3
CASSFHISYEQYF,CASSFGVSYEQYF,0.132,2
CASSRDFYAYNEQFF,CASSIDGTAYEQYF,0.187,4
CSARDGTGNGYTF,CSANSRTGLGYTF,0.199,4
CASSVRSTGELFF,CASSIRSTGELFF,0.052,1
CASSVRSTGELFF,CASTSVRDRLEKLFF,0.288,4
CASTGGLGYTF,CASNRGDGYTF,0.14,3
CASTGGLGYTF,CASSTGNYGYTF,0.207,3
CASSLALGVAKNIQYF,CASSLWEKLAKNIQYF,0.242,4
CASSQERKAGGPTEAFF,CASSNRGLGTDTQYF,0.254,6
CASSWDRAGNTLYF,CTCSADRVGNTLYF,0.098,2
CASSWDRAGNTLYF,CASSIQKAGYNEQFF,0.174,5
CASSWDRAGNTLYF,CASSWDRGTGEQYF,0.183,4
CASSLPGTAYEQYF,CASSIDGTAYEQYF,0.12,2
CASSLPGTAYEQYF,CASSQARTAYEQYF,0.166,3
CASSYSGTGDYGYTF,CASSYSGTNQPQHF,0.154,3
CASSYSGTGDYGYTF,CASSESQTGDYEQYF,0.158,2
CASSLERDGYTF,CASSLEGSYEQYF,0.184,4
CASRRQGTVYEQYF,CASRRPGGDTEAFF,0.183,4
CASRRQGTVYEQYF,CSARRSDRVNTEAFF,0.288,5
CASSPSMRSGLAEAFF,CASSFRQGEAFF,0.192,4
CSVEGDTGELFF,CASSQERDRRAVEKLFF,0.275,6
CASSQDPGGTEAFF,CASSQDSGRGELFF,0.124,3
CASSQDPGGTEAFF,CASSQDKTTGELFF,0.163,4
CASSQDPGGTEAFF,CANSQPGGIEQFF,0.224,4
CASSPSTGTIYGYTF,CASSPSGTGANEQFF,0.18,5
CASSPSTGTIYGYTF,CASSPSEGLNTEAFF,0.211,4
CASSPSDYGYTF,CASSDSYGYTF,0.204,4
CASSQTTSVNTEAFF,CASSLDRVSVNTEAFF,0.216,4
CASTREGLNTGELFF,CSAREGVNTEAFF,0.17,3
CASSFSGSLTTEAFF,CASSIAGSAYEQYF,0.214,5
CASSQVRLNTEAFF,CASSQVRGRGEQYF,0.147,3
CASSQVRLNTEAFF,CASSDNRVWTEAFF,0.163,4
CASSQVRLNTEAFF,CASSLETVNTEAFF,0.183,4
CASSRSLNVNSNQPQHF,CSAVGLAGVRSYEQYF,0.257,6
CASSDPGTEAFF,CASSSLNTEAFF,0.131,3
CASSDPGTEAFF,CASSPPRSEAFF,0.235,3
CASSPRREQGDTQYF,CASSQIRETGSPLHF,0.233,4
CASSLNNANSDYTF,CASSLAREYSPLHF,0.249,5
CASSDWGDTGQLYF,CASSWWDTGELFF,0.181,3
CASSVSRDRNGELFF,CASSSHDRDGGYSPLHF,0.215,5
CASSHDPTWGPGNTIYF,CASSQDPPGRLGKLFF,0.312,5
CASSRGQGPGQETQYF,CASKGQGARDGYTF,0.247,5
CASGDASGAETLYF,CASGDASGGNTLYF,0.117,2
CASSQVAGGAGGPREYNEQFF,CASGGLGGDEQYF,0.231,4
CASSQVAGGAGGPREYNEQFF,CASSLGGAGGADTQYF,0.236,3
CASSQVAGGAGGPREYNEQFF,CASSLYGPGGVGQPQHF,0.242,5
CASSSGTSGSGSYNEQFF,CASTGSVSTDTQYF,0.221,6
CASSSGTSGSGSYNEQFF,CASTQGSTDTQYF,0.257,5
CASSSLTGSGQPQHF,CASSSLRGSNQPQHF,0.074,2
CASSSLTGSGQPQHF,CASSDGGSPQFF,0.167,3
CASSLWEKLAKNIQYF,CASSLAEKANTGELFF,0.265,5
CASGWGSQPQHF,CASGQGQETQYF,0.286,4
CASSGRDRDLVEQYF,CASSQERDRRAVEKLFF,0.284,4
CSVGGSGGADTQYF,CASSSRGSGGASSYEQYF,0.204,3
CASSESAGHKAFF,CASSLSAVHGYTF,0.208,3
CASSESAGHKAFF,CASSRSLTDTQYF,0.212,5
CASSLQGIGAKNIQYF,CASSQGFGANVLTF,0.2,4
CASSLQGIGAKNIQYF,CASSVEGGGAKETQYF,0.212,4
CASTQGSTDTQYF,CASTRESTDTQYF,0.17,2
CASTQGSTDTQYF,CASGQGNFDIQYF,0.203,4
CASTQGSTDTQYF,CASSFQGSNEKLFF,0.205,4
CASSITLSSYNEQFF,CASSFGQSSTYGYTF,0.153,5
CSAIDFPMGNEQFF,CAIDRVGTGELFF,0.243,5
CASSPHRNTEAFF,CASSPARNTEAFF,0.056,1
CASSPHRNTEAFF,CASSTRRNTEAFF,0.151,2
CASRRGPYEQYF,CASRRGSAELYF,0.195,3
CASRRGPYEQYF,CSVGGAYEQYF,0.208,3
CASSVGLGFTDTQYF,CASSISAGVGVGQETQYF,0.176,5
CASSVGLGFTDTQYF,CASSQGQGIADTQYF,0.195,4
CASSVGLGFTDTQYF,CASSHTSGNGDTQYF,0.228,5
CASRQENSGNTIYF,CSARDMASGRNEQYF,0.201,5
CASSDSTSGGNEQFF,CASSSWDTGELFF,0.201,5
CASDSNTEAFF,CASSSVNEQFF,0.204,4
CASSLGDRGRGYGYTF,CASSPGDRGKTNEQFF,0.15,4
CAWSETGLGTGELFF,CAWSETGLGMGGWQF,0.044,1
CAWSETGLGTGELFF,CASSATGSNTGELFF,0.162,3
CAWSETGLGTGELFF,CASSSETELLYYGYTF,0.234,4
CSAGVGGQETQYF,CASSLEVTGLNTEAFF,0.249,5
CASSPGEGMLVSEAFF,CASSPPRNMEPSYEQYF,0.305,5
CASSPGEGMLVSEAFF,CASSPREAGGISGYTF,0.324,5
CASSLLGGAGTGELFF,CASNPAGGAGLGYGYTF,0.173,3
CASSLLGGAGTGELFF,CASTYHGTGYF,0.229,5
CASSSLRGSNQPQHF,CASSLYRGSNQPQHF,0.165,2
CASSLDSSSGNTIYF,CASSVDSGSTNEQFF,0.169,3
CASSLDSSSGNTIYF,CASSLDSQSSGNTIYF,0.221,4
CASSLGHTEVFF,CASSLGVEELFF,0.141,3
CASKRTATYEQYF,CASSRTGSTYEQYF,0.173,4
CASKRTATYEQYF,CASSGRTGNTEAFF,0.183,4
CASSIRSEDTQYF,CASSIRSTDTQYF,0.048,1
CASSFRALAADTQYF,CASSNRGLGTDTQYF,0.236,4
CASSLGQGNSPLHF,CASSLWQGGQPQHF,0.166,3
CASSPVTGGIYGYTGF,CASSLEGGYYNEQFF,0.206,5
CASFSPRVYEQYF,CASSIDGTAYEQYF,0.191,5
CASSARGGGNNEQFF,CASSLEGGYYNEQFF,0.162,4
CASSARGGGNNEQFF,CASSGRGFLNYGYTF,0.231,4
CASSWGGGEQYF,CASSFGTGEAFF,0.131,3
CASKMGAEAFF,CASSYSKMTAYNSPLHF,0.234,4
CASSISAGVGVGQETQYF,CASSSSGGGAGDTQYF,0.212,4
CASSISAGVGVGQETQYF,CASSLNFVGLNQPQHF,0.279,5
CASSLMTNQPQHF,CASSLMANQPQHF,0.064,1
CASSDPGVDRNTEAFF,CASSVIPDMNTEAFF,0.245,5
CASSQNSVGSYNEQFF,CASSFDPGSYGYTF,0.205,5
CASRIYAGSPYEQYF,CASRLMPGSTYEQYF,0.25,4
CASSLERETQYF,CASSQEVETQYF,0.145,2
CAISGQGASYEQYF,CASSSRASYEQYF,0.202,3
CAISGQGASYEQYF,CASSYRGLSGELFF,0.21,4
CAISGQGASYEQYF,CAISGQAVSTDTQYF,0.232,4
CASGGGGTLYF,CASSARSTGGFGANVLTF,0.205,5
CASGGGGTLYF,CASSGYTGELFF,0.211,4
CASSIDLAGGSYEQYF,CASSQDFAGGSYEQYF,0.165,2
CASSTTPGTGTETQYF,CASATSGTYYEQYF,0.19,4
CASSIRSTGELFF,CASSTRSTGELFF,0.025,1
CASSIRSTGELFF,CASSMRSTGELFF,0.027,1
CASSIRSTGELFF,CASSIRSAHEQFF,0.141,2
CASSTGRYYEQYF,CASSTRRNTEAFF,0.105,3
CASSTGRYYEQYF,CASSTGNYGYTF,0.136,3
CASSFDRGTGNTIYF,CASSWDRGTGEQYF,0.083,2
CASSWWDTGELFF,CASSSWDTGELFF,0.103,1
CASSWWDTGELFF,CASSMRSTGELFF,0.144,3
CASSLAEKANTGELFF,CSASLERMNTGELFF,0.187,4
CASSRGTIHSNTEVFF,CASRENRASNTEAFF,0.219,4
CASSAGTSGEYEQYF,CASSLAGTSGYTYEQYF,0.171,3
CSAPFPGQGDYGYTF,CASSPTPGDPHYGYTF,0.219,4
CASSPAGQGGYEQYF,CASSVAGLGGNTIYF,0.151,3
CASSPAGQGGYEQYF,CASSLRGQGFYEQFF,0.18,3
CASSPAGQGGYEQYF,CASSQVGQNLYEQYF,0.202,4
CASNRGDGYTF,CASSYSIRGSRGEQFF,0.236,5
CASSQVVAFGDTQYF,CASSQIRETGSPLHF,0.258,5
CASSLDPGDTGELFF,CASSFDPGSYGYTF,0.129,3
CASSLDPGDTGELFF,CASSVDSGSTNEQFF,0.146,4
CASRAWGREGEKLFF,CASSLEGRREGETQYF,0.264,4
CASSLLTDTQYF,CASSLAGDYEQYF,0.16,4
CASSGLAGGPVSGANVLTF,CASNPAGGAGLGYGYTF,0.301,4
CASSTRSTGELFF,CASSTGSYGYTF,0.127,3
CASSVGGAQPQHF,CASSLGTLQPQHF,0.073,3
CASSVGGAQPQHF,CASSVGGISPLHF,0.103,2
CASSLVVMGTGFTDTQYF,CASSLVTGTGKYGYTF,0.158,4
CASSEGQVSPGELFF,CASSFGQSSTYGYTF,0.235,4
CAIANRGTEAFF,CASTVNRGSEGYTF,0.257,4
CASSLDRVSVNTEAFF,CASSLSGVPHNNEQFF,0.258,5
CSVGSGGTNEKLFF,CSVGTGGTNEKLFF,0.132,1
CASSPGLPEYF,CASSPPGLPGYTF,0.237,3
CAISDPRDSYEQYF,CASSSRSSYEQYF,0.115,3
CSARDHGGDYGYTF,CASSPVGGDYGYTF,0.257,3
CSARDHGGDYGYTF,CSARDSGLSHGEQFF,0.281,4
CASSEILGMNTEAFF,CASSIVGGMNTEAFF,0.189,3
CASSEILGMNTEAFF,CASSVEIAGRYNEQFF,0.231,5
CASSLVGGEQYF,CASSLIGNEQFF,0.094,2
CASSRSLTDTQYF,CASSQRQEGDTQYF,0.186,4
CASSPDRGYEQFF,CASSQQETYEQYF,0.162,4
CASSTRRNTEAFF,CASSDRGMNTEAFF,0.169,4
CASSPNPQGANMDTQYF,CASSIQQGADTQYF,0.302,5
CASSQYSNQPQHF,CASSLYSNQPQHF,0.052,1
CASSLAGDYEQYF,CASSLEGSYEQYF,0.088,2
CASSSPRVAGRPDTQYF,CASSNRGLGTDTQYF,0.248,5
CASSVDSGSTNEQFF,CASSRDSNSNQPQHF,0.226,4
CASSLGVEELFF,CASSLGLENEQFF,0.138,3
CASSSRSSYEQYF,CASSSRASYEQYF,0.083,1
CASSSRSSYEQYF,CASSSSGSSYNEQFF,0.083,2
CASSQHDRGFSTEAFF,CASSHWDRETSGNTIYF,0.225,5
CASGDAGGGYEQYF,CASTLAGVGYEQFF,0.184,3
CASGDAGGGYEQYF,CAGQVTNTGELFF,0.206,6
CASGDAGGGYEQYF,CASGDASGGNTLYF,0.214,3
CASSFRQGEAFF,CASSARSGELFF,0.123,3
CASSFRQGEAFF,CASSVGQGKAFF,0.153,3
CASSRRTSGGTDTQYF,CASSQTRTSGRVDPDTQYF,0.144,3
CASSRRTSGGTDTQYF,CASRKLAGPTDTQYF,0.288,4
CASSWDRGTGEQYF,CASSQDKTTGELFF,0.131,3
CASSWDRGTGEQYF,CASSYDRGPREGYTF,0.173,3
CATSRDGAGLVNQPQHF,CASSRDRTGRANYGYTF,0.221,4
CASSVELAGTYEQYF,CASSQAALAGFGYEQYF,0.246,5
CQAGDTEAFF,CASSLGQGLLYGYTF,0.264,7
CQAGDTEAFF,CASSQERDRRAVEKLFF,0.267,5
CQAGDTEAFF,CASSQAPSMEPNEQFF,0.284,5
CQAGDTEAFF,CASSQAGSLENSPLPLL,0.315,4
CASSQDKTTGELFF,CASSQVRGRGEQYF,0.174,4
CASSSVSEAFF,CASSSVNEQFF,0.187,2
CASSLPAGQETQYF,CASSLFAGAETQYF,0.158,2
CASSIVAGGYNEQFF,CASSIQKAGYNEQFF,0.195,3
CASSSSYEQYF,CASSSVNEQFF,0.117,2
CASSLDIPSYNEQFF,CASSSSGSSYNEQFF,0.19,4
CASSLIGEETQYF,CASSLGREETQYF,0.089,2
CASSLIGEETQYF,CASSLIGNEQFF,0.151,2
CASTVNRGSEGYTF,CASSYSIRGSRGEQFF,0.202,4
CASTVNRGSEGYTF,CASRENRASNTEAFF,0.246,5
CASTVNRGSEGYTF,CSVWVGREQETQYF,0.266,5
CSAEGLAGGKNTGELFF,CASGFTGGRNTEAFF,0.153,3
CASTHGTSGEDTQYF,CATTPGASGISEQFF,0.208,4
CSVAGQGDDHTDTQYF,CSGDRSSDTQYF,0.221,6
CASSPTNPAGDTETQYF,CASSRTSPTDTQYF,0.259,6
CASRIELPGAGELFF,CASSTILGPGANVLTF,0.242,4
CSVDPGHTGEKLFF,CASSPREGGETQYF,0.221,5
CASSLAYILGLGDEQFF,CASNPAGGAGLGYGYTF,0.192,4
CAISEWDSPTLNSPLHF,CASIDSSGNTLYF,0.332,6
CASSLVAETYEQYF,CASSQQETYEQYF,0.193,3
CSVALGSDTGELFF,CSARGQDIYEQYF,0.212,4
CASSQGFGANVLTF,CASSQGVGENTEAFF,0.181,3
CASSQGFGANVLTF,CASSSSGGGAGDTQYF,0.21,4
CASSSGIYGYTF,CASSSAFYGYTF,0.079,2
CASSSGIYGYTF,CASSTGFYGYTF,0.134,2
CASSLGQGLLYGYTF,CASSEARQGLDTEAFF,0.3,5
CSASLERMNTGELFF,CASSLETVNTEAFF,0.199,3
CSARDLTSGANNEQFF,CARAFESGANVLTF,0.298,4
CASSPREGGETQYF,CASSDREGGPHEQYF,0.219,3
CASSTRGGGDAKNIQYF,CASRRPGGDTEAFF,0.219,4
CASRVGAGNTEAFF,CASRVGTGNLYEQYF,0.206,3
CASSSVNEQFF,CASSSVNVAFF,0.137,2
CSASPERGTSVGTDTQYF,CASSLAGTSGYTYEQYF,0.259,4
CASSRDRTGRANYGYTF,CASRVGTGNLYEQYF,0.219,5
CASSPGQLQETQYF,CASSQTQLWETQYF,0.157,3
CASSLRDGYTGELFF,CASSFKDTNTGELFF,0.154,4
CASSLDRPSGMAAETQYF,CASTNSGNTIYF,0.296,6
CASGFTGGRNTEAFF,CSVGTGGTNEKLFF,0.227,6
CASSMGTVYLNTEAFF,CASSVGTLYSGANVLTF,0.279,5
CAISEEGQGRDEQFF,CSVEEGSRAQYF,0.291,5
CSARPRRSAGELFF,CASKMRGDVYEQYF,0.28,6
CASSATGSNTGELFF,CASSTGSYGYTF,0.179,4
CASSARSTGGFGANVLTF,CASSHRDRGISGANVLTF,0.24,4
CASSFGTGEAFF,CASSQEGGGETQYF,0.185,4
CASSLMANQPQHF,CASSLAQGQPQHF,0.181,3
CASSSRASYEQYF,CASSSPGASTYEQYF,0.192,4
CASSARTGELFF,CASSGYTGELFF,0.112,2
CASSARTGELFF,CASSARSGELFF,0.13,1
CASSIQQGADTQYF,CASSTLQGADQPQHF,0.192,3
CASSTGSYGYTF,CASSIGVYGYTF,0.101,2
CASSIDLASGTTYEQYF,CASSQDLASGTYNEQFF,0.136,2
CASSIDLASGTTYEQYF,CSARDMASGRNEQYF,0.199,4
CSARDPAPEETQYF,CSARDMASGRNEQYF,0.315,5
CAISEQEDQPQHF,CSARDGQGSSPLHF,0.322,6
CASSPSGTGANEQFF,CASGTEAFF,0.291,4
CSARGQDIYEQYF,CASSRTGSTYEQYF,0.265,5
CASSPPARDRDHEQYF,CASSIRSTDTQYF,0.291,6
CASSIRSAHEQFF,CASSIRSAWAQYF,0.097,2
CASMGNSAGANVLTF,CASSVFGVQRGFGTDTQYF,0.316,6
CASRTRGGTLIEQYF,CASRVGTGNLYEQYF,0.219,5
CASGGLGGDEQYF,CASSGGHTGSNEQFF,0.166,4
CASSIRSAWAQYF,CAWSINSAEAFF,0.215,3
CASSVEGGGAQETQYF,CASSVEGGGAKETQYF,0.09,1
CASSQDPPGRLGKLFF,CASSPPGLPGYTF,0.248,4
CASSQDPPGRLGKLFF,CASSPGSSGRLGEQFF,0.283,4
CASSFKDTNTGELFF,CASSFRDYGNYEQYF,0.162,5
CASSFKDTNTGELFF,CASTNSGNTIYF,0.171,5
CASSYVGNTGELFF,CASSIGHNTGELFF,0.199,3
CASSLASGHRPTDTQYF,CASGTEAFF,0.317,5
CASTPYRRGPHLYGYTF,CASSYDRGPREGYTF,0.316,4
CASIDSSGNTLYF,CASSTPSSYNEQFF,0.173,4
CASSTGNYGYTF,CASSTGFYGYTF,0.038,1
CASILGTSGREPYEQYF,CASSLAGTGGRFSYEQYF,0.246,4
CASSLFAGAETQYF,CASSSGLAGVETGELFF,0.188,3
CASSQETGSASQHF,CASSQETGSYEQFF,0.195,2
CASGQGQETQYF,CASSQEVETQYF,0.268,3
CASSIAGSAYEQYF,CASSRTGSTYEQYF,0.166,3
CASSESQTGDYEQYF,CASSLSQGIQNIQYF,0.203,5
CASSPPGREDTEAFF,CASSSPGGVSTEAFF,0.198,4
CASSIRSTDTQYF,CASSFVSFDEQFF,0.186,4
CASSTGFYGYTF,CASSIGVYGYTF,0.078,2
CASSLEVTGLNTEAFF,CASSIVGGMNTEAFF,0.234,4
CASSYRGLSGELFF,CASSYYRLAGELFF,0.18,3
CASSLGIDAIYF,CASSVEGIDEKLFF,0.262,4
CASSQETGSYEQFF,CASSLEGSYEQYF,0.16,3
CASSQETGSYEQYF,CASSLEGSYEQYF,0.16,3
CASSQAGQGNSPLHF,CASSQIRETGSPLHF,0.232,5
