source,target,color,size,time
CASSPTNPAGDTETQYF,CASSRTSPTDTQYF,grey,1,
CASNPAGGAGLGYGYTF,CASSGLAGGPVSGANVLTF,grey,1,
CASNPAGGAGLGYGYTF,CASSLAYILGLGDEQFF,grey,1,
CASNPAGGAGLGYGYTF,CASSLLGGAGTGELFF,grey,1,
CSAPFPGQGDYGYTF,CASSVEGQGDTEAFF,grey,1,
CSAPFPGQGDYGYTF,CASSPTPGDPHYGYTF,grey,1,
CSAPFPGQGDYGYTF,CASSNFLGQGDEKLFF,grey,1,
CASSRTSPTDTQYF,CASSKGSVAPGELFF,grey,1,
CASSRTSPTDTQYF,CASSVASGTDTQYF,grey,1,
CASTRESTDTQYF,CASTQGSTDTQYF,grey,1,
CASTRESTDTQYF,CASSHGASTDTQYF,grey,1,
CASMGNSAGANVLTF,CASSVFGVQRGFGTDTQYF,grey,1,
CASMGNSAGANVLTF,CASSFTWTSGGATDTQYF,grey,1,
CASSQRQEGDTQYF,CASSRSLTDTQYF,grey,1,
CASSLYGPGGVGQPQHF,CASSQVAGGAGGPREYNEQFF,grey,1,
CASGGLGGDEQYF,CASGGQGRAEQFF,grey,1,
CASGGLGGDEQYF,CASSGGHTGSNEQFF,grey,1,
CASSKGLAVDYTQYF,CASSKGSVAPGELFF,grey,1,
CASSIGPALNTEAFF,CASSLYPGANTEAFF,grey,1,
CASSIGPALNTEAFF,CASSYGLEANTEAFF,grey,1,
CASSGGHTGSNEQFF,CASSSGGWGGGTEAFF,grey,1,
CASSFIGGTDTQYF,CSAPGGGGTSYEQYF,grey,1,
CASSFIGGTDTQYF,CASSLNGRADTQYF,grey,1,
CASSHGAAAGETEAFF,CASSQAALAGFGYEQYF,grey,1,
CASLAGVRTDTQYF,CASSVAIWRGSYNEQFF,grey,1,
CASSVLAGDTQYF,CASSSSPRGDTQYF,grey,1,
CASSVLAGDTQYF,CASSRSLTDTQYF,grey,1,
CASSVLAGDTQYF,CASSQVLVGETQYF,grey,1,
CASSVEGQGDTEAFF,CASTQGSTDTQYF,grey,1,
CASSVEGQGDTEAFF,CASSSHERQGQNSPLHF,grey,1,
CASSVEGQGDTEAFF,CASSLEIQGSGAFF,grey,1,
CASSQDRGLAGGTYNEQFF,CASSSGGWGGGTEAFF,grey,1,
CASTNRQEGQETQYF,CASMGRDINQPQHF,grey,1,
CASTQGSTDTQYF,CASSSGTSGSGSYNEQFF,grey,1,
CASTQGSTDTQYF,CASGQGNFDIQYF,grey,1,
CASTQGSTDTQYF,CASSFQGSNEKLFF,grey,1,
CASSVEVGTGDNEQFF,CASSYSGTGDYGYTF,grey,1,
CASGDFWGDTLYF,CASSRDLGRDTQYF,grey,1,
CASGDFWGDTLYF,CASGQGNFDIQYF,grey,1,
CASSPPGPTGRGWYDTF,CASSPPGRGNTGELFF,grey,1,
CASSVASGTDTQYF,CASSPADPFSNTQYF,grey,1,
CASSVASGTDTQYF,CASSLAQGGETQYF,grey,1,
CASSVASGTDTQYF,CASRLVSGTDTQYF,grey,1,
CASSVASGTDTQYF,CASSVAPGSDTQYF,grey,1,
CASKGQGARDGYTF,CASSRGQGPGQETQYF,grey,1,
CASSLGALGETQYF,CASSQGLAGAGELFF,grey,1,
CASSLGALGETQYF,CASSQVLVGETQYF,grey,1,
CASSLGALGETQYF,CASSLGAANYNEQFF,grey,1,
CASSPLTGTGVYGYTF,CASSQDRGTGAYGYTF,grey,1,
CASSPLTGTGVYGYTF,CASSLGGTGWTEAFF,grey,1,
CASSPLTGTGVYGYTF,CASSLVTGTGKYGYTF,grey,1,
CASSLNGRADTQYF,CASSLRGRGDQPQHF,grey,1,
CASSLNGRADTQYF,CASSPPGREDTEAFF,grey,1,
CASSIQQGADTQYF,CASSFQTGASYGYTF,grey,1,
CASSIQQGADTQYF,CASSTLQGADQPQHF,grey,1,
CASSHGASTDTQYF,CASSIRSTDTQYF,grey,1,
CASTEPRGTEAFF,CASSLPPRNTEAFF,grey,1,
CSAKRNRAYHYGYTF,CAGRGRPNEKLFF,grey,1,
CASSQVAGGAGGPREYNEQFF,CASSLGGAGGADTQYF,grey,1,
CASRPGWMAGGVELYF,CASGRIAGELFF,grey,1,
CASSNFLGQGDEKLFF,CASSRGQGPGQETQYF,grey,1,
CASSESQTGDYEQYF,CASSLSQGIQNIQYF,grey,1,
CASSESQTGDYEQYF,CASSYSGTGDYGYTF,grey,1,
CASTNSGNTIYF,CASSTWSQNTGELFF,grey,1,
CASTNSGNTIYF,CASSFKDTNTGELFF,grey,1,
CASTNSGNTIYF,CASSYQSGNTEAFF,grey,1,
CASGQGALADTQYF,CATSRDGAGLVNQPQHF,grey,1,
CASSQAALAGFGYEQYF,CASSVELAGTYEQYF,grey,1,
CASSRDLGRDTQYF,CASSSRHEGEDTEAFF,grey,1,
CASSVAIWRGSYNEQFF,CASSQDFAGGSYEQYF,grey,1,
CASSPQTGVGNYGYTF,CASSYQTGTGNYGYTF,grey,1,
CASSEARQGLDTEAFF,CASSLGQGLLYGYTF,grey,1,
CASSYSGTGDYGYTF,CASSYPGGGFYEQYF,grey,1,
CASSYSGTGDYGYTF,CASSYSGTNQPQHF,grey,1,
CASSPAPSASSYEQYF,CASSPLDVSISSYNEQFF,grey,1,
CASSVAPGSDTQYF,CASSVAPGSEGEAFF,grey,1,
CASSFRDSGNTLYF,CASSIIPDMNTEAFF,grey,1,
CASSFRDSGNTLYF,CASIDSSGNTLYF,grey,1,
CASSFRDSGNTLYF,CASSFRDYGNYEQYF,grey,1,
CASSFRDSGNTLYF,CASSYRGSGNTIYF,grey,1,
CASSKGSVAPGELFF,CASSEGQVSPGELFF,grey,1,
CASSSSPRGDTQYF,CASSSSWADTQYF,grey,1,
CASGRIAGELFF,CASSSPRVAGRPDTQYF,grey,1,
CASGRIAGELFF,CASKRNTGELFF,grey,1,
CASSIIPDMNTEAFF,CASSVIPDMNTEAFF,grey,1,
CASSIIPDMNTEAFF,CASSNIPDMNTEAFF,grey,1,
CASSIIPDMNTEAFF,CASSMIPDMNTEAFF,grey,1,
CASSVELAGTYEQYF,CASSVAGLGGNTIYF,grey,1,
CASSFTWTSGGATDTQYF,CASSLSASGGATDTQYF,grey,1,
CSAGTGSANTEAFF,CASRGLSNTGELFF,grey,1,
CSAGTGSANTEAFF,CASSRTSATGELFF,grey,1,
CAISTGDSNQPQHF,CASGTGDSNQPQHF,grey,1,
CASSTGDSNQPQHF,CASSYASNQPQHF,grey,1,
CASSTGDSNQPQHF,CATGTGDSNQPQHF,grey,1,
CASSTGDSNQPQHF,CASGTGDSNQPQHF,grey,1,
CASSSGGWGGGTEAFF,CASSRGTGEGYEQYF,grey,1,
CASSSGGWGGGTEAFF,CASSIGHNTGELFF,grey,1,
CAWSETGLGTGELFF,CASSSETELLYYGYTF,grey,1,
CAWSETGLGTGELFF,CSARDRGGENTGELFF,grey,1,
CAWSETGLGTGELFF,CASSVAGLGGNTIYF,grey,1,
CAWSETGLGTGELFF,CASSATGSNTGELFF,grey,1,
CAWSETGLGTGELFF,CAWSETGLGMGGWQF,grey,1,
CAISEVGVGQPQHF,CASSEETGNQPQHF,grey,1,
CASSRTSATGELFF,CASSIGHNTGELFF,grey,1,
CASSVAVSAGTYEQYF,CASSLVLSSPTYEQYF,grey,1,
CASRLVSGTDTQYF,CASSLRLVAGRSYNEQFF,grey,1,
CASSLNWSQDTQYF,CASSLYGSVQNEQFF,grey,1,
CASSLNNANSDYTF,CASSLAREYSPLHF,grey,1,
CASSLNNANSDYTF,CASSFGVNSDYTF,grey,1,
CASSLLGGAGTGELFF,CASTYHGTGYF,grey,1,
CASSLLGGAGTGELFF,CASLPTGTNTGELFF,grey,1,
CASSYRGSGNTIYF,CASSGRGSYNEQFF,grey,1,
CASTGSVSTDTQYF,CASSSGTSGSGSYNEQFF,grey,1,
CASMARTSGDNEQFF,CASSLAGTSGYTYEQYF,grey,1,
CASMARTSGDNEQFF,CASSFLMTSGDPYEQYF,grey,1,
CASRGGRVAGADTEAFF,CAWGTLATEQYF,grey,1,
CASRGGRVAGADTEAFF,CASSLGGAGGADTQYF,grey,1,
CASSPTPGDPHYGYTF,CASSANPGDSSNEKLFF,grey,1,
CASSPTPGDPHYGYTF,CASRPRDPVTQYF,grey,1,
CASSLGGTGWTEAFF,CASSARGGGNNEQFF,grey,1,
CASSPHPGTSGGASYNEQFF,CASSLGGAGGADTQYF,grey,1,
CASSPHPGTSGGASYNEQFF,CASILGTSGREPYEQYF,grey,1,
CASSMIPDMNTEAFF,CASSMVPDMNTEAFF,grey,1,
CASRIELPGAGELFF,CASSTILGPGANVLTF,grey,1,
CASRTRGGTLIEQYF,CASRVGTGNLYEQYF,grey,1,
CASSIVAGAGAGELFF,CASRTLAGPNTGELFF,grey,1,
CASSIVAGAGAGELFF,CASSTILGPGANVLTF,grey,1,
CASGTGDSNQPQHF,CASMGRDINQPQHF,grey,1,
CASSLWQGGQPQHF,CASSLKAGNQPQHF,grey,1,
CASSLWQGGQPQHF,CASSLGQGNSPLHF,grey,1,
CASSLTGPGDQPQHF,CASSLRGRGDQPQHF,grey,1,
CASSESAGHKAFF,CASSLSAVHGYTF,grey,1,
CASSNVPDMNTEAFF,CATSTVPDYNSPLHF,grey,1,
CASSNVPDMNTEAFF,CASSMVPDMNTEAFF,grey,1,
CASSQVLVGETQYF,CASSQTQLWETQYF,grey,1,
CASSPSSVADTQYF,CASSSSWADTQYF,grey,1,
CASSLAQGGETQYF,CASSLFAGAETQYF,grey,1,
CASSLAQGGETQYF,CSVVQGAECTF,grey,1,
CASSLAQGGETQYF,CSVVDYGYTF,grey,1,
CASSLAQGGETQYF,CATSDLLAGGKTGELFF,grey,1,
CASSFRFTDTQYF,CATSDLRRTDTQYF,grey,1,
CASSFRFTDTQYF,CASSIRSTDTQYF,grey,1,
CASSFRDYGNYEQYF,CASSFKDTNTGELFF,grey,1,
CASSWRTGNSGELFF,CASSPKTGASYGYTF,grey,1,
CASSLYPGANTEAFF,CSARDLTSGANNEQFF,grey,1,
CASSLYPGANTEAFF,CASSLFAGAETQYF,grey,1,
CASSYGLEANTEAFF,CASSWGLEVNTEAFF,grey,1,
CASSIQKAGYNEQFF,CASSIVAGGYNEQFF,grey,1,
CASSIQKAGYNEQFF,CASSWDRAGNTLYF,grey,1,
CASSQEGTGSYEQYF,CASSVAGTPSYEQYF,grey,1,
CASSQEGTGSYEQYF,CASSQEGGGETQYF,grey,1,
CASSPGSSGRLGEQFF,CASSLDRPSGMAAETQYF,grey,1,
CASSPGSSGRLGEQFF,CASSQDPPGRLGKLFF,grey,1,
CASRARVLDEQFF,CASSVRASDEQYF,grey,1,
CASSPYPRGGTGELFF,CASSPNPQGANMDTQYF,grey,1,
CASSPYPRGGTGELFF,CASSNYPGGARTDTQYF,grey,1,
CASSPYPRGGTGELFF,CASSYPGGGFYEQYF,grey,1,
CASSPYPRGGTGELFF,CASSPTDRGNTGELFF,grey,1,
CASSQDFAGGSYEQYF,CASSIDLAGGSYEQYF,grey,1,
CASSLVVMGTGFTDTQYF,CASSLVTGTGKYGYTF,grey,1,
CSAADRGLGETQYF,CASSQDRGTGAYGYTF,grey,1,
CASKVGAGGLYEQYF,CASRVGTGNLYEQYF,grey,1,
CSARDLRLLANTGELFF,CASSLRQALRNEQFF,grey,1,
CASSHRTGGETQYF,CASKRNTGELFF,grey,1,
CASSHRTGGETQYF,CASSARGGGNNEQFF,grey,1,
CASSHRTGGETQYF,CASSQEGGGETQYF,grey,1,
CASSHRTGGETQYF,CASSPREGGETQYF,grey,1,
CASSPREGGETQYF,CSVDPGHTGEKLFF,grey,1,
CASSPREGGETQYF,CASSDREGGPHEQYF,grey,1,
CASSVIPDMNTEAFF,CASSSIPDFNTEAFF,grey,1,
CASMGRDINQPQHF,CSARGGSYNSPLHF,grey,1,
CASGGQGRAEQFF,CASSQGPQVRGADTQYF,grey,1,
CASSPGLTYPGELFF,CASSLGQTNYGYTF,grey,1,
CASSQTQLWETQYF,CASSPGQLQETQYF,grey,1,
CASSQERKAGGPTEAFF,CASSNRGLGTDTQYF,grey,1,
CASSWDRAGNTLYF,CTCSADRVGNTLYF,grey,1,
CASSPRGRGGREDTQYF,CAWVPGTGGRAAFF,grey,1,
CASSPRGRGGREDTQYF,CASTPRGRGLVYGYTF,grey,1,
CASSLVTGTGKYGYTF,CASLPTGTNTGELFF,grey,1,
CASSLVTGTGKYGYTF,CASSYQTGTGNYGYTF,grey,1,
CAISELVTGDSPLHF,CASSELAGGGDTQYF,grey,1,
CASTGGGALGTEAFF,CSASPERGTSVGTDTQYF,grey,1,
CASSPLRGVYYNEQFF,CASSLEGGYYNEQFF,grey,1,
CASSFKDTNTGELFF,CASSLRDGYTGELFF,grey,1,
CASGLTGFMDEQYF,CASRGLQGRIDYNEQFF,grey,1,
CSVGTGGTNEKLFF,CSARGEAITEKLFF,grey,1,
CSVGTGGTNEKLFF,CASGFTGGRNTEAFF,grey,1,
CSVGTGGTNEKLFF,CAGRGRPNEKLFF,grey,1,
CSVGTGGTNEKLFF,CSVGSGGTNEKLFF,grey,1,
CASSLGFGRDVMRF,CASSLGEGRVDGYTF,grey,1,
CASSLAGAGNEQFF,CASTLAGVGYEQFF,grey,1,
CASSLAGAGNEQFF,CASSVAGLGGNTIYF,grey,1,
CASSLAGAGNEQFF,CASSLAGFTGELFF,grey,1,
CASSFLGTGVEQYF,CAISESGTGFEQYF,grey,1,
CASSFLGTGVEQYF,CASSFARTRWEQYF,grey,1,
CASSFLGTGVEQYF,CASSYLGNTGELFF,grey,1,
CASSFLGTGVEQYF,CASSFQGIRVEAFF,grey,1,
CSVEGDTGELFF,CASKRNTGELFF,grey,1,
CASSPPGREDTEAFF,CASSSPGGVSTEAFF,grey,1,
CASSLAEKANTGELFF,CASSLWEKLAKNIQYF,grey,1,
CASSLAEKANTGELFF,CSASLERMNTGELFF,grey,1,
CSAVGLAGVRSYEQYF,CASRGLQGRIDYNEQFF,grey,1,
CSAVGLAGVRSYEQYF,CASSRSLNVNSNQPQHF,grey,1,
CSAVGLAGVRSYEQYF,CASSLRLVAGRSYNEQFF,grey,1,
CASGFTGGRNTEAFF,CSAEGLAGGKNTGELFF,grey,1,
CASSVAGLGGNTIYF,CASSPAGQGGYEQYF,grey,1,
CASSARGGGNNEQFF,CASSGRGFLNYGYTF,grey,1,
CASSARGGGNNEQFF,CASSLEGGYYNEQFF,grey,1,
CSVGGSGGADTQYF,CASSSRGSGGASSYEQYF,grey,1,
CSVGGSGGADTQYF,CASRIWDGGASTDTQYF,grey,1,
CASSLGAANYNEQFF,CASSLGQTNYGYTF,grey,1,
CASSVEGGGAQETQYF,CASSVEGGGAKETQYF,grey,1,
CASSTILGPGANVLTF,CASSLGFLGPAAGNTIYF,grey,1,
CSARDRVGNTIYF,CTCSADRVGNTLYF,grey,1,
CSARDRVGNTIYF,CSARDGTGNGYTF,grey,1,
CASSLAQQGLAEAFF,CASSLVSSGANVLTF,grey,1,
CASIDSSGNTLYF,CAAWDDSLNGWVF,grey,1,
CASIDSSGNTLYF,CASSTPSSYNEQFF,grey,1,
CASIDSSGNTLYF,CASSLDSSGGNEQYF,grey,1,
CASSINRDLLNGYTF,CASRPRDPVTQYF,grey,1,
CASKRTATYEQYF,CASSGRTGNTEAFF,grey,1,
CASKRTATYEQYF,CASSRTGSTYEQYF,grey,1,
CASSLGQGNSPLHF,CASVSGQGVSPLHF,grey,1,
CASSLGQGNSPLHF,CASSFGQGSSPLHF,grey,1,
CASSLKAGNQPQHF,CASSEETGNQPQHF,grey,1,
CASSIGHNTGELFF,CASSYVGNTGELFF,grey,1,
CASSPSQTSGGRTDTQYF,CASSPTSGIYEQYF,grey,1,
CASSIRSTDTQYF,CASSFVSFDEQFF,grey,1,
CASSIRSTDTQYF,CASSVRSTDTQYF,grey,1,
CASSIRSTDTQYF,CASSIRSEDTQYF,grey,1,
CASSYPGGGFYEQYF,CASSYQTGAAYGYTF,grey,1,
CASSYPGGGFYEQYF,CASSYQGGNYGYTF,grey,1,
CASSPPARDRDHEQYF,CASSVRSTDTQYF,grey,1,
CASSQEGGGETQYF,CASSFGTGEAFF,grey,1,
CASSQEGGGETQYF,CASSDAGGRNTLYF,grey,1,
CASSQDPPGRLGKLFF,CASSHDPTWGPGNTIYF,grey,1,
CASSQDPPGRLGKLFF,CASSVVGYLGYTF,grey,1,
CASRPGLAGGRPEQYF,CASPGLAGEYEQYF,grey,1,
CASRPGLAGGRPEQYF,CASSGLAGGMDEQFF,grey,1,
CASSEILGMNTEAFF,CASSVEIAGRYNEQFF,grey,1,
CASSEILGMNTEAFF,CASSIVGGMNTEAFF,grey,1,
CASSPVTGGIYGYTGF,CASSPPGRGNTGELFF,grey,1,
CASSPGTSGVGEQFF,CASSPRTSFETQYF,grey,1,
CASSPGTSGVGEQFF,CASSPPGTSGGRNEQFF,grey,1,
CASSPGTSGVGEQFF,CASSAGTSGEYEQYF,grey,1,
CTCSADRVGNTLYF,CASSQDRLTGGYTF,grey,1,
CASTPYRRGPHLYGYTF,CASSYDRGPREGYTF,grey,1,
CASSLELAAWETQYF,CASSVEAGPNEQYF,grey,1,
CASSEETGNQPQHF,CASSFFGNQPQHF,grey,1,
CASTREGLNTGELFF,CASRTLAGPNTGELFF,grey,1,
CASTREGLNTGELFF,CSAREGVNTEAFF,grey,1,
CASAPRRDRGTDTQYF,CASSRRTSGGTDTQYF,grey,1,
CASSAGTSGEYEQYF,CASSLRGQGFYEQFF,grey,1,
CASSAGTSGEYEQYF,CASSLAGTSGYTYEQYF,grey,1,
CASSLRGQGFYEQFF,CASSPAGQGGYEQYF,grey,1,
CQAGDTEAFF,CASSQAGSLENSPLPLL,grey,1,
CQAGDTEAFF,CASSQAPSMEPNEQFF,grey,1,
CQAGDTEAFF,CASSLGQGLLYGYTF,grey,1,
CASSLIRTWDEQYF,CASSLLGGWSEAFF,grey,1,
CASSLVSSGANVLTF,CASSLDSSGGNEQYF,grey,1,
CASSLRQALRNEQFF,CASSLNSGLYNEQFF,grey,1,
CASSLYGSVQNEQFF,CASSLYGSSYNEQFF,grey,1,
CASGSGLAGNEQFF,CASYWGLAVNEQFF,grey,1,
CASGSGLAGNEQFF,CASTSRAGFNEQFF,grey,1,
CSATPSGYGYTF,CASSSPPSGGGYEQFF,grey,1,
CASSPTDRGNTGELFF,CASSFGQRDRGYWRNTEAFF,grey,1,
CASSPTDRGNTGELFF,CASSPGDRGKTNEQFF,grey,1,
CASSDPGVDRNTEAFF,CASSSIPDFNTEAFF,grey,1,
CASSSGLAGVETGELFF,CASSFLATNEKLFF,grey,1,
CASSSGLAGVETGELFF,CASSLFAGAETQYF,grey,1,
CASSSGLAGVETGELFF,CASSLSRLAGDYTGELFF,grey,1,
CASSLSASGGATDTQYF,CASGDASGGNTLYF,grey,1,
CASSPKTGASYGYTF,CASSFQTGASYGYTF,grey,1,
CASSFLMTSGDPYEQYF,CASREDGASGSPDTQYF,grey,1,
CASSLAGTSGYTYEQYF,CASSFLFRDGTYEQYF,grey,1,
CASSLAGTSGYTYEQYF,CSASPERGTSVGTDTQYF,grey,1,
CASSLAGTSGYTYEQYF,CASSLLGVSYYNEQFF,grey,1,
CASSTTPGTGTETQYF,CASRMTGGKTNEKLFF,grey,1,
CASSTTPGTGTETQYF,CASSLAPGTTNEKLFF,grey,1,
CASSTTPGTGTETQYF,CASSITLGTGGVEQYF,grey,1,
CASSLGGAGGADTQYF,CASSGLAGGMDEQFF,grey,1,
CASILGTSGREPYEQYF,CASSLGTSFRTDTQYF,grey,1,
CASSPTLVTSGNTIYF,CASSQNSVGSYNEQFF,grey,1,
CASSIVGGMNTEAFF,CASSLEVTGLNTEAFF,grey,1,
CASSIVGGMNTEAFF,CASSPGGGMNTEAFF,grey,1,
CASSQERDRRAVEKLFF,CASSQDRDRGPDEKLFF,grey,1,
CASSQERDRRAVEKLFF,CASSGRDRDLVEQYF,grey,1,
CASSTIGPYGELFF,CASSGRGSYNEQFF,grey,1,
CASSYQTGASYGYTF,CASSYLNRDSALDF,grey,1,
CASSYQTGASYGYTF,CASSYQTGAAYGYTF,grey,1,
CASSYQTGASYGYTF,CASSFQTGASYGYTF,grey,1,
CASSLASGHRPTDTQYF,CASSLESWGRAYNEQFF,grey,1,
CASSNRGLGTDTQYF,CASSFRALAADTQYF,grey,1,
CASSNRGLGTDTQYF,CATSATGLRNQPQHF,grey,1,
CSANSRTGLGYTF,CSARDGTGNGYTF,grey,1,
CSVVDYGYTF,CASSLADRVNTEAFF,grey,1,
CASSVAGTPSYEQYF,CASSLVGGPSVQFF,grey,1,
CASSHWDRETSGNTIYF,CASSQHDRGFSTEAFF,grey,1,
CASSHWDRETSGNTIYF,CASSYWDRTTSGNTIYF,grey,1,
CASSLSQGIQNIQYF,CASSLSQGDQPQHF,grey,1,
CASRQEGRPMNTEAFF,CASSPGGGMNTEAFF,grey,1,
CASSKQGGNIQYF,CASSIVGGNEQFF,grey,1,
CASSLGQGLLYGYTF,CASSWGQGSNYGYTF,grey,1,
CSAREGVNTEAFF,CSVEEGVLYEQYF,grey,1,
CASRPGLMSAQPEQYF,CASSLYSNQPQHF,grey,1,
CASSLWEKLAKNIQYF,CASSLALGVAKNIQYF,grey,1,
CASSWVPPGQGRTGELFF,CASSPAGQGGYEQYF,grey,1,
CASSLFAGAETQYF,CASSLPAGQETQYF,grey,1,
CASSPPGRGNTGELFF,CASLPTGTNTGELFF,grey,1,
CASSPREAGGISGYTF,CASSRLAGGMDEQFF,grey,1,
CASRENRASNTEAFF,CASTVNRGSEGYTF,grey,1,
CASRENRASNTEAFF,CASSRGTIHSNTEVFF,grey,1,
CASSYTVQPYNEQFF,CASSITLSSYNEQFF,grey,1,
CSAIDFPMGNEQFF,CAIDRVGTGELFF,grey,1,
CSVEGLGRAVTQYF,CASSEGLGGALYGYTF,grey,1,
CASSLREMGGKAEAFF,CAWVPGTGGRAAFF,grey,1,
CASSLYGAGNSPLHF,CASSLEGQGASEQFF,grey,1,
CASSLYGAGNSPLHF,CATSATGLRNQPQHF,grey,1,
CASSLGQTNYGYTF,CASSLRDGYTGELFF,grey,1,
CASSADSYGANVLTF,CAISEWDSPTLNSPLHF,grey,1,
CASSADSYGANVLTF,CASSEDSGGYNEQFF,grey,1,
CASSMGTVYLNTEAFF,CASSVGTLYSGANVLTF,grey,1,
CASSMGTVYLNTEAFF,CASSRGTIHSNTEVFF,grey,1,
CSVGGAYEQYF,CASSVTGTEADEQFF,grey,1,
CSVGGAYEQYF,CASSHGTGYNQPQHF,grey,1,
CSVGGAYEQYF,CASRRGPYEQYF,grey,1,
CSVGGAYEQYF,CATSATGLRNQPQHF,grey,1,
CSVGGAYEQYF,CASSMGANEQFF,grey,1,
CASSFTLGTGGVEQYF,CASSITLGTGGVEQYF,grey,1,
CAWSVSVGAGVPTIYF,CASSVGGISPLHF,grey,1,
CASSLVGGRHGYTF,CASSDAGGRNTLYF,grey,1,
CASRRTGVVEKLFF,CAGRGRPNEKLFF,grey,1,
CASSVERGRNTGELFF,CASLPTGTNTGELFF,grey,1,
CASSLSAVHGYTF,CASSLQGASGYTF,grey,1,
CASSPSWGEVNTEAFF,CASNPSAGTLYNEQFF,grey,1,
CASSDGIGQGASGYTF,CASSPGEGMLVSEAFF,grey,1,
CASSDGIGQGASGYTF,CASSLEGQGASEQFF,grey,1,
CASSYYRLAGELFF,CASSYRGLSGELFF,grey,1,
CASREGDINTGELFF,CASSHERDRDTGELFF,grey,1,
CASREGDINTGELFF,CASREGLGGTEAFF,grey,1,
CASSIDLAGGSYEQYF,CASSLRLVAGRSYNEQFF,grey,1,
CASSIDLAGGSYEQYF,CASSTDLATGAYEQYF,grey,1,
CASLEGYAAGELFF,CASSVEGGGAKETQYF,grey,1,
CASLEGYAAGELFF,CASSLEGRREGETQYF,grey,1,
CASSSPPSGGGYEQFF,CASSVDSGLGYGYTF,grey,1,
CASSSPPSGGGYEQFF,CASSPSREGYTF,grey,1,
CASSLPPRNTEAFF,CAWSVPLGRREKLFF,grey,1,
CASSLPPRNTEAFF,CASSPHRNTEAFF,grey,1,
CASREGLGGTEAFF,CASRVGAGNTEAFF,grey,1,
CASSPPGLPGYTF,CASSLQGASGYTF,grey,1,
CASSYSGTNQPQHF,CASSYSTGTHLEQYF,grey,1,
CASSLEREGRGEQFF,CSASLERMNTGELFF,grey,1,
CASSSQGWGRVYSEQFF,CASSQGVGENTEAFF,grey,1,
CASRVGTGNLYEQYF,CASSRDRTGRANYGYTF,grey,1,
CASRVGTGNLYEQYF,CASRVGAGNTEAFF,grey,1,
CASSFRALAADTQYF,CASSFFGAQQVDGYTF,grey,1,
CASSPGGGMNTEAFF,CASSPYGGPGNTIYF,grey,1,
CASSPGGGMNTEAFF,CASSDAGGRNTLYF,grey,1,
CASSPGGGMNTEAFF,CASSQGVGENTEAFF,grey,1,
CSARDLTSGANNEQFF,CARAFESGANVLTF,grey,1,
CSARDLTSGANNEQFF,CASGLLTSGSINEQFF,grey,1,
CSARDLTSGANNEQFF,CASSLNSGLYNEQFF,grey,1,
CASSLGHGRSSYEQYF,CASSLNPGRSDSPLHF,grey,1,
CASSLGHGRSSYEQYF,CASSLGQGKSSYEQYF,grey,1,
CASSMRSADTQYF,CASSIRSAHEQFF,grey,1,
CASSMRSADTQYF,CASSIRSEDTQYF,grey,1,
CASGDASGGNTLYF,CASGDAGGGYEQYF,grey,1,
CASGDASGGNTLYF,CASGDASGAETLYF,grey,1,
CASSQDRASGEYEQYF,CASSLDRVSVNTEAFF,grey,1,
CASSQDRASGEYEQYF,CASSQDLASGTYNEQFF,grey,1,
CASSGRGSYNEQFF,CASSRTGSTYEQYF,grey,1,
CASLPTGTNTGELFF,CASSEPIGTGGNQPQHF,grey,1,
CASSLYGADTQYF,CASSLQGASGYTF,grey,1,
CASSLYGADTQYF,CASSLYGNQPQHF,grey,1,
CASSLYGADTQYF,CASSLIGRDEQFF,grey,1,
CASSLYGADTQYF,CASSSPGGVSTEAFF,grey,1,
CASSFLQGEKLFF,CASSYAQGNEQFF,grey,1,
CASSFLQGEKLFF,CASSFRQGEAFF,grey,1,
CSILGSNAGPQETQYF,CASTSRAGFNEQFF,grey,1,
CASSPRTSFETQYF,CASSQTTSVNTEAFF,grey,1,
CASSIVRGQRETKNIQYF,CASSLEGRREGETQYF,grey,1,
CASSPSMRSGLAEAFF,CASSFRQGEAFF,grey,1,
CASSLASPGHFTGELFF,CASSLDPGDTGELFF,grey,1,
CASSLAQGQPQHF,CASSYASNQPQHF,grey,1,
CASSLAQGQPQHF,CASSDAPGQLYF,grey,1,
CASSLAQGQPQHF,CASSLYSNQPQHF,grey,1,
CAIANRGTEAFF,CASTVNRGSEGYTF,grey,1,
CASSQGVGENTEAFF,CASSQGFGANVLTF,grey,1,
CASSEGLGGALYGYTF,CSAGVGGQETQYF,grey,1,
CASSPAGQGGYEQYF,CASSQVGQNLYEQYF,grey,1,
CASSFRGGKTQYF,CASSFGTGEAFF,grey,1,
CASSYVGNTGELFF,CASSYLGNTGELFF,grey,1,
CASSATGSNTGELFF,CASSQERGDNTKNTQYF,grey,1,
CASSLETVNTEAFF,CSASLERMNTGELFF,grey,1,
CASSLETVNTEAFF,CASSQVRLNTEAFF,grey,1,
CASSLGQGKSSYEQYF,CASSANPGDSSNEKLFF,grey,1,
CASSLGQGKSSYEQYF,CASSIGQGKSSYEQYF,grey,1,
CASSLADRVNTEAFF,CASSLASRVGSPLHF,grey,1,
CASSQETQYF,CASSAETQYF,grey,1,
CASSFARTRWEQYF,CASSEARRYNEQFF,grey,1,
CASRIWDGGASTDTQYF,CTCSAAPDWGASAETLYF,grey,1,
CASRIWDGGASTDTQYF,CASSYWDRTTSGNTIYF,grey,1,
CASSPSGTGANEQFF,CASGTEAFF,grey,1,
CASSPSGTGANEQFF,CAISESGTGFEQYF,grey,1,
CASSPSGTGANEQFF,CASSPSTGTIYGYTF,grey,1,
CASRIYAGSPYEQYF,CASRLMPGSTYEQYF,grey,1,
CASSLMANQPQHF,CASSLMTNQPQHF,grey,1,
CASSEDSGGYNEQFF,CASSSHDTGGYNSPLHF,grey,1,
CASSLWKGAGYTF,CASSLYRGIGLFF,grey,1,
CSAGVGGQETQYF,CASSLEVTGLNTEAFF,grey,1,
CASSPGEGMLVSEAFF,CASSPPRNMEPSYEQYF,grey,1,
CASSSPGGVSTEAFF,CASSSGGLSEQYF,grey,1,
CASSLAPGTTNEKLFF,CASSLPGTAYEQYF,grey,1,
CASSLAPGTTNEKLFF,CASATSGTYYEQYF,grey,1,
CASRQENSGNTIYF,CSARDMASGRNEQYF,grey,1,
CASSPGYGSSGNTIYF,CASSLYGSSYNEQFF,grey,1,
CSARGQDIYEQYF,CSVALGSDTGELFF,grey,1,
CASTGAGEGPFF,CASSRGTGEGYEQYF,grey,1,
CASSDRDVTGELFF,CASSDRLENNEKLFF,grey,1,
CASSRTGSTYEQYF,CASSIAGSAYEQYF,grey,1,
CASSYLGNTGELFF,CASSLAGFTGELFF,grey,1,
CASSNYPGGARTDTQYF,CASSIYPGQLYNSPLHF,grey,1,
CASSPGDRGKTNEQFF,CASSFDRGTGNTIYF,grey,1,
CASSPGDRGKTNEQFF,CASSLGDRGRGYGYTF,grey,1,
CASSLLGGWSEAFF,CASSLVGGPSVQFF,grey,1,
CASSPVTGGIYGYTF,CASSPSTGTIYGYTF,grey,1,
CASSIVGGNEQFF,CASSLVGTGELFF,grey,1,
CASSIVGGNEQFF,CASSFLGLNEQFF,grey,1,
CASSIVGGNEQFF,CASSSIAGRGEKLFF,grey,1,
CASSQDPGGTEAFF,CANSQPGGIEQFF,grey,1,
CASSQDPGGTEAFF,CASSQDKTTGELFF,grey,1,
CASSQDPGGTEAFF,CASSQDSGRGELFF,grey,1,
CASGDAWGYEQYF,CASSMSAMGTEAFF,grey,1,
CAWVPGTGGRAAFF,CAISEYPPTGRKADTQYF,grey,1,
CAWVPGTGGRAAFF,CASSVDPTGGGRQETQYF,grey,1,
CAWVPGTGGRAAFF,CASGGGGTLYF,grey,1,
CASTLAGVGYEQFF,CASRTLAGPNTGELFF,grey,1,
CASTLAGVGYEQFF,CTCSAGLGYEQYF,grey,1,
CASTLAGVGYEQFF,CASGDAGGGYEQYF,grey,1,
CASSIDYPSGVQETQYF,CASREDGASGSPDTQYF,grey,1,
CASREDGASGSPDTQYF,CATTPGASGISEQFF,grey,1,
CASSQWGRPQETQYF,CASSMGGNPEQYF,grey,1,
CSANDRTSGSNYNEQFF,CASSPTSGSVYEQFF,grey,1,
CSANDRTSGSNYNEQFF,CASSWGQGSNYGYTF,grey,1,
CASSQDFGRTQYF,CASSLSFGTEAFF,grey,1,
CASSVEGGGAKETQYF,CASSLQGIGAKNIQYF,grey,1,
CASSWGQGKSSYEQYF,CASSIGQGKSSYEQYF,grey,1,
CASSLGTSFRTDTQYF,CASSRRTSGGTDTQYF,grey,1,
CASSQWGGQPQHF,CASSLYGGQPQHF,grey,1,
CASSVVGYLGYTF,CASSLVGTGELFF,grey,1,
CASSQDRDRGPDEKLFF,CATSDSTSGGTDTQYF,grey,1,
CASRRGPYEQYF,CASRRGSAELYF,grey,1,
CASSPGTGVEQYF,CASSSGVGTEVFF,grey,1,
CASSLLGVSYYNEQFF,CSVALGSDTGELFF,grey,1,
CASSAETQYF,CASSYNEQFF,grey,1,
CASSIVERAEAFF,CASSSIAGRGEKLFF,grey,1,
CASSPASGSLFF,CASSDAPGQLYF,grey,1,
CASSQTRTSGRVDPDTQYF,CASSRRTSGGTDTQYF,grey,1,
CASSLRPDPPYNEQFF,CSANPEGPYEQYF,grey,1,
CSAEGLAGGKNTGELFF,CASRTLAGPNTGELFF,grey,1,
CSAEGLAGGKNTGELFF,CASSQGLAGEVYTGELFF,grey,1,
CSASPERGTSVGTDTQYF,CASSEGLWQVGDEQYF,grey,1,
CASSDRLENNEKLFF,CASSDRGMNTEAFF,grey,1,
CASSFGTGEAFF,CASSWGGGEQYF,grey,1,
CASSFGTGEAFF,CASSGYTGELFF,grey,1,
CASSFGTGEAFF,CASSLGTGELFF,grey,1,
CASSPSELAGGRLDTQYF,CASSELAGGGDTQYF,grey,1,
CASSWSFGTEAFF,CASSLSFGTEAFF,grey,1,
CSVWVGREQETQYF,CASTVNRGSEGYTF,grey,1,
CASSFFGNQPQHF,CASSLYGNQPQHF,grey,1,
CASSMSAMGTEAFF,CASSEDGMNTEAFF,grey,1,
CASSYQGTEAFF,CASSHQTGELFF,grey,1,
CASVSGQGVSPLHF,CSARDGQGSSPLHF,grey,1,
CASSYRGLSGELFF,CAISGQGASYEQYF,grey,1,
CASSLESWGRAYNEQFF,CASSLGDRGRGYGYTF,grey,1,
CASSHQTGELFF,CASSLGTGELFF,grey,1,
CASSYWQGELFF,CASSFRQGEAFF,grey,1,
CASSPTSGSVYEQFF,CASSPLDVSISSYNEQFF,grey,1,
CASSVRASDEQYF,CASSIRASYEQYF,grey,1,
CASSPTSGIYEQYF,CASSFQGFTEAFF,grey,1,
CASSPTSGIYEQYF,CASSPGQGVYEQYF,grey,1,
CASSMGGNPEQYF,CASSMGGTYEQYF,grey,1,
CASSFGVNSDYTF,CASSMGANEQFF,grey,1,
CAISESGTGFEQYF,CASSEDGMNTEAFF,grey,1,
CASSQARDPQGILHF,CASSQARDRGNGYTF,grey,1,
CASSPRDRARGDEQYF,CASSDRDRGGNQPQHF,grey,1,
CASSLYGGQPQHF,CASSLYGNQPQHF,grey,1,
CASSLWSAGVHNEQFF,CASSQNSVGSYNEQFF,grey,1,
CASSLDRVSVNTEAFF,CASSLSGVPHNNEQFF,grey,1,
CASSLDRVSVNTEAFF,CASSQTTSVNTEAFF,grey,1,
CASSLVAETYEQYF,CASSQQETYEQYF,grey,1,
CASSLEGQGASEQFF,CASSSHDRQGASSPLHF,grey,1,
CASSLEGQGASEQFF,CAISEEGQGRDEQFF,grey,1,
CASSLEGQGASEQFF,CASSQAGQGNSPLHF,grey,1,
CASSWGQGSNYGYTF,CASNGQGDTEAFF,grey,1,
CASSLNFVGLNQPQHF,CASSISAGVGVGQETQYF,grey,1,
CASSRRTSGGTDTQYF,CASRKLAGPTDTQYF,grey,1,
CASSLDSSGGNEQYF,CASSLDSSSGNTIYF,grey,1,
CASSFGQRDRGYWRNTEAFF,CASSDRDRGGNQPQHF,grey,1,
CASSVEAGPNEQYF,CASAQIGPYEQYF,grey,1,
CASSRDLNEQFF,CASSLSRALNNQAPLF,grey,1,
CASSRDLNEQFF,CASSRANYEQYF,grey,1,
CASSRDLNEQFF,CASSLWLNEQFF,grey,1,
CASSIGVYGYTF,CASSTGSYGYTF,grey,1,
CASSIGVYGYTF,CASSTGFYGYTF,grey,1,
CASSSLPGGGVDTQYF,CASSLGEGRVDGYTF,grey,1,
CASSSLPGGGVDTQYF,CASSLLTGGTDTQYF,grey,1,
CASNGQGDTEAFF,CASSPGQGVYEQYF,grey,1,
CASSLDLYGYTF,CASSPSDYGYTF,grey,1,
CATSIDRGREKLFF,CASSFDRGTGNTIYF,grey,1,
CASSGLAGGMDEQFF,CASSRLAGGMDEQFF,grey,1,
CASFSPRVYEQYF,CASSIDGTAYEQYF,grey,1,
CASSFDRGTGNTIYF,CASSSHDTGGYNSPLHF,grey,1,
CASSFDRGTGNTIYF,CASSSRDRGLGTEAFF,grey,1,
CASSFDRGTGNTIYF,CASSWDRGTGEQYF,grey,1,
CASTQSPLAGNEQYF,CASSLDSQSSGNTIYF,grey,1,
CASRVGAGNTEAFF,CASTSRAGFNEQFF,grey,1,
CASSVDPTGGGRQETQYF,CASSWGGGEQYF,grey,1,
CASSFGQSSTYGYTF,CASSITLSSYNEQFF,grey,1,
CASSFRQGEAFF,CASSVGQGKAFF,grey,1,
CASSFRQGEAFF,CASSEGDTEAFF,grey,1,
CASSFRQGEAFF,CASSARSGELFF,grey,1,
CASSPHQEVTEAFF,CASSQQETYEQYF,grey,1,
CASSITLSSYNEQFF,CSARDRQASSYNEQFF,grey,1,
CASSITLSSYNEQFF,CASSLYGSSYNEQFF,grey,1,
CASSITLSSYNEQFF,CASSIALSDNYGYTF,grey,1,
CASSITLSSYNEQFF,CASSLIGVSSYNEQFF,grey,1,
CSVEEGSRAQYF,CAISEEGQGRDEQFF,grey,1,
CASSDPGTEAFF,CASSPPRSEAFF,grey,1,
CASSDPGTEAFF,CASSPGGELFF,grey,1,
CASSDPGTEAFF,CASDSNTEAFF,grey,1,
CASSDPGTEAFF,CASSSLNTEAFF,grey,1,
CASSDNRVWTEAFF,CASSQVRLNTEAFF,grey,1,
CASSLSFGTEAFF,CASSPSRNTEAFF,grey,1,
CASSEGSLGGGLETQYF,CASVQGGSGGRGSYEQYF,grey,1,
CASSLIGVSSYNEQFF,CASSLAVLSSYNEQFF,grey,1,
CASSMGANEQFF,CASSGTHNEQFF,grey,1,
CASSMGANEQFF,CASSIGQYEQYF,grey,1,
CASSQGLAGEVYTGELFF,CASGAPGTPYNEQFF,grey,1,
CASSLGTGGGYTF,CASSLGREYGYTF,grey,1,
CASSLGTGGGYTF,CASSLTGGGELFF,grey,1,
CASSLGTGGGYTF,CASSLYRGIGLFF,grey,1,
CASSTGFYGYTF,CASSSGIYGYTF,grey,1,
CASSTGFYGYTF,CASSTGNYGYTF,grey,1,
CASSPLDVSISSYNEQFF,CASSASAEFSSYEQYF,grey,1,
CASSSTGLPYGYTF,CASSFGVSYEQYF,grey,1,
CASSRLAGGMDEQFF,CASSELAGGGDTQYF,grey,1,
CASSPGGELFF,CASSPGLPEYF,grey,1,
CASSPGGELFF,CASSYTGELFF,grey,1,
CASSFDPGSYGYTF,CASSQNSVGSYNEQFF,grey,1,
CASSFDPGSYGYTF,CASSIDAGSNYEQYF,grey,1,
CASSFDPGSYGYTF,CASSLDPGDTGELFF,grey,1,
CASSQVRLNTEAFF,CASSQVRGRGEQYF,grey,1,
CASSQLEQGGETQYF,CASSQAGQAGELFF,grey,1,
CASSQDLASGTYNEQFF,CASSIDLASGTTYEQYF,grey,1,
CASSLQGIGAKNIQYF,CASSTGQGEGLYSNQPQHF,grey,1,
CASSLQGIGAKNIQYF,CASSQGFGANVLTF,grey,1,
CASSSHDTGGYNSPLHF,CASSQQTGTIGGYTF,grey,1,
CASSLAGTGGRFSYEQYF,CASVQGGSGGRGSYEQYF,grey,1,
CASSTRGGGDAKNIQYF,CASRGTGGGSGQPQHF,grey,1,
CASSTRGGGDAKNIQYF,CASRRPGGDTEAFF,grey,1,
CASSQDLFTGGYTF,CASSQDRLTGGYTF,grey,1,
CASSIDLASGTTYEQYF,CSARDPAPEETQYF,grey,1,
CASSIDLASGTTYEQYF,CSARDMASGRNEQYF,grey,1,
CASSIDLASGTTYEQYF,CASSIDLTSGVYNEQFF,grey,1,
CSARRSDRVNTEAFF,CASRRQGTVYEQYF,grey,1,
CAISGQGASYEQYF,CAISGQAVSTDTQYF,grey,1,
CAISGQGASYEQYF,CASSDTVSYEQYF,grey,1,
CAISGQGASYEQYF,CASRGQGFSYEQYF,grey,1,
CAISGQGASYEQYF,CASGLGGSNEQFF,grey,1,
CASSTGNYGYTF,CASTGGLGYTF,grey,1,
CASSTGNYGYTF,CASSTGRYYEQYF,grey,1,
CASSLGEGRVDGYTF,CASSVGLGFTDTQYF,grey,1,
CASSLSRLAGDYTGELFF,CASSLAGDYEQYF,grey,1,
CASGWGSQPQHF,CASGQGQETQYF,grey,1,
CASTVNRGSEGYTF,CASSYSIRGSRGEQFF,grey,1,
CASGLLTSGSINEQFF,CASRLMPGSTYEQYF,grey,1,
CSAGGWDRVNQPQHF,CSGGQDYNEQFF,grey,1,
CASSQDRLTGGYTF,CASSSHDRDGGYSPLHF,grey,1,
CASSQDRLTGGYTF,CASSQDKTTGELFF,grey,1,
CASSQDRLTGGYTF,CASSDSRANTGELFF,grey,1,
CASSELAGGGDTQYF,CASSLLTGGTDTQYF,grey,1,
CASSVGGISPLHF,CASSVGGAQPQHF,grey,1,
CASSLQVWNEQFF,CASSLGLENEQFF,grey,1,
CASSRDRTGRANYGYTF,CATSRDGAGLVNQPQHF,grey,1,
CATSEGNEQFF,CSARDRYNEQFF,grey,1,
CASSQGQGIADTQYF,CASSHTSGNGDTQYF,grey,1,
CASSQGQGIADTQYF,CASSVGLGFTDTQYF,grey,1,
CASSSGATEAFF,CASPGETEAFF,grey,1,
CASSSGATEAFF,CASSPGSTEAFF,grey,1,
CASSSGATEAFF,CASSSLNTEAFF,grey,1,
CASSLMTNQPQHF,CASSLYGNQPQHF,grey,1,
CSGGQDYNEQFF,CSARDRYNEQFF,grey,1,
CASSFQGYTEAFF,CASSFQGFTEAFF,grey,1,
CASSVEGIDEKLFF,CASSLGIDAIYF,grey,1,
CASSLYGNQPQHF,CASSLIGNEQFF,grey,1,
CASSLYGNQPQHF,CASSVGGAQPQHF,grey,1,
CASSLYGNQPQHF,CASSLYSNQPQHF,grey,1,
CASSIAGSAYEQYF,CASSFSGSLTTEAFF,grey,1,
CASSLGTGELFF,CASSLGHTEVFF,grey,1,
CASSLGTGELFF,CASSARTGELFF,grey,1,
CASSQPSQGGRLEQYF,CASSQSSGGGRSEAFF,grey,1,
CASSLEGRREGETQYF,CASRAWGREGEKLFF,grey,1,
CASSSVNVAFF,CASSSVSEAFF,grey,1,
CASSSVNVAFF,CASSSVNEQFF,grey,1,
CASSRGDTEAFF,CASSEGDTEAFF,grey,1,
CSANPEGPYEQYF,CASRRPGGDTEAFF,grey,1,
CASSIRRIDPYNEQFF,CASRYRDDSYNEQFF,grey,1,
CASSIRRIDPYNEQFF,CASKMRGDVYEQYF,grey,1,
CASSISAGVGVGQETQYF,CASSVGLGFTDTQYF,grey,1,
CASSLVLSSPTYEQYF,CASSLAVLSSYNEQFF,grey,1,
CAIDRVGTGELFF,CASTSRAGFNEQFF,grey,1,
CASSDRDRGGNQPQHF,CSARDRYNEQFF,grey,1,
CASSPDRGYEQFF,CASSQQETYEQYF,grey,1,
CASSPDRGYEQFF,CASSPSRNTEAFF,grey,1,
CASSQAQGMGNSPLHF,CASSQSSGGGRSEAFF,grey,1,
CASSDRGMNTEAFF,CASSTRRNTEAFF,grey,1,
CASSHTSGNGDTQYF,CATSDSTSGGTDTQYF,grey,1,
CASSQQTGTIGGYTF,CASSPSTGTIYGYTF,grey,1,
CASSFQGFTEAFF,CASSFLGLNEQFF,grey,1,
CASSQVVAFGDTQYF,CASSQIRETGSPLHF,grey,1,
CASGGGGTLYF,CASSARSTGGFGANVLTF,grey,1,
CASSLGGNLYEQYF,CASSLPGTAYEQYF,grey,1,
CASSVGGAQPQHF,CASSLGTLQPQHF,grey,1,
CASNPSAGTLYNEQFF,CAISVSGTRVYNEQFF,grey,1,
CASNPSAGTLYNEQFF,CASSQVGTVYGYTF,grey,1,
CASSSHDRDGGYSPLHF,CASSVSRDRNGELFF,grey,1,
CASSDALQETQYF,CASSPDYDQETQYF,grey,1,
CASSDALQETQYF,CASSQALPYEQYF,grey,1,
CASSARTGELFF,CASSARSGELFF,grey,1,
CASSARTGELFF,CASSLKIGEQFF,grey,1,
CASSSRTGDQETQYF,CASSIFGQREQYF,grey,1,
CASSEFRTRGYTF,CASSLYRGIGLFF,grey,1,
CSARGADTQYF,CASSFGADTQYF,grey,1,
CASSLVGGEQYF,CASSLKIGEQFF,grey,1,
CASSLVGGEQYF,CASSLIGNEQFF,grey,1,
CASSEGDTEAFF,CASSPGSTEAFF,grey,1,
CASSLDPGDTGELFF,CASSVDSGSTNEQFF,grey,1,
CASSIDGTAYEQYF,CASSRDFYAYNEQFF,grey,1,
CASSIDGTAYEQYF,CASSYSGHVYEQYF,grey,1,
CASSIDGTAYEQYF,CASSLPGTAYEQYF,grey,1,
CASSFNMATGQYF,CASSYNIAGELFF,grey,1,
CASSLGHTEVFF,CASSLGVEELFF,grey,1,
CASSSGVGTEVFF,CASSSGQAYEQYF,grey,1,
CASSLGREETQYF,CASSLIGEETQYF,grey,1,
CASSLGREETQYF,CASSLGREYGYTF,grey,1,
CSANPRDESYNEQFF,CASSRQESYGYTF,grey,1,
CSANPRDESYNEQFF,CASRYRDDSYNEQFF,grey,1,
CASSTGSYGYTF,CASSTRSTGELFF,grey,1,
CASSTGSYGYTF,CASTGSYGYTF,grey,1,
CASSLWLNEQFF,CASSLIGNEQFF,grey,1,
CASGLGGSNEQFF,CASRPRRDNEQFF,grey,1,
CASSLVGTGELFF,CASSLVGATAFF,grey,1,
CASSLVGTGELFF,CASSLTGGGELFF,grey,1,
CASSLIGEETQYF,CASSLIGNEQFF,grey,1,
CASTHGTSGEDTQYF,CATTPGASGISEQFF,grey,1,
CATSDSTSGGTDTQYF,CAISESRSRVTDTQYF,grey,1,
CASSPSEGLNTEAFF,CASSPSTGTIYGYTF,grey,1,
CASSVDSGLGYGYTF,CASSVDSGSTNEQFF,grey,1,
CASSLTGGGELFF,CASSLLTGGTDTQYF,grey,1,
CASSLTGGGELFF,CASSQVRGRGEQYF,grey,1,
CASSLTGGGELFF,CASSLIYPGELFF,grey,1,
CASSLTGGGELFF,CASSPTGVGEQFF,grey,1,
CASSLTGGGELFF,CASSLMGNTEAFF,grey,1,
CASSYNIAGELFF,CASSPTGVGEQFF,grey,1,
CASSLYSNQPQHF,CASSQYSNQPQHF,grey,1,
CASSLPGTAYEQYF,CASSQARTAYEQYF,grey,1,
CASSLGLENEQFF,CASSLGQAYEQYF,grey,1,
CASSLGLENEQFF,CASSLGVEELFF,grey,1,
CASSFLGLNEQFF,CASSIFGQREQYF,grey,1,
CASSFLGLNEQFF,CASSESGAGELFF,grey,1,
CASSSQGAAGELFF,CASSSRAAYEQYF,grey,1,
CASSSQGAAGELFF,CASSDSGEAGELFF,grey,1,
CASSWWDTGELFF,CASSDWGDTGQLYF,grey,1,
CASSWWDTGELFF,CASSMRSTGELFF,grey,1,
CASSWWDTGELFF,CASSSWDTGELFF,grey,1,
CASSWDRGTGEQYF,CASSLSRGWTEAFF,grey,1,
CASSWDRGTGEQYF,CASSYDRGPREGYTF,grey,1,
CASSWDRGTGEQYF,CASSQDKTTGELFF,grey,1,
CASGDAGGGYEQYF,CAGQVTNTGELFF,grey,1,
CASTSRAGFNEQFF,CASSARSTGGFGANVLTF,grey,1,
CASSLEAVSIHGYTF,CAISGQAVSTDTQYF,grey,1,
CASSQVGTVYGYTF,CASSPVGGDYGYTF,grey,1,
CASSQVGTVYGYTF,CASSPGGVYGYTF,grey,1,
CASSPSDYGYTF,CASSDSYGYTF,grey,1,
CASSPSDYGYTF,CASSPSREGYTF,grey,1,
CASSPHRNTEAFF,CASSPSRNTEAFF,grey,1,
CASSPHRNTEAFF,CASSPARNTEAFF,grey,1,
CASSLGRASNQPQHF,CASSLYRGSNQPQHF,grey,1,
CASSGTHNEQFF,CASSRGHPLQFF,grey,1,
CASSPSRNTEAFF,CASSQDRHTEAFF,grey,1,
CASSPSRNTEAFF,CASSPSREGYTF,grey,1,
CASSQAGQGNSPLHF,CASSQIRETGSPLHF,grey,1,
CASSQAGQGNSPLHF,CASSVATSGGSQQFF,grey,1,
CAISEQEDQPQHF,CSARDGQGSSPLHF,grey,1,
CASSMGGTYEQYF,CASSEGYIYEQYF,grey,1,
CASSMGGTYEQYF,CASSTGRYYEQYF,grey,1,
CASSQARDRGNGYTF,CASSVRSTGELFF,grey,1,
CASSLLTGGTDTQYF,CASSLQRGRTDTQYF,grey,1,
CASSTRRNTEAFF,CASSPARNTEAFF,grey,1,
CASSTRRNTEAFF,CASSTGRYYEQYF,grey,1,
CASSWSASYEQYF,CASSFHISYEQYF,grey,1,
CASSIRSAHEQFF,CASSIRSSYEQYF,grey,1,
CASSIRSAHEQFF,CASSIRSTGELFF,grey,1,
CASSIRSAHEQFF,CASSIRSAWAQYF,grey,1,
CASSPGSTEAFF,CASSQGSYEQYF,grey,1,
CASTGGLGYTF,CASNRGDGYTF,grey,1,
CASSYNEQFF,CASSYTGELFF,grey,1,
CASSPGTFRYTF,CASSSGIYGYTF,grey,1,
CASDSNTEAFF,CASSSVNEQFF,grey,1,
CASSAGLDAEQYF,CASSQGQDTEAFF,grey,1,
CASSAGLDAEQYF,CASSLGIDAIYF,grey,1,
CASSQAGQAGELFF,CASSLGQAYEQYF,grey,1,
CASRGTGGGSGQPQHF,CAAGTRTDTQYF,grey,1,
CASSTRSTGELFF,CSARPRRSAGELFF,grey,1,
CASSTRSTGELFF,CASSIRSTGELFF,grey,1,
CASSSPGASTYEQYF,CASSFSPTAQGLEQYF,grey,1,
CASSSPGASTYEQYF,CASSSRASYEQYF,grey,1,
CASSQDKTTGELFF,CASSQVRGRGEQYF,grey,1,
CAISVSGTRVYNEQFF,CASSYSKMTAYNSPLHF,grey,1,
CASSQVRGRGEQYF,CASSQARTAYEQYF,grey,1,
CASGQGQETQYF,CASSQEVETQYF,grey,1,
CASRRQGTVYEQYF,CASRRPGGDTEAFF,grey,1,
CASRRQGTVYEQYF,CASRGQGFSYEQYF,grey,1,
CASSLSWGPGNTIYF,CASSLSRASGNTLYF,grey,1,
CASSRQESYGYTF,CASSFHISYEQYF,grey,1,
CASSIGQYEQYF,CASSYGSYEQYF,grey,1,
CASSYDRGPREGYTF,CASSLHDRGSRTEAFF,grey,1,
CASSYDRGPREGYTF,CASSDDRGPYEQYF,grey,1,
CASAQIGPYEQYF,CASSDDRGPYEQYF,grey,1,
CASSLYGSSYNEQFF,CASSYRSSYEQYF,grey,1,
CASSDSTSGGNEQFF,CASSSWDTGELFF,grey,1,
CASSQALPYEQYF,CASSDTVSYEQYF,grey,1,
CASSLSRASGNTLYF,CASSSRASYEQYF,grey,1,
CASRSAGHQETQYF,CSARDHGGDYGYTF,grey,1,
CASKMGAEAFF,CASSYSKMTAYNSPLHF,grey,1,
CASSSRGSGGASSYEQYF,CASVQGGSGGRGSYEQYF,grey,1,
CASSIRSTGELFF,CASSVRSTGELFF,grey,1,
CASSIRSTGELFF,CASSMRSTGELFF,grey,1,
CASTSVRDRLEKLFF,CASSVRSTGELFF,grey,1,
CAWSINSAEAFF,CASSIRSAWAQYF,grey,1,
CASSSAFYGYTF,CASSSGIYGYTF,grey,1,
CASSSAFYGYTF,CASSSAYYGYTF,grey,1,
CASSLRDGSNQAPLF,CASSLYRGSNQPQHF,grey,1,
CASSLRDGSNQAPLF,CSARLPRDYSNQPQHF,grey,1,
CASSVDSGSTNEQFF,CASSRDSNSNQPQHF,grey,1,
CASSVDSGSTNEQFF,CASSDSDGSGELFF,grey,1,
CASSVDSGSTNEQFF,CASSLDSSSGNTIYF,grey,1,
CASSAGNTIYF,CASSLGEKLFF,grey,1,
CASSYGSYEQYF,CASSQGSYEQYF,grey,1,
CASSSVNEQFF,CASSSSYEQYF,grey,1,
CASSPGGVYGYTF,CASSPTGVGEQFF,grey,1,
CATSDSAGYNEQFF,CASSSANYGYTF,grey,1,
CASSSANYGYTF,CASSSAYYGYTF,grey,1,
CASSPVGGDYGYTF,CSARDHGGDYGYTF,grey,1,
CASSARSTGGFGANVLTF,CASSHRDRGISGANVLTF,grey,1,
CASSQIRETGSPLHF,CASSPRREQGDTQYF,grey,1,
CASSYTGELFF,CASSMGGEQYF,grey,1,
CASSPDIEQYF,CASSPEETQYF,grey,1,
CASSPDIEQYF,CASSSSYEQYF,grey,1,
CASNRGDGYTF,CASSYSIRGSRGEQFF,grey,1,
CASSIRASYEQYF,CASSIRSSYEQYF,grey,1,
CASSIRASYEQYF,CASSFGVSYEQYF,grey,1,
CASSFGVSYEQYF,CASSFHISYEQYF,grey,1,
CASSPSRVLYEQYF,CASSSRAAYEQYF,grey,1,
CATSSGDLSSGANVLTF,CASSLDSSSGNTIYF,grey,1,
CSARDSGLSHGEQFF,CSARDHGGDYGYTF,grey,1,
CASRGQGFSYEQYF,CASTAQGFSNQPQHF,grey,1,
CASSFGADTQYF,CASSLGGDIQYF,grey,1,
CASSSRAAYEQYF,CASSSGQAYEQYF,grey,1,
CASSSRAAYEQYF,CASSSRASYEQYF,grey,1,
CASSLGQAYEQYF,CASSSGQAYEQYF,grey,1,
CASSGVGSGRPNSYNEQFF,CASVQGGSGGRGSYEQYF,grey,1,
CASSQDRHTEAFF,CASSQDRDTQYF,grey,1,
CASSLDSSSGNTIYF,CASSLDSQSSGNTIYF,grey,1,
CASSLYRGSNQPQHF,CASSSLRGSNQPQHF,grey,1,
CASVQGGSGGRGSYEQYF,CASSGSSGGRTDTQYF,grey,1,
CWSFAGSYYVF,CASSYSIRGSRGEQFF,grey,1,
CASSDLNSPLHF,CASSDGGSPQFF,grey,1,
CASSQETGSYEQYF,CASSLEGSYEQYF,grey,1,
CASSQETGSYEQFF,CASSQETGSASQHF,grey,1,
CASSQETGSYEQFF,CASSLEGSYEQYF,grey,1,
CASSLQRGRTDTQYF,CASSHLDRGKKDYEQYF,grey,1,
CASSLQRGRTDTQYF,CAISAPRGERDEQYF,grey,1,
CASSLDIPSYNEQFF,CASSDTVSYEQYF,grey,1,
CASSMGGEQYF,CASSFGREQYF,grey,1,
CASSQEVETQYF,CASSLERETQYF,grey,1,
CSVAGQGDDHTDTQYF,CSGDRSSDTQYF,grey,1,
CASSQGSYEQYF,CASSDGDYEQYF,grey,1,
CASSVRYEQYF,CASSFGREQYF,grey,1,
CASSSSGGGAGDTQYF,CASSSLTGSGQPQHF,grey,1,
CASSSFYDSNEKLFF,CASSIRSSYEQYF,grey,1,
CASSQDPGSSYNEQFF,CASSSSGSSYNEQFF,grey,1,
CASSLGEKLFF,CASSLGRGQFF,grey,1,
CASSHRDRGISGANVLTF,CATSRDRGWSNQPQHF,grey,1,
CASSLERDGYTF,CASSLEGSYEQYF,grey,1,
CASSQSSGGGRSEAFF,CASSGSSGGRTDTQYF,grey,1,
CASSSGQAYEQYF,CASSQGQDTEAFF,grey,1,
CASSDWVSYEQYF,CASSDTVSYEQYF,grey,1,
CASSLAGDYEQYF,CASSLLTDTQYF,grey,1,
CASSLAGDYEQYF,CASSLEGSYEQYF,grey,1,
CASSFGREQYF,CASSGSSGGRTDTQYF,grey,1,
CASSFGREQYF,CASSLGRGQFF,grey,1,
CASSSRASYEQYF,CASSDTVSYEQYF,grey,1,
CASSSRASYEQYF,CASSSRSSYEQYF,grey,1,
CASSLERETQYF,CASSLLTDTQYF,grey,1,
CASSLERETQYF,CASSQIRETQYF,grey,1,
CASSYRSSYEQYF,CASSIRSSYEQYF,grey,1,
CASSDGGSPQFF,CASSSLTGSGQPQHF,grey,1,
CASSLLTDTQYF,CATSALGDTQYF,grey,1,
CASSLLTDTQYF,CASSQDRDTQYF,grey,1,
CASSLLTDTQYF,CASSLGGDIQYF,grey,1,
CASSIRSSYEQYF,CASSSRSSYEQYF,grey,1,
CSGDRSSDTQYF,CATSALGDTQYF,grey,1,
CAISDPRDSYEQYF,CASSSPHRDSYSPLHF,grey,1,
CAISDPRDSYEQYF,CASSSRSSYEQYF,grey,1,
CASSLGGDIQYF,CASSSLTGSGQPQHF,grey,1,
CASSSLRGSNQPQHF,CASSSLTGSGQPQHF,grey,1,
CASSSSGSSYNEQFF,CASSSRSSYEQYF,grey,1,
