source,target,size
CASSPTNPAGDTETQYF,CASSRTSPTDTQYF,0.259
CASNPAGGAGLGYGYTF,CASSGLAGGPVSGANVLTF,0.294
CASNPAGGAGLGYGYTF,CASSLAYILGLGDEQFF,0.185
CASNPAGGAGLGYGYTF,CASSLLGGAGTGELFF,0.165
CSAPFPGQGDYGYTF,CASSVEGQGDTEAFF,0.231
CSAPFPGQGDYGYTF,CASSPTPGDPHYGYTF,0.208
CSAPFPGQGDYGYTF,CASSNFLGQGDEKLFF,0.191
CASSRTSPTDTQYF,CASSKGSVAPGELFF,0.241
CASSRTSPTDTQYF,CASSVASGTDTQYF,0.213
CASTRESTDTQYF,CASTQGSTDTQYF,0.173
CASTRESTDTQYF,CASSHGASTDTQYF,0.165
CASMGNSAGANVLTF,CASSVFGVQRGFGTDTQYF,0.322
CASMGNSAGANVLTF,CASSFTWTSGGATDTQYF,0.245
CASSQRQEGDTQYF,CASSRSLTDTQYF,0.178
CASSLYGPGGVGQPQHF,CASSQVAGGAGGPREYNEQFF,0.246
CASGGLGGDEQYF,CASGGQGRAEQFF,0.185
CASGGLGGDEQYF,CASSGGHTGSNEQFF,0.166
CASSKGLAVDYTQYF,CASSKGSVAPGELFF,0.245
CASSIGPALNTEAFF,CASSLYPGANTEAFF,0.213
CASSIGPALNTEAFF,CASSYGLEANTEAFF,0.179
CASSGGHTGSNEQFF,CASSSGGWGGGTEAFF,0.226
CASSFIGGTDTQYF,CSAPGGGGTSYEQYF,0.221
CASSFIGGTDTQYF,CASSLNGRADTQYF,0.206
CASSHGAAAGETEAFF,CASSQAALAGFGYEQYF,0.241
CASLAGVRTDTQYF,CASSVAIWRGSYNEQFF,0.243
CASSVLAGDTQYF,CASSSSPRGDTQYF,0.197
CASSVLAGDTQYF,CASSRSLTDTQYF,0.197
CASSVLAGDTQYF,CASSQVLVGETQYF,0.18
CASSVEGQGDTEAFF,CASTQGSTDTQYF,0.209
CASSVEGQGDTEAFF,CASSSHERQGQNSPLHF,0.162
CASSVEGQGDTEAFF,CASSLEIQGSGAFF,0.133
CASSQDRGLAGGTYNEQFF,CASSSGGWGGGTEAFF,0.217
CASTNRQEGQETQYF,CASMGRDINQPQHF,0.283
CASTQGSTDTQYF,CASSSGTSGSGSYNEQFF,0.257
CASTQGSTDTQYF,CASGQGNFDIQYF,0.203
CASTQGSTDTQYF,CASSFQGSNEKLFF,0.196
CASSVEVGTGDNEQFF,CASSYSGTGDYGYTF,0.233
CASGDFWGDTLYF,CASSRDLGRDTQYF,0.213
CASGDFWGDTLYF,CASGQGNFDIQYF,0.202
CASSPPGPTGRGWYDTF,CASSPPGRGNTGELFF,0.213
CASSVASGTDTQYF,CASSPADPFSNTQYF,0.276
CASSVASGTDTQYF,CASSLAQGGETQYF,0.205
CASSVASGTDTQYF,CASRLVSGTDTQYF,0.19
CASSVASGTDTQYF,CASSVAPGSDTQYF,0.188
CASKGQGARDGYTF,CASSRGQGPGQETQYF,0.247
CASSLGALGETQYF,CASSQGLAGAGELFF,0.194
CASSLGALGETQYF,CASSQVLVGETQYF,0.181
CASSLGALGETQYF,CASSLGAANYNEQFF,0.162
CASSPLTGTGVYGYTF,CASSQDRGTGAYGYTF,0.195
CASSPLTGTGVYGYTF,CASSLGGTGWTEAFF,0.182
CASSPLTGTGVYGYTF,CASSLVTGTGKYGYTF,0.161
CASSLNGRADTQYF,CASSLRGRGDQPQHF,0.205
CASSLNGRADTQYF,CASSPPGREDTEAFF,0.177
CASSIQQGADTQYF,CASSFQTGASYGYTF,0.191
CASSIQQGADTQYF,CASSTLQGADQPQHF,0.185
CASSHGASTDTQYF,CASSIRSTDTQYF,0.204
CASTEPRGTEAFF,CASSLPPRNTEAFF,0.202
CSAKRNRAYHYGYTF,CAGRGRPNEKLFF,0.315
CASSQVAGGAGGPREYNEQFF,CASSLGGAGGADTQYF,0.236
CASRPGWMAGGVELYF,CASGRIAGELFF,0.286
CASSNFLGQGDEKLFF,CASSRGQGPGQETQYF,0.227
CASSESQTGDYEQYF,CASSLSQGIQNIQYF,0.203
CASSESQTGDYEQYF,CASSYSGTGDYGYTF,0.158
CASTNSGNTIYF,CASSTWSQNTGELFF,0.194
CASTNSGNTIYF,CASSFKDTNTGELFF,0.173
CASTNSGNTIYF,CASSYQSGNTEAFF,0.164
CASGQGALADTQYF,CATSRDGAGLVNQPQHF,0.305
CASSQAALAGFGYEQYF,CASSVELAGTYEQYF,0.246
CASSRDLGRDTQYF,CASSSRHEGEDTEAFF,0.196
CASSVAIWRGSYNEQFF,CASSQDFAGGSYEQYF,0.272
CASSPQTGVGNYGYTF,CASSYQTGTGNYGYTF,0.154
CASSEARQGLDTEAFF,CASSLGQGLLYGYTF,0.301
CASSYSGTGDYGYTF,CASSYPGGGFYEQYF,0.181
CASSYSGTGDYGYTF,CASSYSGTNQPQHF,0.154
CASSPAPSASSYEQYF,CASSPLDVSISSYNEQFF,0.254
CASSVAPGSDTQYF,CASSVAPGSEGEAFF,0.134
CASSFRDSGNTLYF,CASSIIPDMNTEAFF,0.216
CASSFRDSGNTLYF,CASIDSSGNTLYF,0.17
CASSFRDSGNTLYF,CASSFRDYGNYEQYF,0.166
CASSFRDSGNTLYF,CASSYRGSGNTIYF,0.153
CASSKGSVAPGELFF,CASSEGQVSPGELFF,0.191
CASSSSPRGDTQYF,CASSSSWADTQYF,0.187
CASGRIAGELFF,CASSSPRVAGRPDTQYF,0.26
CASGRIAGELFF,CASKRNTGELFF,0.168
CASSIIPDMNTEAFF,CASSVIPDMNTEAFF,0.057
CASSIIPDMNTEAFF,CASSNIPDMNTEAFF,0.044
CASSIIPDMNTEAFF,CASSMIPDMNTEAFF,0.029
CASSVELAGTYEQYF,CASSVAGLGGNTIYF,0.231
CASSFTWTSGGATDTQYF,CASSLSASGGATDTQYF,0.248
CSAGTGSANTEAFF,CASRGLSNTGELFF,0.281
CSAGTGSANTEAFF,CASSRTSATGELFF,0.256
CAISTGDSNQPQHF,CASGTGDSNQPQHF,0.126
CASSTGDSNQPQHF,CASSYASNQPQHF,0.257
CASSTGDSNQPQHF,CATGTGDSNQPQHF,0.126
CASSTGDSNQPQHF,CASGTGDSNQPQHF,0.126
CASSSGGWGGGTEAFF,CASSRGTGEGYEQYF,0.213
CASSSGGWGGGTEAFF,CASSIGHNTGELFF,0.206
CAWSETGLGTGELFF,CASSSETELLYYGYTF,0.234
CAWSETGLGTGELFF,CSARDRGGENTGELFF,0.229
CAWSETGLGTGELFF,CASSVAGLGGNTIYF,0.188
CAWSETGLGTGELFF,CASSATGSNTGELFF,0.162
CAWSETGLGTGELFF,CAWSETGLGMGGWQF,0.044
CAISEVGVGQPQHF,CASSEETGNQPQHF,0.218
CASSRTSATGELFF,CASSIGHNTGELFF,0.224
CASSVAVSAGTYEQYF,CASSLVLSSPTYEQYF,0.259
CASRLVSGTDTQYF,CASSLRLVAGRSYNEQFF,0.204
CASSLNWSQDTQYF,CASSLYGSVQNEQFF,0.222
CASSLNNANSDYTF,CASSLAREYSPLHF,0.249
CASSLNNANSDYTF,CASSFGVNSDYTF,0.186
CASSLLGGAGTGELFF,CASTYHGTGYF,0.229
CASSLLGGAGTGELFF,CASLPTGTNTGELFF,0.2
CASSYRGSGNTIYF,CASSGRGSYNEQFF,0.135
CASTGSVSTDTQYF,CASSSGTSGSGSYNEQFF,0.221
CASMARTSGDNEQFF,CASSLAGTSGYTYEQYF,0.282
CASMARTSGDNEQFF,CASSFLMTSGDPYEQYF,0.167
CASRGGRVAGADTEAFF,CAWGTLATEQYF,0.261
CASRGGRVAGADTEAFF,CASSLGGAGGADTQYF,0.243
CASSPTPGDPHYGYTF,CASSANPGDSSNEKLFF,0.271
CASSPTPGDPHYGYTF,CASRPRDPVTQYF,0.252
CASSLGGTGWTEAFF,CASSARGGGNNEQFF,0.173
CASSPHPGTSGGASYNEQFF,CASSLGGAGGADTQYF,0.232
CASSPHPGTSGGASYNEQFF,CASILGTSGREPYEQYF,0.214
CASSMIPDMNTEAFF,CASSMVPDMNTEAFF,0.055
CASRIELPGAGELFF,CASSTILGPGANVLTF,0.239
CASRTRGGTLIEQYF,CASRVGTGNLYEQYF,0.208
CASSIVAGAGAGELFF,CASRTLAGPNTGELFF,0.229
CASSIVAGAGAGELFF,CASSTILGPGANVLTF,0.224
CASGTGDSNQPQHF,CASMGRDINQPQHF,0.271
CASSLWQGGQPQHF,CASSLKAGNQPQHF,0.176
CASSLWQGGQPQHF,CASSLGQGNSPLHF,0.159
CASSLTGPGDQPQHF,CASSLRGRGDQPQHF,0.138
CASSESAGHKAFF,CASSLSAVHGYTF,0.197
CASSNVPDMNTEAFF,CATSTVPDYNSPLHF,0.202
CASSNVPDMNTEAFF,CASSMVPDMNTEAFF,0.051
CASSQVLVGETQYF,CASSQTQLWETQYF,0.229
CASSPSSVADTQYF,CASSSSWADTQYF,0.12
CASSLAQGGETQYF,CASSLFAGAETQYF,0.2
CASSLAQGGETQYF,CSVVQGAECTF,0.196
CASSLAQGGETQYF,CSVVDYGYTF,0.183
CASSLAQGGETQYF,CATSDLLAGGKTGELFF,0.178
CASSFRFTDTQYF,CATSDLRRTDTQYF,0.154
CASSFRFTDTQYF,CASSIRSTDTQYF,0.13
CASSFRDYGNYEQYF,CASSFKDTNTGELFF,0.17
CASSWRTGNSGELFF,CASSPKTGASYGYTF,0.2
CASSLYPGANTEAFF,CSARDLTSGANNEQFF,0.164
CASSLYPGANTEAFF,CASSLFAGAETQYF,0.161
CASSYGLEANTEAFF,CASSWGLEVNTEAFF,0.09
CASSIQKAGYNEQFF,CASSIVAGGYNEQFF,0.199
CASSIQKAGYNEQFF,CASSWDRAGNTLYF,0.174
CASSQEGTGSYEQYF,CASSVAGTPSYEQYF,0.182
CASSQEGTGSYEQYF,CASSQEGGGETQYF,0.18
CASSPGSSGRLGEQFF,CASSLDRPSGMAAETQYF,0.302
CASSPGSSGRLGEQFF,CASSQDPPGRLGKLFF,0.283
CASRARVLDEQFF,CASSVRASDEQYF,0.281
CASSPYPRGGTGELFF,CASSPNPQGANMDTQYF,0.308
CASSPYPRGGTGELFF,CASSNYPGGARTDTQYF,0.25
CASSPYPRGGTGELFF,CASSYPGGGFYEQYF,0.183
CASSPYPRGGTGELFF,CASSPTDRGNTGELFF,0.127
CASSQDFAGGSYEQYF,CASSIDLAGGSYEQYF,0.167
CASSLVVMGTGFTDTQYF,CASSLVTGTGKYGYTF,0.16
CSAADRGLGETQYF,CASSQDRGTGAYGYTF,0.237
CASKVGAGGLYEQYF,CASRVGTGNLYEQYF,0.139
CSARDLRLLANTGELFF,CASSLRQALRNEQFF,0.21
CASSHRTGGETQYF,CASKRNTGELFF,0.19
CASSHRTGGETQYF,CASSARGGGNNEQFF,0.162
CASSHRTGGETQYF,CASSQEGGGETQYF,0.134
CASSHRTGGETQYF,CASSPREGGETQYF,0.108
CASSPREGGETQYF,CSVDPGHTGEKLFF,0.236
CASSPREGGETQYF,CASSDREGGPHEQYF,0.213
CASSVIPDMNTEAFF,CASSSIPDFNTEAFF,0.104
CASMGRDINQPQHF,CSARGGSYNSPLHF,0.221
CASGGQGRAEQFF,CASSQGPQVRGADTQYF,0.323
CASSPGLTYPGELFF,CASSLGQTNYGYTF,0.237
CASSQTQLWETQYF,CASSPGQLQETQYF,0.16
CASSQERKAGGPTEAFF,CASSNRGLGTDTQYF,0.254
CASSWDRAGNTLYF,CTCSADRVGNTLYF,0.096
CASSPRGRGGREDTQYF,CAWVPGTGGRAAFF,0.236
CASSPRGRGGREDTQYF,CASTPRGRGLVYGYTF,0.23
CASSLVTGTGKYGYTF,CASLPTGTNTGELFF,0.187
CASSLVTGTGKYGYTF,CASSYQTGTGNYGYTF,0.185
CAISELVTGDSPLHF,CASSELAGGGDTQYF,0.221
CASTGGGALGTEAFF,CSASPERGTSVGTDTQYF,0.237
CASSPLRGVYYNEQFF,CASSLEGGYYNEQFF,0.2
CASSFKDTNTGELFF,CASSLRDGYTGELFF,0.154
CASGLTGFMDEQYF,CASRGLQGRIDYNEQFF,0.253
CSVGTGGTNEKLFF,CSARGEAITEKLFF,0.278
CSVGTGGTNEKLFF,CASGFTGGRNTEAFF,0.221
CSVGTGGTNEKLFF,CAGRGRPNEKLFF,0.168
CSVGTGGTNEKLFF,CSVGSGGTNEKLFF,0.13
CASSLGFGRDVMRF,CASSLGEGRVDGYTF,0.202
CASSLAGAGNEQFF,CASTLAGVGYEQFF,0.213
CASSLAGAGNEQFF,CASSVAGLGGNTIYF,0.138
CASSLAGAGNEQFF,CASSLAGFTGELFF,0.134
CASSFLGTGVEQYF,CAISESGTGFEQYF,0.183
CASSFLGTGVEQYF,CASSFARTRWEQYF,0.18
CASSFLGTGVEQYF,CASSYLGNTGELFF,0.179
CASSFLGTGVEQYF,CASSFQGIRVEAFF,0.13
CSVEGDTGELFF,CASKRNTGELFF,0.277
CASSPPGREDTEAFF,CASSSPGGVSTEAFF,0.201
CASSLAEKANTGELFF,CASSLWEKLAKNIQYF,0.27
CASSLAEKANTGELFF,CSASLERMNTGELFF,0.187
CSAVGLAGVRSYEQYF,CASRGLQGRIDYNEQFF,0.259
CSAVGLAGVRSYEQYF,CASSRSLNVNSNQPQHF,0.257
CSAVGLAGVRSYEQYF,CASSLRLVAGRSYNEQFF,0.218
CASGFTGGRNTEAFF,CSAEGLAGGKNTGELFF,0.168
CASSVAGLGGNTIYF,CASSPAGQGGYEQYF,0.151
CASSARGGGNNEQFF,CASSGRGFLNYGYTF,0.231
CASSARGGGNNEQFF,CASSLEGGYYNEQFF,0.162
CSVGGSGGADTQYF,CASSSRGSGGASSYEQYF,0.213
CSVGGSGGADTQYF,CASRIWDGGASTDTQYF,0.192
CASSLGAANYNEQFF,CASSLGQTNYGYTF,0.175
CASSVEGGGAQETQYF,CASSVEGGGAKETQYF,0.09
CASSTILGPGANVLTF,CASSLGFLGPAAGNTIYF,0.165
CSARDRVGNTIYF,CTCSADRVGNTLYF,0.171
CSARDRVGNTIYF,CSARDGTGNGYTF,0.141
CASSLAQQGLAEAFF,CASSLVSSGANVLTF,0.217
CASIDSSGNTLYF,CAAWDDSLNGWVF,0.301
CASIDSSGNTLYF,CASSTPSSYNEQFF,0.173
CASIDSSGNTLYF,CASSLDSSGGNEQYF,0.124
CASSINRDLLNGYTF,CASRPRDPVTQYF,0.234
CASKRTATYEQYF,CASSGRTGNTEAFF,0.183
CASKRTATYEQYF,CASSRTGSTYEQYF,0.173
CASSLGQGNSPLHF,CASVSGQGVSPLHF,0.234
CASSLGQGNSPLHF,CASSFGQGSSPLHF,0.177
CASSLKAGNQPQHF,CASSEETGNQPQHF,0.19
CASSIGHNTGELFF,CASSYVGNTGELFF,0.195
CASSPSQTSGGRTDTQYF,CASSPTSGIYEQYF,0.187
CASSIRSTDTQYF,CASSFVSFDEQFF,0.186
CASSIRSTDTQYF,CASSVRSTDTQYF,0.053
CASSIRSTDTQYF,CASSIRSEDTQYF,0.049
CASSYPGGGFYEQYF,CASSYQTGAAYGYTF,0.203
CASSYPGGGFYEQYF,CASSYQGGNYGYTF,0.164
CASSPPARDRDHEQYF,CASSVRSTDTQYF,0.277
CASSQEGGGETQYF,CASSFGTGEAFF,0.185
CASSQEGGGETQYF,CASSDAGGRNTLYF,0.173
CASSQDPPGRLGKLFF,CASSHDPTWGPGNTIYF,0.322
CASSQDPPGRLGKLFF,CASSVVGYLGYTF,0.242
CASRPGLAGGRPEQYF,CASPGLAGEYEQYF,0.225
CASRPGLAGGRPEQYF,CASSGLAGGMDEQFF,0.188
CASSEILGMNTEAFF,CASSVEIAGRYNEQFF,0.22
CASSEILGMNTEAFF,CASSIVGGMNTEAFF,0.189
CASSPVTGGIYGYTGF,CASSPPGRGNTGELFF,0.209
CASSPGTSGVGEQFF,CASSPRTSFETQYF,0.181
CASSPGTSGVGEQFF,CASSPPGTSGGRNEQFF,0.174
CASSPGTSGVGEQFF,CASSAGTSGEYEQYF,0.166
CTCSADRVGNTLYF,CASSQDRLTGGYTF,0.178
CASTPYRRGPHLYGYTF,CASSYDRGPREGYTF,0.316
CASSLELAAWETQYF,CASSVEAGPNEQYF,0.246
CASSEETGNQPQHF,CASSFFGNQPQHF,0.199
CASTREGLNTGELFF,CASRTLAGPNTGELFF,0.22
CASTREGLNTGELFF,CSAREGVNTEAFF,0.17
CASAPRRDRGTDTQYF,CASSRRTSGGTDTQYF,0.207
CASSAGTSGEYEQYF,CASSLRGQGFYEQFF,0.184
CASSAGTSGEYEQYF,CASSLAGTSGYTYEQYF,0.165
CASSLRGQGFYEQFF,CASSPAGQGGYEQYF,0.18
CQAGDTEAFF,CASSQAGSLENSPLPLL,0.324
CQAGDTEAFF,CASSQAPSMEPNEQFF,0.283
CQAGDTEAFF,CASSLGQGLLYGYTF,0.264
CASSLIRTWDEQYF,CASSLLGGWSEAFF,0.177
CASSLVSSGANVLTF,CASSLDSSGGNEQYF,0.151
CASSLRQALRNEQFF,CASSLNSGLYNEQFF,0.214
CASSLYGSVQNEQFF,CASSLYGSSYNEQFF,0.197
CASGSGLAGNEQFF,CASYWGLAVNEQFF,0.24
CASGSGLAGNEQFF,CASTSRAGFNEQFF,0.229
CSATPSGYGYTF,CASSSPPSGGGYEQFF,0.215
CASSPTDRGNTGELFF,CASSFGQRDRGYWRNTEAFF,0.216
CASSPTDRGNTGELFF,CASSPGDRGKTNEQFF,0.097
CASSDPGVDRNTEAFF,CASSSIPDFNTEAFF,0.243
CASSSGLAGVETGELFF,CASSFLATNEKLFF,0.207
CASSSGLAGVETGELFF,CASSLFAGAETQYF,0.188
CASSSGLAGVETGELFF,CASSLSRLAGDYTGELFF,0.182
CASSLSASGGATDTQYF,CASGDASGGNTLYF,0.189
CASSPKTGASYGYTF,CASSFQTGASYGYTF,0.159
CASSFLMTSGDPYEQYF,CASREDGASGSPDTQYF,0.279
CASSLAGTSGYTYEQYF,CASSFLFRDGTYEQYF,0.274
CASSLAGTSGYTYEQYF,CSASPERGTSVGTDTQYF,0.256
CASSLAGTSGYTYEQYF,CASSLLGVSYYNEQFF,0.167
CASSTTPGTGTETQYF,CASRMTGGKTNEKLFF,0.228
CASSTTPGTGTETQYF,CASSLAPGTTNEKLFF,0.197
CASSTTPGTGTETQYF,CASSITLGTGGVEQYF,0.181
CASSLGGAGGADTQYF,CASSGLAGGMDEQFF,0.241
CASILGTSGREPYEQYF,CASSLGTSFRTDTQYF,0.157
CASSPTLVTSGNTIYF,CASSQNSVGSYNEQFF,0.241
CASSIVGGMNTEAFF,CASSLEVTGLNTEAFF,0.234
CASSIVGGMNTEAFF,CASSPGGGMNTEAFF,0.156
CASSQERDRRAVEKLFF,CASSQDRDRGPDEKLFF,0.275
CASSQERDRRAVEKLFF,CASSGRDRDLVEQYF,0.273
CASSTIGPYGELFF,CASSGRGSYNEQFF,0.176
CASSYQTGASYGYTF,CASSYLNRDSALDF,0.285
CASSYQTGASYGYTF,CASSYQTGAAYGYTF,0.086
CASSYQTGASYGYTF,CASSFQTGASYGYTF,0.039
CASSLASGHRPTDTQYF,CASSLESWGRAYNEQFF,0.31
CASSNRGLGTDTQYF,CASSFRALAADTQYF,0.263
CASSNRGLGTDTQYF,CATSATGLRNQPQHF,0.2
CSANSRTGLGYTF,CSARDGTGNGYTF,0.199
CSVVDYGYTF,CASSLADRVNTEAFF,0.2
CASSVAGTPSYEQYF,CASSLVGGPSVQFF,0.18
CASSHWDRETSGNTIYF,CASSQHDRGFSTEAFF,0.225
CASSHWDRETSGNTIYF,CASSYWDRTTSGNTIYF,0.139
CASSLSQGIQNIQYF,CASSLSQGDQPQHF,0.189
CASRQEGRPMNTEAFF,CASSPGGGMNTEAFF,0.251
CASSKQGGNIQYF,CASSIVGGNEQFF,0.17
CASSLGQGLLYGYTF,CASSWGQGSNYGYTF,0.226
CSAREGVNTEAFF,CSVEEGVLYEQYF,0.221
CASRPGLMSAQPEQYF,CASSLYSNQPQHF,0.316
CASSLWEKLAKNIQYF,CASSLALGVAKNIQYF,0.254
CASSWVPPGQGRTGELFF,CASSPAGQGGYEQYF,0.24
CASSLFAGAETQYF,CASSLPAGQETQYF,0.158
CASSPPGRGNTGELFF,CASLPTGTNTGELFF,0.165
CASSPREAGGISGYTF,CASSRLAGGMDEQFF,0.188
CASRENRASNTEAFF,CASTVNRGSEGYTF,0.248
CASRENRASNTEAFF,CASSRGTIHSNTEVFF,0.218
CASSYTVQPYNEQFF,CASSITLSSYNEQFF,0.17
CSAIDFPMGNEQFF,CAIDRVGTGELFF,0.244
CSVEGLGRAVTQYF,CASSEGLGGALYGYTF,0.107
CASSLREMGGKAEAFF,CAWVPGTGGRAAFF,0.278
CASSLYGAGNSPLHF,CASSLEGQGASEQFF,0.193
CASSLYGAGNSPLHF,CATSATGLRNQPQHF,0.168
CASSLGQTNYGYTF,CASSLRDGYTGELFF,0.16
CASSADSYGANVLTF,CAISEWDSPTLNSPLHF,0.331
CASSADSYGANVLTF,CASSEDSGGYNEQFF,0.188
CASSMGTVYLNTEAFF,CASSVGTLYSGANVLTF,0.279
CASSMGTVYLNTEAFF,CASSRGTIHSNTEVFF,0.27
CSVGGAYEQYF,CASSVTGTEADEQFF,0.243
CSVGGAYEQYF,CASSHGTGYNQPQHF,0.206
CSVGGAYEQYF,CASRRGPYEQYF,0.193
CSVGGAYEQYF,CATSATGLRNQPQHF,0.179
CSVGGAYEQYF,CASSMGANEQFF,0.179
CASSFTLGTGGVEQYF,CASSITLGTGGVEQYF,0.016
CAWSVSVGAGVPTIYF,CASSVGGISPLHF,0.272
CASSLVGGRHGYTF,CASSDAGGRNTLYF,0.184
CASRRTGVVEKLFF,CAGRGRPNEKLFF,0.247
CASSVERGRNTGELFF,CASLPTGTNTGELFF,0.181
CASSLSAVHGYTF,CASSLQGASGYTF,0.227
CASSPSWGEVNTEAFF,CASNPSAGTLYNEQFF,0.216
CASSDGIGQGASGYTF,CASSPGEGMLVSEAFF,0.324
CASSDGIGQGASGYTF,CASSLEGQGASEQFF,0.172
CASSYYRLAGELFF,CASSYRGLSGELFF,0.174
CASREGDINTGELFF,CASSHERDRDTGELFF,0.285
CASREGDINTGELFF,CASREGLGGTEAFF,0.233
CASSIDLAGGSYEQYF,CASSLRLVAGRSYNEQFF,0.198
CASSIDLAGGSYEQYF,CASSTDLATGAYEQYF,0.146
CASLEGYAAGELFF,CASSVEGGGAKETQYF,0.212
CASLEGYAAGELFF,CASSLEGRREGETQYF,0.195
CASSSPPSGGGYEQFF,CASSVDSGLGYGYTF,0.184
CASSSPPSGGGYEQFF,CASSPSREGYTF,0.166
CASSLPPRNTEAFF,CAWSVPLGRREKLFF,0.209
CASSLPPRNTEAFF,CASSPHRNTEAFF,0.13
CASREGLGGTEAFF,CASRVGAGNTEAFF,0.12
CASSPPGLPGYTF,CASSLQGASGYTF,0.181
CASSYSGTNQPQHF,CASSYSTGTHLEQYF,0.18
CASSLEREGRGEQFF,CSASLERMNTGELFF,0.126
CASSSQGWGRVYSEQFF,CASSQGVGENTEAFF,0.227
CASRVGTGNLYEQYF,CASSRDRTGRANYGYTF,0.219
CASRVGTGNLYEQYF,CASRVGAGNTEAFF,0.206
CASSFRALAADTQYF,CASSFFGAQQVDGYTF,0.345
CASSPGGGMNTEAFF,CASSPYGGPGNTIYF,0.215
CASSPGGGMNTEAFF,CASSDAGGRNTLYF,0.18
CASSPGGGMNTEAFF,CASSQGVGENTEAFF,0.176
CSARDLTSGANNEQFF,CARAFESGANVLTF,0.28
CSARDLTSGANNEQFF,CASGLLTSGSINEQFF,0.206
CSARDLTSGANNEQFF,CASSLNSGLYNEQFF,0.122
CASSLGHGRSSYEQYF,CASSLNPGRSDSPLHF,0.272
CASSLGHGRSSYEQYF,CASSLGQGKSSYEQYF,0.069
CASSMRSADTQYF,CASSIRSAHEQFF,0.138
CASSMRSADTQYF,CASSIRSEDTQYF,0.078
CASGDASGGNTLYF,CASGDAGGGYEQYF,0.215
CASGDASGGNTLYF,CASGDASGAETLYF,0.121
CASSQDRASGEYEQYF,CASSLDRVSVNTEAFF,0.229
CASSQDRASGEYEQYF,CASSQDLASGTYNEQFF,0.147
CASSGRGSYNEQFF,CASSRTGSTYEQYF,0.14
CASLPTGTNTGELFF,CASSEPIGTGGNQPQHF,0.201
CASSLYGADTQYF,CASSLQGASGYTF,0.183
CASSLYGADTQYF,CASSLYGNQPQHF,0.173
CASSLYGADTQYF,CASSLIGRDEQFF,0.169
CASSLYGADTQYF,CASSSPGGVSTEAFF,0.164
CASSFLQGEKLFF,CASSYAQGNEQFF,0.156
CASSFLQGEKLFF,CASSFRQGEAFF,0.154
CSILGSNAGPQETQYF,CASTSRAGFNEQFF,0.249
CASSPRTSFETQYF,CASSQTTSVNTEAFF,0.188
CASSIVRGQRETKNIQYF,CASSLEGRREGETQYF,0.274
CASSPSMRSGLAEAFF,CASSFRQGEAFF,0.192
CASSLASPGHFTGELFF,CASSLDPGDTGELFF,0.289
CASSLAQGQPQHF,CASSYASNQPQHF,0.182
CASSLAQGQPQHF,CASSDAPGQLYF,0.181
CASSLAQGQPQHF,CASSLYSNQPQHF,0.169
CAIANRGTEAFF,CASTVNRGSEGYTF,0.271
CASSQGVGENTEAFF,CASSQGFGANVLTF,0.188
CASSEGLGGALYGYTF,CSAGVGGQETQYF,0.259
CASSPAGQGGYEQYF,CASSQVGQNLYEQYF,0.202
CASSFRGGKTQYF,CASSFGTGEAFF,0.171
CASSYVGNTGELFF,CASSYLGNTGELFF,0.021
CASSATGSNTGELFF,CASSQERGDNTKNTQYF,0.236
CASSLETVNTEAFF,CSASLERMNTGELFF,0.199
CASSLETVNTEAFF,CASSQVRLNTEAFF,0.182
CASSLGQGKSSYEQYF,CASSANPGDSSNEKLFF,0.251
CASSLGQGKSSYEQYF,CASSIGQGKSSYEQYF,0.064
CASSLADRVNTEAFF,CASSLASRVGSPLHF,0.217
CASSQETQYF,CASSAETQYF,0.064
CASSFARTRWEQYF,CASSEARRYNEQFF,0.177
CASRIWDGGASTDTQYF,CTCSAAPDWGASAETLYF,0.288
CASRIWDGGASTDTQYF,CASSYWDRTTSGNTIYF,0.209
CASSPSGTGANEQFF,CASGTEAFF,0.269
CASSPSGTGANEQFF,CAISESGTGFEQYF,0.186
CASSPSGTGANEQFF,CASSPSTGTIYGYTF,0.167
CASRIYAGSPYEQYF,CASRLMPGSTYEQYF,0.251
CASSLMANQPQHF,CASSLMTNQPQHF,0.061
CASSEDSGGYNEQFF,CASSSHDTGGYNSPLHF,0.192
CASSLWKGAGYTF,CASSLYRGIGLFF,0.146
CSAGVGGQETQYF,CASSLEVTGLNTEAFF,0.246
CASSPGEGMLVSEAFF,CASSPPRNMEPSYEQYF,0.305
CASSSPGGVSTEAFF,CASSSGGLSEQYF,0.124
CASSLAPGTTNEKLFF,CASSLPGTAYEQYF,0.198
CASSLAPGTTNEKLFF,CASATSGTYYEQYF,0.198
CASRQENSGNTIYF,CSARDMASGRNEQYF,0.206
CASSPGYGSSGNTIYF,CASSLYGSSYNEQFF,0.177
CSARGQDIYEQYF,CSVALGSDTGELFF,0.212
CASTGAGEGPFF,CASSRGTGEGYEQYF,0.184
CASSDRDVTGELFF,CASSDRLENNEKLFF,0.193
CASSRTGSTYEQYF,CASSIAGSAYEQYF,0.181
CASSYLGNTGELFF,CASSLAGFTGELFF,0.158
CASSNYPGGARTDTQYF,CASSIYPGQLYNSPLHF,0.253
CASSPGDRGKTNEQFF,CASSFDRGTGNTIYF,0.178
CASSPGDRGKTNEQFF,CASSLGDRGRGYGYTF,0.144
CASSLLGGWSEAFF,CASSLVGGPSVQFF,0.156
CASSPVTGGIYGYTF,CASSPSTGTIYGYTF,0.103
CASSIVGGNEQFF,CASSLVGTGELFF,0.136
CASSIVGGNEQFF,CASSFLGLNEQFF,0.116
CASSIVGGNEQFF,CASSSIAGRGEKLFF,0.108
CASSQDPGGTEAFF,CANSQPGGIEQFF,0.224
CASSQDPGGTEAFF,CASSQDKTTGELFF,0.168
CASSQDPGGTEAFF,CASSQDSGRGELFF,0.124
CASGDAWGYEQYF,CASSMSAMGTEAFF,0.182
CAWVPGTGGRAAFF,CAISEYPPTGRKADTQYF,0.249
CAWVPGTGGRAAFF,CASSVDPTGGGRQETQYF,0.2
CAWVPGTGGRAAFF,CASGGGGTLYF,0.187
CASTLAGVGYEQFF,CASRTLAGPNTGELFF,0.215
CASTLAGVGYEQFF,CTCSAGLGYEQYF,0.175
CASTLAGVGYEQFF,CASGDAGGGYEQYF,0.171
CASSIDYPSGVQETQYF,CASREDGASGSPDTQYF,0.295
CASREDGASGSPDTQYF,CATTPGASGISEQFF,0.298
CASSQWGRPQETQYF,CASSMGGNPEQYF,0.248
CSANDRTSGSNYNEQFF,CASSPTSGSVYEQFF,0.182
CSANDRTSGSNYNEQFF,CASSWGQGSNYGYTF,0.174
CASSQDFGRTQYF,CASSLSFGTEAFF,0.172
CASSVEGGGAKETQYF,CASSLQGIGAKNIQYF,0.212
CASSWGQGKSSYEQYF,CASSIGQGKSSYEQYF,0.049
CASSLGTSFRTDTQYF,CASSRRTSGGTDTQYF,0.217
CASSQWGGQPQHF,CASSLYGGQPQHF,0.109
CASSVVGYLGYTF,CASSLVGTGELFF,0.214
CASSQDRDRGPDEKLFF,CATSDSTSGGTDTQYF,0.248
CASRRGPYEQYF,CASRRGSAELYF,0.19
CASSPGTGVEQYF,CASSSGVGTEVFF,0.182
CASSLLGVSYYNEQFF,CSVALGSDTGELFF,0.272
CASSAETQYF,CASSYNEQFF,0.228
CASSIVERAEAFF,CASSSIAGRGEKLFF,0.177
CASSPASGSLFF,CASSDAPGQLYF,0.168
CASSQTRTSGRVDPDTQYF,CASSRRTSGGTDTQYF,0.144
CASSLRPDPPYNEQFF,CSANPEGPYEQYF,0.297
CSAEGLAGGKNTGELFF,CASRTLAGPNTGELFF,0.209
CSAEGLAGGKNTGELFF,CASSQGLAGEVYTGELFF,0.2
CSASPERGTSVGTDTQYF,CASSEGLWQVGDEQYF,0.355
CASSDRLENNEKLFF,CASSDRGMNTEAFF,0.153
CASSFGTGEAFF,CASSWGGGEQYF,0.13
CASSFGTGEAFF,CASSGYTGELFF,0.115
CASSFGTGEAFF,CASSLGTGELFF,0.086
CASSPSELAGGRLDTQYF,CASSELAGGGDTQYF,0.119
CASSWSFGTEAFF,CASSLSFGTEAFF,0.066
CSVWVGREQETQYF,CASTVNRGSEGYTF,0.266
CASSFFGNQPQHF,CASSLYGNQPQHF,0.107
CASSMSAMGTEAFF,CASSEDGMNTEAFF,0.189
CASSYQGTEAFF,CASSHQTGELFF,0.169
CASVSGQGVSPLHF,CSARDGQGSSPLHF,0.2
CASSYRGLSGELFF,CAISGQGASYEQYF,0.217
CASSLESWGRAYNEQFF,CASSLGDRGRGYGYTF,0.248
CASSHQTGELFF,CASSLGTGELFF,0.159
CASSYWQGELFF,CASSFRQGEAFF,0.136
CASSPTSGSVYEQFF,CASSPLDVSISSYNEQFF,0.311
CASSVRASDEQYF,CASSIRASYEQYF,0.18
CASSPTSGIYEQYF,CASSFQGFTEAFF,0.18
CASSPTSGIYEQYF,CASSPGQGVYEQYF,0.129
CASSMGGNPEQYF,CASSMGGTYEQYF,0.122
CASSFGVNSDYTF,CASSMGANEQFF,0.196
CAISESGTGFEQYF,CASSEDGMNTEAFF,0.148
CASSQARDPQGILHF,CASSQARDRGNGYTF,0.235
CASSPRDRARGDEQYF,CASSDRDRGGNQPQHF,0.226
CASSLYGGQPQHF,CASSLYGNQPQHF,0.037
CASSLWSAGVHNEQFF,CASSQNSVGSYNEQFF,0.292
CASSLDRVSVNTEAFF,CASSLSGVPHNNEQFF,0.239
CASSLDRVSVNTEAFF,CASSQTTSVNTEAFF,0.203
CASSLVAETYEQYF,CASSQQETYEQYF,0.193
CASSLEGQGASEQFF,CASSSHDRQGASSPLHF,0.197
CASSLEGQGASEQFF,CAISEEGQGRDEQFF,0.184
CASSLEGQGASEQFF,CASSQAGQGNSPLHF,0.177
CASSWGQGSNYGYTF,CASNGQGDTEAFF,0.173
CASSLNFVGLNQPQHF,CASSISAGVGVGQETQYF,0.279
CASSRRTSGGTDTQYF,CASRKLAGPTDTQYF,0.251
CASSLDSSGGNEQYF,CASSLDSSSGNTIYF,0.118
CASSFGQRDRGYWRNTEAFF,CASSDRDRGGNQPQHF,0.216
CASSVEAGPNEQYF,CASAQIGPYEQYF,0.217
CASSRDLNEQFF,CASSLSRALNNQAPLF,0.201
CASSRDLNEQFF,CASSRANYEQYF,0.188
CASSRDLNEQFF,CASSLWLNEQFF,0.183
CASSIGVYGYTF,CASSTGSYGYTF,0.095
CASSIGVYGYTF,CASSTGFYGYTF,0.078
CASSSLPGGGVDTQYF,CASSLGEGRVDGYTF,0.208
CASSSLPGGGVDTQYF,CASSLLTGGTDTQYF,0.152
CASNGQGDTEAFF,CASSPGQGVYEQYF,0.173
CASSLDLYGYTF,CASSPSDYGYTF,0.156
CATSIDRGREKLFF,CASSFDRGTGNTIYF,0.154
CASSGLAGGMDEQFF,CASSRLAGGMDEQFF,0.045
CASFSPRVYEQYF,CASSIDGTAYEQYF,0.191
CASSFDRGTGNTIYF,CASSSHDTGGYNSPLHF,0.177
CASSFDRGTGNTIYF,CASSSRDRGLGTEAFF,0.159
CASSFDRGTGNTIYF,CASSWDRGTGEQYF,0.083
CASTQSPLAGNEQYF,CASSLDSQSSGNTIYF,0.339
CASRVGAGNTEAFF,CASTSRAGFNEQFF,0.236
CASSVDPTGGGRQETQYF,CASSWGGGEQYF,0.221
CASSFGQSSTYGYTF,CASSITLSSYNEQFF,0.156
CASSFRQGEAFF,CASSVGQGKAFF,0.153
CASSFRQGEAFF,CASSEGDTEAFF,0.146
CASSFRQGEAFF,CASSARSGELFF,0.123
CASSPHQEVTEAFF,CASSQQETYEQYF,0.189
CASSITLSSYNEQFF,CSARDRQASSYNEQFF,0.21
CASSITLSSYNEQFF,CASSLYGSSYNEQFF,0.17
CASSITLSSYNEQFF,CASSIALSDNYGYTF,0.165
CASSITLSSYNEQFF,CASSLIGVSSYNEQFF,0.123
CSVEEGSRAQYF,CAISEEGQGRDEQFF,0.291
CASSDPGTEAFF,CASSPPRSEAFF,0.235
CASSDPGTEAFF,CASSPGGELFF,0.186
CASSDPGTEAFF,CASDSNTEAFF,0.185
CASSDPGTEAFF,CASSSLNTEAFF,0.131
CASSDNRVWTEAFF,CASSQVRLNTEAFF,0.163
CASSLSFGTEAFF,CASSPSRNTEAFF,0.146
CASSEGSLGGGLETQYF,CASVQGGSGGRGSYEQYF,0.259
CASSLIGVSSYNEQFF,CASSLAVLSSYNEQFF,0.147
CASSMGANEQFF,CASSGTHNEQFF,0.152
CASSMGANEQFF,CASSIGQYEQYF,0.129
CASSQGLAGEVYTGELFF,CASGAPGTPYNEQFF,0.234
CASSLGTGGGYTF,CASSLGREYGYTF,0.154
CASSLGTGGGYTF,CASSLTGGGELFF,0.132
CASSLGTGGGYTF,CASSLYRGIGLFF,0.129
CASSTGFYGYTF,CASSSGIYGYTF,0.132
CASSTGFYGYTF,CASSTGNYGYTF,0.038
CASSPLDVSISSYNEQFF,CASSASAEFSSYEQYF,0.217
CASSSTGLPYGYTF,CASSFGVSYEQYF,0.179
CASSRLAGGMDEQFF,CASSELAGGGDTQYF,0.129
CASSPGGELFF,CASSPGLPEYF,0.236
CASSPGGELFF,CASSYTGELFF,0.13
CASSFDPGSYGYTF,CASSQNSVGSYNEQFF,0.205
CASSFDPGSYGYTF,CASSIDAGSNYEQYF,0.154
CASSFDPGSYGYTF,CASSLDPGDTGELFF,0.136
CASSQVRLNTEAFF,CASSQVRGRGEQYF,0.147
CASSQLEQGGETQYF,CASSQAGQAGELFF,0.172
CASSQDLASGTYNEQFF,CASSIDLASGTTYEQYF,0.136
CASSLQGIGAKNIQYF,CASSTGQGEGLYSNQPQHF,0.325
CASSLQGIGAKNIQYF,CASSQGFGANVLTF,0.2
CASSSHDTGGYNSPLHF,CASSQQTGTIGGYTF,0.174
CASSLAGTGGRFSYEQYF,CASVQGGSGGRGSYEQYF,0.239
CASSTRGGGDAKNIQYF,CASRGTGGGSGQPQHF,0.259
CASSTRGGGDAKNIQYF,CASRRPGGDTEAFF,0.224
CASSQDLFTGGYTF,CASSQDRLTGGYTF,0.156
CASSIDLASGTTYEQYF,CSARDPAPEETQYF,0.321
CASSIDLASGTTYEQYF,CSARDMASGRNEQYF,0.209
CASSIDLASGTTYEQYF,CASSIDLTSGVYNEQFF,0.162
CSARRSDRVNTEAFF,CASRRQGTVYEQYF,0.298
CAISGQGASYEQYF,CAISGQAVSTDTQYF,0.224
CAISGQGASYEQYF,CASSDTVSYEQYF,0.197
CAISGQGASYEQYF,CASRGQGFSYEQYF,0.194
CAISGQGASYEQYF,CASGLGGSNEQFF,0.156
CASSTGNYGYTF,CASTGGLGYTF,0.207
CASSTGNYGYTF,CASSTGRYYEQYF,0.136
CASSLGEGRVDGYTF,CASSVGLGFTDTQYF,0.217
CASSLSRLAGDYTGELFF,CASSLAGDYEQYF,0.192
CASGWGSQPQHF,CASGQGQETQYF,0.286
CASTVNRGSEGYTF,CASSYSIRGSRGEQFF,0.202
CASGLLTSGSINEQFF,CASRLMPGSTYEQYF,0.255
CSAGGWDRVNQPQHF,CSGGQDYNEQFF,0.247
CASSQDRLTGGYTF,CASSSHDRDGGYSPLHF,0.182
CASSQDRLTGGYTF,CASSQDKTTGELFF,0.178
CASSQDRLTGGYTF,CASSDSRANTGELFF,0.14
CASSELAGGGDTQYF,CASSLLTGGTDTQYF,0.161
CASSVGGISPLHF,CASSVGGAQPQHF,0.103
CASSLQVWNEQFF,CASSLGLENEQFF,0.188
CASSRDRTGRANYGYTF,CATSRDGAGLVNQPQHF,0.221
CATSEGNEQFF,CSARDRYNEQFF,0.195
CASSQGQGIADTQYF,CASSHTSGNGDTQYF,0.23
CASSQGQGIADTQYF,CASSVGLGFTDTQYF,0.196
CASSSGATEAFF,CASPGETEAFF,0.202
CASSSGATEAFF,CASSPGSTEAFF,0.146
CASSSGATEAFF,CASSSLNTEAFF,0.144
CASSLMTNQPQHF,CASSLYGNQPQHF,0.073
CSGGQDYNEQFF,CSARDRYNEQFF,0.271
CASSFQGYTEAFF,CASSFQGFTEAFF,0.04
CASSVEGIDEKLFF,CASSLGIDAIYF,0.257
CASSLYGNQPQHF,CASSLIGNEQFF,0.17
CASSLYGNQPQHF,CASSVGGAQPQHF,0.139
CASSLYGNQPQHF,CASSLYSNQPQHF,0.126
CASSIAGSAYEQYF,CASSFSGSLTTEAFF,0.202
CASSLGTGELFF,CASSLGHTEVFF,0.13
CASSLGTGELFF,CASSARTGELFF,0.066
CASSQPSQGGRLEQYF,CASSQSSGGGRSEAFF,0.243
CASSLEGRREGETQYF,CASRAWGREGEKLFF,0.269
CASSSVNVAFF,CASSSVSEAFF,0.183
CASSSVNVAFF,CASSSVNEQFF,0.13
CASSRGDTEAFF,CASSEGDTEAFF,0.064
CSANPEGPYEQYF,CASRRPGGDTEAFF,0.274
CASSIRRIDPYNEQFF,CASRYRDDSYNEQFF,0.272
CASSIRRIDPYNEQFF,CASKMRGDVYEQYF,0.251
CASSISAGVGVGQETQYF,CASSVGLGFTDTQYF,0.176
CASSLVLSSPTYEQYF,CASSLAVLSSYNEQFF,0.264
CAIDRVGTGELFF,CASTSRAGFNEQFF,0.164
CASSDRDRGGNQPQHF,CSARDRYNEQFF,0.208
CASSPDRGYEQFF,CASSQQETYEQYF,0.162
CASSPDRGYEQFF,CASSPSRNTEAFF,0.102
CASSQAQGMGNSPLHF,CASSQSSGGGRSEAFF,0.225
CASSDRGMNTEAFF,CASSTRRNTEAFF,0.169
CASSHTSGNGDTQYF,CATSDSTSGGTDTQYF,0.17
CASSQQTGTIGGYTF,CASSPSTGTIYGYTF,0.134
CASSFQGFTEAFF,CASSFLGLNEQFF,0.143
CASSQVVAFGDTQYF,CASSQIRETGSPLHF,0.258
CASGGGGTLYF,CASSARSTGGFGANVLTF,0.214
CASSLGGNLYEQYF,CASSLPGTAYEQYF,0.131
CASSVGGAQPQHF,CASSLGTLQPQHF,0.075
CASNPSAGTLYNEQFF,CAISVSGTRVYNEQFF,0.219
CASNPSAGTLYNEQFF,CASSQVGTVYGYTF,0.2
CASSSHDRDGGYSPLHF,CASSVSRDRNGELFF,0.215
CASSDALQETQYF,CASSPDYDQETQYF,0.217
CASSDALQETQYF,CASSQALPYEQYF,0.195
CASSARTGELFF,CASSARSGELFF,0.132
CASSARTGELFF,CASSLKIGEQFF,0.13
CASSSRTGDQETQYF,CASSIFGQREQYF,0.216
CASSEFRTRGYTF,CASSLYRGIGLFF,0.183
CSARGADTQYF,CASSFGADTQYF,0.154
CASSLVGGEQYF,CASSLKIGEQFF,0.127
CASSLVGGEQYF,CASSLIGNEQFF,0.094
CASSEGDTEAFF,CASSPGSTEAFF,0.115
CASSLDPGDTGELFF,CASSVDSGSTNEQFF,0.152
CASSIDGTAYEQYF,CASSRDFYAYNEQFF,0.187
CASSIDGTAYEQYF,CASSYSGHVYEQYF,0.183
CASSIDGTAYEQYF,CASSLPGTAYEQYF,0.12
CASSFNMATGQYF,CASSYNIAGELFF,0.173
CASSLGHTEVFF,CASSLGVEELFF,0.141
CASSSGVGTEVFF,CASSSGQAYEQYF,0.159
CASSLGREETQYF,CASSLIGEETQYF,0.089
CASSLGREETQYF,CASSLGREYGYTF,0.089
CSANPRDESYNEQFF,CASSRQESYGYTF,0.218
CSANPRDESYNEQFF,CASRYRDDSYNEQFF,0.206
CASSTGSYGYTF,CASSTRSTGELFF,0.131
CASSTGSYGYTF,CASTGSYGYTF,0.085
CASSLWLNEQFF,CASSLIGNEQFF,0.132
CASGLGGSNEQFF,CASRPRRDNEQFF,0.228
CASSLVGTGELFF,CASSLVGATAFF,0.158
CASSLVGTGELFF,CASSLTGGGELFF,0.093
CASSLIGEETQYF,CASSLIGNEQFF,0.151
CASTHGTSGEDTQYF,CATTPGASGISEQFF,0.208
CATSDSTSGGTDTQYF,CAISESRSRVTDTQYF,0.24
CASSPSEGLNTEAFF,CASSPSTGTIYGYTF,0.211
CASSVDSGLGYGYTF,CASSVDSGSTNEQFF,0.135
CASSLTGGGELFF,CASSLLTGGTDTQYF,0.196
CASSLTGGGELFF,CASSQVRGRGEQYF,0.153
CASSLTGGGELFF,CASSLIYPGELFF,0.146
CASSLTGGGELFF,CASSPTGVGEQFF,0.129
CASSLTGGGELFF,CASSLMGNTEAFF,0.108
CASSYNIAGELFF,CASSPTGVGEQFF,0.195
CASSLYSNQPQHF,CASSQYSNQPQHF,0.052
CASSLPGTAYEQYF,CASSQARTAYEQYF,0.17
CASSLGLENEQFF,CASSLGQAYEQYF,0.147
CASSLGLENEQFF,CASSLGVEELFF,0.138
CASSFLGLNEQFF,CASSIFGQREQYF,0.176
CASSFLGLNEQFF,CASSESGAGELFF,0.174
CASSSQGAAGELFF,CASSSRAAYEQYF,0.146
CASSSQGAAGELFF,CASSDSGEAGELFF,0.139
CASSWWDTGELFF,CASSDWGDTGQLYF,0.181
CASSWWDTGELFF,CASSMRSTGELFF,0.144
CASSWWDTGELFF,CASSSWDTGELFF,0.107
CASSWDRGTGEQYF,CASSLSRGWTEAFF,0.193
CASSWDRGTGEQYF,CASSYDRGPREGYTF,0.173
CASSWDRGTGEQYF,CASSQDKTTGELFF,0.13
CASGDAGGGYEQYF,CAGQVTNTGELFF,0.198
CASTSRAGFNEQFF,CASSARSTGGFGANVLTF,0.241
CASSLEAVSIHGYTF,CAISGQAVSTDTQYF,0.278
CASSQVGTVYGYTF,CASSPVGGDYGYTF,0.154
CASSQVGTVYGYTF,CASSPGGVYGYTF,0.128
CASSPSDYGYTF,CASSDSYGYTF,0.204
CASSPSDYGYTF,CASSPSREGYTF,0.182
CASSPHRNTEAFF,CASSPSRNTEAFF,0.081
CASSPHRNTEAFF,CASSPARNTEAFF,0.056
CASSLGRASNQPQHF,CASSLYRGSNQPQHF,0.118
CASSGTHNEQFF,CASSRGHPLQFF,0.215
CASSPSRNTEAFF,CASSQDRHTEAFF,0.142
CASSPSRNTEAFF,CASSPSREGYTF,0.131
CASSQAGQGNSPLHF,CASSQIRETGSPLHF,0.232
CASSQAGQGNSPLHF,CASSVATSGGSQQFF,0.176
CAISEQEDQPQHF,CSARDGQGSSPLHF,0.322
CASSMGGTYEQYF,CASSEGYIYEQYF,0.115
CASSMGGTYEQYF,CASSTGRYYEQYF,0.111
CASSQARDRGNGYTF,CASSVRSTGELFF,0.192
CASSLLTGGTDTQYF,CASSLQRGRTDTQYF,0.133
CASSTRRNTEAFF,CASSPARNTEAFF,0.159
CASSTRRNTEAFF,CASSTGRYYEQYF,0.105
CASSWSASYEQYF,CASSFHISYEQYF,0.165
CASSIRSAHEQFF,CASSIRSSYEQYF,0.155
CASSIRSAHEQFF,CASSIRSTGELFF,0.141
CASSIRSAHEQFF,CASSIRSAWAQYF,0.097
CASSPGSTEAFF,CASSQGSYEQYF,0.137
CASTGGLGYTF,CASNRGDGYTF,0.14
CASSYNEQFF,CASSYTGELFF,0.248
CASSPGTFRYTF,CASSSGIYGYTF,0.16
CASDSNTEAFF,CASSSVNEQFF,0.204
CASSAGLDAEQYF,CASSQGQDTEAFF,0.173
CASSAGLDAEQYF,CASSLGIDAIYF,0.141
CASSQAGQAGELFF,CASSLGQAYEQYF,0.124
CASRGTGGGSGQPQHF,CAAGTRTDTQYF,0.268
CASSTRSTGELFF,CSARPRRSAGELFF,0.274
CASSTRSTGELFF,CASSIRSTGELFF,0.025
CASSSPGASTYEQYF,CASSFSPTAQGLEQYF,0.319
CASSSPGASTYEQYF,CASSSRASYEQYF,0.192
CASSQDKTTGELFF,CASSQVRGRGEQYF,0.174
CAISVSGTRVYNEQFF,CASSYSKMTAYNSPLHF,0.246
CASSQVRGRGEQYF,CASSQARTAYEQYF,0.179
CASGQGQETQYF,CASSQEVETQYF,0.268
CASRRQGTVYEQYF,CASRRPGGDTEAFF,0.183
CASRRQGTVYEQYF,CASRGQGFSYEQYF,0.157
CASSLSWGPGNTIYF,CASSLSRASGNTLYF,0.207
CASSRQESYGYTF,CASSFHISYEQYF,0.212
CASSIGQYEQYF,CASSYGSYEQYF,0.084
CASSYDRGPREGYTF,CASSLHDRGSRTEAFF,0.254
CASSYDRGPREGYTF,CASSDDRGPYEQYF,0.173
CASAQIGPYEQYF,CASSDDRGPYEQYF,0.161
CASSLYGSSYNEQFF,CASSYRSSYEQYF,0.154
CASSDSTSGGNEQFF,CASSSWDTGELFF,0.198
CASSQALPYEQYF,CASSDTVSYEQYF,0.155
CASSLSRASGNTLYF,CASSSRASYEQYF,0.154
CASRSAGHQETQYF,CSARDHGGDYGYTF,0.288
CASKMGAEAFF,CASSYSKMTAYNSPLHF,0.234
CASSSRGSGGASSYEQYF,CASVQGGSGGRGSYEQYF,0.232
CASSIRSTGELFF,CASSVRSTGELFF,0.054
CASSIRSTGELFF,CASSMRSTGELFF,0.027
CASTSVRDRLEKLFF,CASSVRSTGELFF,0.288
CAWSINSAEAFF,CASSIRSAWAQYF,0.203
CASSSAFYGYTF,CASSSGIYGYTF,0.079
CASSSAFYGYTF,CASSSAYYGYTF,0.038
CASSLRDGSNQAPLF,CASSLYRGSNQPQHF,0.174
CASSLRDGSNQAPLF,CSARLPRDYSNQPQHF,0.171
CASSVDSGSTNEQFF,CASSRDSNSNQPQHF,0.226
CASSVDSGSTNEQFF,CASSDSDGSGELFF,0.211
CASSVDSGSTNEQFF,CASSLDSSSGNTIYF,0.165
CASSAGNTIYF,CASSLGEKLFF,0.187
CASSYGSYEQYF,CASSQGSYEQYF,0.105
CASSSVNEQFF,CASSSSYEQYF,0.117
CASSPGGVYGYTF,CASSPTGVGEQFF,0.151
CATSDSAGYNEQFF,CASSSANYGYTF,0.171
CASSSANYGYTF,CASSSAYYGYTF,0.031
CASSPVGGDYGYTF,CSARDHGGDYGYTF,0.25
CASSARSTGGFGANVLTF,CASSHRDRGISGANVLTF,0.24
CASSQIRETGSPLHF,CASSPRREQGDTQYF,0.233
CASSYTGELFF,CASSMGGEQYF,0.125
CASSPDIEQYF,CASSPEETQYF,0.207
CASSPDIEQYF,CASSSSYEQYF,0.139
CASNRGDGYTF,CASSYSIRGSRGEQFF,0.253
CASSIRASYEQYF,CASSIRSSYEQYF,0.084
CASSIRASYEQYF,CASSFGVSYEQYF,0.083
CASSFGVSYEQYF,CASSFHISYEQYF,0.132
CASSPSRVLYEQYF,CASSSRAAYEQYF,0.102
CATSSGDLSSGANVLTF,CASSLDSSSGNTIYF,0.213
CSARDSGLSHGEQFF,CSARDHGGDYGYTF,0.277
CASRGQGFSYEQYF,CASTAQGFSNQPQHF,0.212
CASSFGADTQYF,CASSLGGDIQYF,0.158
CASSSRAAYEQYF,CASSSGQAYEQYF,0.106
CASSSRAAYEQYF,CASSSRASYEQYF,0.083
CASSLGQAYEQYF,CASSSGQAYEQYF,0.071
CASSGVGSGRPNSYNEQFF,CASVQGGSGGRGSYEQYF,0.234
CASSQDRHTEAFF,CASSQDRDTQYF,0.135
CASSLDSSSGNTIYF,CASSLDSQSSGNTIYF,0.221
CASSLYRGSNQPQHF,CASSSLRGSNQPQHF,0.165
CASVQGGSGGRGSYEQYF,CASSGSSGGRTDTQYF,0.181
CWSFAGSYYVF,CASSYSIRGSRGEQFF,0.218
CASSDLNSPLHF,CASSDGGSPQFF,0.172
CASSQETGSYEQYF,CASSLEGSYEQYF,0.16
CASSQETGSYEQFF,CASSQETGSASQHF,0.201
CASSQETGSYEQFF,CASSLEGSYEQYF,0.16
CASSLQRGRTDTQYF,CASSHLDRGKKDYEQYF,0.178
CASSLQRGRTDTQYF,CAISAPRGERDEQYF,0.173
CASSLDIPSYNEQFF,CASSDTVSYEQYF,0.187
CASSMGGEQYF,CASSFGREQYF,0.068
CASSQEVETQYF,CASSLERETQYF,0.145
CSVAGQGDDHTDTQYF,CSGDRSSDTQYF,0.241
CASSQGSYEQYF,CASSDGDYEQYF,0.06
CASSVRYEQYF,CASSFGREQYF,0.147
CASSSSGGGAGDTQYF,CASSSLTGSGQPQHF,0.221
CASSSFYDSNEKLFF,CASSIRSSYEQYF,0.12
CASSQDPGSSYNEQFF,CASSSSGSSYNEQFF,0.138
CASSLGEKLFF,CASSLGRGQFF,0.186
CASSHRDRGISGANVLTF,CATSRDRGWSNQPQHF,0.149
CASSLERDGYTF,CASSLEGSYEQYF,0.182
CASSQSSGGGRSEAFF,CASSGSSGGRTDTQYF,0.211
CASSSGQAYEQYF,CASSQGQDTEAFF,0.16
CASSDWVSYEQYF,CASSDTVSYEQYF,0.058
CASSLAGDYEQYF,CASSLLTDTQYF,0.161
CASSLAGDYEQYF,CASSLEGSYEQYF,0.088
CASSFGREQYF,CASSGSSGGRTDTQYF,0.188
CASSFGREQYF,CASSLGRGQFF,0.14
CASSSRASYEQYF,CASSDTVSYEQYF,0.098
CASSSRASYEQYF,CASSSRSSYEQYF,0.083
CASSLERETQYF,CASSLLTDTQYF,0.2
CASSLERETQYF,CASSQIRETQYF,0.102
CASSYRSSYEQYF,CASSIRSSYEQYF,0.038
CASSDGGSPQFF,CASSSLTGSGQPQHF,0.167
CASSLLTDTQYF,CATSALGDTQYF,0.18
CASSLLTDTQYF,CASSQDRDTQYF,0.152
CASSLLTDTQYF,CASSLGGDIQYF,0.133
CASSIRSSYEQYF,CASSSRSSYEQYF,0.116
CSGDRSSDTQYF,CATSALGDTQYF,0.316
CAISDPRDSYEQYF,CASSSPHRDSYSPLHF,0.219
CAISDPRDSYEQYF,CASSSRSSYEQYF,0.122
CASSLGGDIQYF,CASSSLTGSGQPQHF,0.11
CASSSLRGSNQPQHF,CASSSLTGSGQPQHF,0.074
CASSSSGSSYNEQFF,CASSSRSSYEQYF,0.083
