source,target,color
CASSLWLNEQFF_true,CASSLWLNEQFF_pred,blue
CASSPKTGASYGYTF_true,CASSPKTGASYGYTF_pred,blue
CASSFVSFDEQFF_true,CASSFVSFDEQFF_pred,blue
CASSSAYYGYTF_true,CASSSAYYGYTF_pred,blue
CASSADSYGANVLTF_true,CASSADSYGANVLTF_pred,blue
CSVDPGHTGEKLFF_true,CSVDPGHTGEKLFF_pred,blue
CASSLVGGRHGYTF_true,CASSLVGGRHGYTF_pred,blue
CASSHDPTWGPGNTIYF_true,CASSHDPTWGPGNTIYF_pred,blue
CASSFGQGSSPLHF_true,CASSFGQGSSPLHF_pred,blue
CASSLETVNTEAFF_true,CASSLETVNTEAFF_pred,blue
CASSSFYDSNEKLFF_true,CASSSFYDSNEKLFF_pred,blue
CASSLASPGHFTGELFF_true,CASSLASPGHFTGELFF_pred,blue
CASRRQGTVYEQYF_true,CASRRQGTVYEQYF_pred,blue
CASRIELPGAGELFF_true,CASRIELPGAGELFF_pred,blue
CASSLGFLGPAAGNTIYF_true,CASSLGFLGPAAGNTIYF_pred,blue
CSARDHGGDYGYTF_true,CSARDHGGDYGYTF_pred,blue
CASSLEVTGLNTEAFF_true,CASSLEVTGLNTEAFF_pred,blue
CASSDSGEAGELFF_true,CASSDSGEAGELFF_pred,blue
CSGGQDYNEQFF_true,CSGGQDYNEQFF_pred,blue
CASSEDSGGYNEQFF_true,CASSEDSGGYNEQFF_pred,blue
CASSDSTSGGNEQFF_true,CASSDSTSGGNEQFF_pred,blue
CSARDMASGRNEQYF_true,CSARDMASGRNEQYF_pred,blue
CASSPGGGMNTEAFF_true,CASSPGGGMNTEAFF_pred,blue
CASSFDPGSYGYTF_true,CASSFDPGSYGYTF_pred,blue
CASSPASGSLFF_true,CASSPASGSLFF_pred,blue
CASSEGLGGALYGYTF_true,CASSEGLGGALYGYTF_pred,blue
CASSPDYDQETQYF_true,CASSPDYDQETQYF_pred,blue
CASTHGTSGEDTQYF_true,CASTHGTSGEDTQYF_pred,blue
CASLPTGTNTGELFF_true,CASLPTGTNTGELFF_pred,blue
CASSLQGASGYTF_true,CASSLQGASGYTF_pred,blue
CASTGGGALGTEAFF_true,CASTGGGALGTEAFF_pred,blue
CASSIVAGGYNEQFF_true,CASSIVAGGYNEQFF_pred,blue
CASSRDRTGRANYGYTF_true,CASSRDRTGRANYGYTF_pred,blue
CASSPRTSFETQYF_true,CASSPRTSFETQYF_pred,blue
CASSPGTFRYTF_true,CASSPGTFRYTF_pred,blue
CASSPTDRGNTGELFF_true,CASSPTDRGNTGELFF_pred,blue
CASSGRGFLNYGYTF_true,CASSGRGFLNYGYTF_pred,blue
CASSLVGTGELFF_true,CASSLVGTGELFF_pred,blue
CASSHGAAAGETEAFF_true,CASSHGAAAGETEAFF_pred,blue
CASGSGLAGNEQFF_true,CASGSGLAGNEQFF_pred,blue
CASSQVAGGAGGPREYNEQFF_true,CASSQVAGGAGGPREYNEQFF_pred,blue
CASSVGLGFTDTQYF_true,CASSVGLGFTDTQYF_pred,blue
CASSEARQGLDTEAFF_true,CASSEARQGLDTEAFF_pred,blue
CASSLFAGAETQYF_true,CASSLFAGAETQYF_pred,blue
CASRKLAGPTDTQYF_true,CASRKLAGPTDTQYF_pred,blue
CATSATGLRNQPQHF_true,CATSATGLRNQPQHF_pred,blue
CASSLESWGRAYNEQFF_true,CASSLESWGRAYNEQFF_pred,blue
CASLAGVRTDTQYF_true,CASLAGVRTDTQYF_pred,blue
CASSNFLGQGDEKLFF_true,CASSNFLGQGDEKLFF_pred,blue
CASSEPIGTGGNQPQHF_true,CASSEPIGTGGNQPQHF_pred,blue
CASRQENSGNTIYF_true,CASRQENSGNTIYF_pred,blue
CASSSQGWGRVYSEQFF_true,CASSSQGWGRVYSEQFF_pred,blue
CSATPSGYGYTF_true,CSATPSGYGYTF_pred,blue
CASSVEVGTGDNEQFF_true,CASSVEVGTGDNEQFF_pred,blue
CASSIQKAGYNEQFF_true,CASSIQKAGYNEQFF_pred,blue
CAAGTRTDTQYF_true,CAAGTRTDTQYF_pred,blue
CASSVDSGSTNEQFF_true,CASSVDSGSTNEQFF_pred,blue
CASSLGTGELFF_true,CASSLGTGELFF_pred,blue
CASSLSGVPHNNEQFF_true,CASSLSGVPHNNEQFF_pred,blue
CASSQTRTSGRVDPDTQYF_true,CASSQTRTSGRVDPDTQYF_pred,blue
CASRRPGGDTEAFF_true,CASRRPGGDTEAFF_pred,blue
CASSLNSGLYNEQFF_true,CASSLNSGLYNEQFF_pred,blue
CASSLNGRADTQYF_true,CASSLNGRADTQYF_pred,blue
CASSRQESYGYTF_true,CASSRQESYGYTF_pred,blue
CAISEQEDQPQHF_true,CAISEQEDQPQHF_pred,blue
CASSVEGQGDTEAFF_true,CASSVEGQGDTEAFF_pred,blue
CASSPLRGVYYNEQFF_true,CASSPLRGVYYNEQFF_pred,blue
CASTPYRRGPHLYGYTF_true,CASTPYRRGPHLYGYTF_pred,blue
CASSLVVMGTGFTDTQYF_true,CASSLVVMGTGFTDTQYF_pred,blue
CASSLAQQGLAEAFF_true,CASSLAQQGLAEAFF_pred,blue
CASSPSTGTIYGYTF_true,CASSPSTGTIYGYTF_pred,blue
CAISESRSRVTDTQYF_true,CAISESRSRVTDTQYF_pred,blue
CASSPSDYGYTF_true,CASSPSDYGYTF_pred,blue
CAISEYPPTGRKADTQYF_true,CAISEYPPTGRKADTQYF_pred,blue
CASSQVGTVYGYTF_true,CASSQVGTVYGYTF_pred,blue
CSAADRGLGETQYF_true,CSAADRGLGETQYF_pred,blue
CASRGTGGGSGQPQHF_true,CASRGTGGGSGQPQHF_pred,blue
CASSYDRGPREGYTF_true,CASSYDRGPREGYTF_pred,blue
CASSTRSTGELFF_true,CASSTRSTGELFF_pred,blue
CASSLRGQGFYEQFF_true,CASSLRGQGFYEQFF_pred,blue
CSGDRSSDTQYF_true,CSGDRSSDTQYF_pred,blue
CASSPSWGEVNTEAFF_true,CASSPSWGEVNTEAFF_pred,blue
CASSPGYGSSGNTIYF_true,CASSPGYGSSGNTIYF_pred,blue
CASSPPGLPGYTF_true,CASSPPGLPGYTF_pred,blue
CASSPGQLQETQYF_true,CASSPGQLQETQYF_pred,blue
CASSSGLAGVETGELFF_true,CASSSGLAGVETGELFF_pred,blue
CASSLQVWNEQFF_true,CASSLQVWNEQFF_pred,blue
CASSLQGIGAKNIQYF_true,CASSLQGIGAKNIQYF_pred,blue
CASSFQGYTEAFF_true,CASSFQGYTEAFF_pred,blue
CASSSGGLSEQYF_true,CASSSGGLSEQYF_pred,blue
CSARGADTQYF_true,CSARGADTQYF_pred,blue
CASSLELAAWETQYF_true,CASSLELAAWETQYF_pred,blue
CSARDLRLLANTGELFF_true,CSARDLRLLANTGELFF_pred,blue
CASSTGSYGYTF_true,CASSTGSYGYTF_pred,blue
CASSSGIYGYTF_true,CASSSGIYGYTF_pred,blue
CASSLAGFTGELFF_true,CASSLAGFTGELFF_pred,blue
CASSPTLVTSGNTIYF_true,CASSPTLVTSGNTIYF_pred,blue
CASSEGYIYEQYF_true,CASSEGYIYEQYF_pred,blue
CASSYASNQPQHF_true,CASSYASNQPQHF_pred,blue
CAISVSGTRVYNEQFF_true,CAISVSGTRVYNEQFF_pred,blue
CASSLGQGNSPLHF_true,CASSLGQGNSPLHF_pred,blue
CASSLKAGNQPQHF_true,CASSLKAGNQPQHF_pred,blue
CASSVGTLYSGANVLTF_true,CASSVGTLYSGANVLTF_pred,blue
CASSLLGGAGTGELFF_true,CASSLLGGAGTGELFF_pred,blue
CSVEGDTGELFF_true,CSVEGDTGELFF_pred,blue
CASSQGLAGEVYTGELFF_true,CASSQGLAGEVYTGELFF_pred,blue
CASSLDRPSGMAAETQYF_true,CASSLDRPSGMAAETQYF_pred,blue
CASSINRDLLNGYTF_true,CASSINRDLLNGYTF_pred,blue
CASSYWDRTTSGNTIYF_true,CASSYWDRTTSGNTIYF_pred,blue
CASSHTSGNGDTQYF_true,CASSHTSGNGDTQYF_pred,blue
CASSDSRANTGELFF_true,CASSDSRANTGELFF_pred,blue
CSARLPRDYSNQPQHF_true,CSARLPRDYSNQPQHF_pred,blue
CASSLAEKANTGELFF_true,CASSLAEKANTGELFF_pred,blue
CSILGSNAGPQETQYF_true,CSILGSNAGPQETQYF_pred,blue
CAIDRVGTGELFF_true,CAIDRVGTGELFF_pred,blue
CASTGSVSTDTQYF_true,CASTGSVSTDTQYF_pred,blue
CASSRGHPLQFF_true,CASSRGHPLQFF_pred,blue
CASSISAGVGVGQETQYF_true,CASSISAGVGVGQETQYF_pred,blue
CASSLVGGPSVQFF_true,CASSLVGGPSVQFF_pred,blue
CATSDSAGYNEQFF_true,CATSDSAGYNEQFF_pred,blue
CASSVTGTEADEQFF_true,CASSVTGTEADEQFF_pred,blue
CASSPPGTSGGRNEQFF_true,CASSPPGTSGGRNEQFF_pred,blue
CASSDRLENNEKLFF_true,CASSDRLENNEKLFF_pred,blue
CASTRESTDTQYF_true,CASTRESTDTQYF_pred,blue
CASSLGGTGWTEAFF_true,CASSLGGTGWTEAFF_pred,blue
CASSFKDTNTGELFF_true,CASSFKDTNTGELFF_pred,blue
CASSLGAANYNEQFF_true,CASSLGAANYNEQFF_pred,blue
CATSEGNEQFF_true,CATSEGNEQFF_pred,blue
CASSSRTGDQETQYF_true,CASSSRTGDQETQYF_pred,blue
CASSSVNVAFF_true,CASSSVNVAFF_pred,blue
CASSDPGVDRNTEAFF_true,CASSDPGVDRNTEAFF_pred,blue
CASSHGTGYNQPQHF_true,CASSHGTGYNQPQHF_pred,blue
CASSLEIQGSGAFF_true,CASSLEIQGSGAFF_pred,blue
CASSDGIGQGASGYTF_true,CASSDGIGQGASGYTF_pred,blue
CASSARGGGNNEQFF_true,CASSARGGGNNEQFF_pred,blue
CASSYSGTNQPQHF_true,CASSYSGTNQPQHF_pred,blue
CASSYSGTGDYGYTF_true,CASSYSGTGDYGYTF_pred,blue
CASSPVGGDYGYTF_true,CASSPVGGDYGYTF_pred,blue
CASSLDLYGYTF_true,CASSLDLYGYTF_pred,blue
CSARDRGGENTGELFF_true,CSARDRGGENTGELFF_pred,blue
CASSFQGIRVEAFF_true,CASSFQGIRVEAFF_pred,blue
CASSPPGRGNTGELFF_true,CASSPPGRGNTGELFF_pred,blue
CASSFGQRDRGYWRNTEAFF_true,CASSFGQRDRGYWRNTEAFF_pred,blue
CASGFTGGRNTEAFF_true,CASGFTGGRNTEAFF_pred,blue
CASSIVAGAGAGELFF_true,CASSIVAGAGAGELFF_pred,blue
CATSDLLAGGKTGELFF_true,CATSDLLAGGKTGELFF_pred,blue
CASSATGSNTGELFF_true,CASSATGSNTGELFF_pred,blue
CASSMGTVYLNTEAFF_true,CASSMGTVYLNTEAFF_pred,blue
CASSLLGVSYYNEQFF_true,CASSLLGVSYYNEQFF_pred,blue
CASSTRGGGDAKNIQYF_true,CASSTRGGGDAKNIQYF_pred,blue
CAWVPGTGGRAAFF_true,CAWVPGTGGRAAFF_pred,blue
CASSVVGYLGYTF_true,CASSVVGYLGYTF_pred,blue
CASSRGQGPGQETQYF_true,CASSRGQGPGQETQYF_pred,blue
CASSQAPSMEPNEQFF_true,CASSQAPSMEPNEQFF_pred,blue
CASSHQTGELFF_true,CASSHQTGELFF_pred,blue
CASSYNEQFF_true,CASSYNEQFF_pred,blue
CASSIDAGSNYEQYF_true,CASSIDAGSNYEQYF_pred,blue
CASSYTVQPYNEQFF_true,CASSYTVQPYNEQFF_pred,blue
CATSDLRRTDTQYF_true,CATSDLRRTDTQYF_pred,blue
CASSRDSNSNQPQHF_true,CASSRDSNSNQPQHF_pred,blue
CASSHERDRDTGELFF_true,CASSHERDRDTGELFF_pred,blue
CASSSAFYGYTF_true,CASSSAFYGYTF_pred,blue
CASSLAYILGLGDEQFF_true,CASSLAYILGLGDEQFF_pred,blue
CASSDALQETQYF_true,CASSDALQETQYF_pred,blue
CASSLASRVGSPLHF_true,CASSLASRVGSPLHF_pred,blue
CASSLSAVHGYTF_true,CASSLSAVHGYTF_pred,blue
CASSLKIGEQFF_true,CASSLKIGEQFF_pred,blue
CASSLAGDYEQYF_true,CASSLAGDYEQYF_pred,blue
CASSELAGGGDTQYF_true,CASSELAGGGDTQYF_pred,blue
CASSQQETYEQYF_true,CASSQQETYEQYF_pred,blue
CSVVDYGYTF_true,CSVVDYGYTF_pred,blue
CSVAGQGDDHTDTQYF_true,CSVAGQGDDHTDTQYF_pred,blue
CSAPFPGQGDYGYTF_true,CSAPFPGQGDYGYTF_pred,blue
CASSPSREGYTF_true,CASSPSREGYTF_pred,blue
CASSSGTSGSGSYNEQFF_true,CASSSGTSGSGSYNEQFF_pred,blue
CASSIVGGMNTEAFF_true,CASSIVGGMNTEAFF_pred,blue
CASFSPRVYEQYF_true,CASFSPRVYEQYF_pred,blue
CSVEEGSRAQYF_true,CSVEEGSRAQYF_pred,blue
CASSEGLWQVGDEQYF_true,CASSEGLWQVGDEQYF_pred,blue
CAISELVTGDSPLHF_true,CAISELVTGDSPLHF_pred,blue
CASSIQQGADTQYF_true,CASSIQQGADTQYF_pred,blue
CASSLGEGRVDGYTF_true,CASSLGEGRVDGYTF_pred,blue
CASSDPGTEAFF_true,CASSDPGTEAFF_pred,blue
CASSFGQSSTYGYTF_true,CASSFGQSSTYGYTF_pred,blue
CASSLGRASNQPQHF_true,CASSLGRASNQPQHF_pred,blue
CASSLGQTNYGYTF_true,CASSLGQTNYGYTF_pred,blue
CASSQGFGANVLTF_true,CASSQGFGANVLTF_pred,blue
CASVSGQGVSPLHF_true,CASVSGQGVSPLHF_pred,blue
CATSRDGAGLVNQPQHF_true,CATSRDGAGLVNQPQHF_pred,blue
CASSQDPGSSYNEQFF_true,CASSQDPGSSYNEQFF_pred,blue
CASSLNPGRSDSPLHF_true,CASSLNPGRSDSPLHF_pred,blue
CASSPNPQGANMDTQYF_true,CASSPNPQGANMDTQYF_pred,blue
CASSQRQEGDTQYF_true,CASSQRQEGDTQYF_pred,blue
CASSGGHTGSNEQFF_true,CASSGGHTGSNEQFF_pred,blue
CASSFIGGTDTQYF_true,CASSFIGGTDTQYF_pred,blue
CASSPEETQYF_true,CASSPEETQYF_pred,blue
CASSPHPGTSGGASYNEQFF_true,CASSPHPGTSGGASYNEQFF_pred,blue
CASSLMTNQPQHF_true,CASSLMTNQPQHF_pred,blue
CASSLYGSVQNEQFF_true,CASSLYGSVQNEQFF_pred,blue
CASSVATSGGSQQFF_true,CASSVATSGGSQQFF_pred,blue
CASSLYGADTQYF_true,CASSLYGADTQYF_pred,blue
CASSLWKGAGYTF_true,CASSLWKGAGYTF_pred,blue
CASSYRGLSGELFF_true,CASSYRGLSGELFF_pred,blue
CASSQEVETQYF_true,CASSQEVETQYF_pred,blue
CASSIVRGQRETKNIQYF_true,CASSIVRGQRETKNIQYF_pred,blue
CASSFDRGTGNTIYF_true,CASSFDRGTGNTIYF_pred,blue
CASSHRTGGETQYF_true,CASSHRTGGETQYF_pred,blue
CASSTILGPGANVLTF_true,CASSTILGPGANVLTF_pred,blue
CASSEETGNQPQHF_true,CASSEETGNQPQHF_pred,blue
CASSLAGTGGRFSYEQYF_true,CASSLAGTGGRFSYEQYF_pred,blue
CASRIWDGGASTDTQYF_true,CASRIWDGGASTDTQYF_pred,blue
CASSYYRLAGELFF_true,CASSYYRLAGELFF_pred,blue
CASNGQGDTEAFF_true,CASNGQGDTEAFF_pred,blue
CASSLGVEELFF_true,CASSLGVEELFF_pred,blue
CASSVEAGPNEQYF_true,CASSVEAGPNEQYF_pred,blue
CASSSLPGGGVDTQYF_true,CASSSLPGGGVDTQYF_pred,blue
CASSLWQGGQPQHF_true,CASSLWQGGQPQHF_pred,blue
CASSQERGDNTKNTQYF_true,CASSQERGDNTKNTQYF_pred,blue
CASSPGSTEAFF_true,CASSPGSTEAFF_pred,blue
CASSVFGVQRGFGTDTQYF_true,CASSVFGVQRGFGTDTQYF_pred,blue
CASSLIGEETQYF_true,CASSLIGEETQYF_pred,blue
CASSLPGTAYEQYF_true,CASSLPGTAYEQYF_pred,blue
CASSSRGSGGASSYEQYF_true,CASSSRGSGGASSYEQYF_pred,blue
CARAFESGANVLTF_true,CARAFESGANVLTF_pred,blue
CASSPYGGPGNTIYF_true,CASSPYGGPGNTIYF_pred,blue
CASSESAGHKAFF_true,CASSESAGHKAFF_pred,blue
CAISGQGASYEQYF_true,CAISGQGASYEQYF_pred,blue
CASSQDRDRGPDEKLFF_true,CASSQDRDRGPDEKLFF_pred,blue
CASRGGRVAGADTEAFF_true,CASRGGRVAGADTEAFF_pred,blue
CASSQSSGGGRSEAFF_true,CASSQSSGGGRSEAFF_pred,blue
CASSTWSQNTGELFF_true,CASSTWSQNTGELFF_pred,blue
CASSLGREETQYF_true,CASSLGREETQYF_pred,blue
CASSRDLNEQFF_true,CASSRDLNEQFF_pred,blue
CASSTGQGEGLYSNQPQHF_true,CASSTGQGEGLYSNQPQHF_pred,blue
CASSPREGGETQYF_true,CASSPREGGETQYF_pred,blue
CASSQPSQGGRLEQYF_true,CASSQPSQGGRLEQYF_pred,blue
CASSVAGLGGNTIYF_true,CASSVAGLGGNTIYF_pred,blue
CASSQERDRRAVEKLFF_true,CASSQERDRRAVEKLFF_pred,blue
CASSDGGSPQFF_true,CASSDGGSPQFF_pred,blue
CSAKRNRAYHYGYTF_true,CSAKRNRAYHYGYTF_pred,blue
CASSFGTGEAFF_true,CASSFGTGEAFF_pred,blue
CASSPAGQGGYEQYF_true,CASSPAGQGGYEQYF_pred,blue
CASSQDRGLAGGTYNEQFF_true,CASSQDRGLAGGTYNEQFF_pred,blue
CASSTLQGADQPQHF_true,CASSTLQGADQPQHF_pred,blue
CASSDRDVTGELFF_true,CASSDRDVTGELFF_pred,blue
CASSLDSSSGNTIYF_true,CASSLDSSSGNTIYF_pred,blue
CASSLYRGSNQPQHF_true,CASSLYRGSNQPQHF_pred,blue
CASSLMGNTEAFF_true,CASSLMGNTEAFF_pred,blue
CASRGLQGRIDYNEQFF_true,CASRGLQGRIDYNEQFF_pred,blue
CASSLYPGANTEAFF_true,CASSLYPGANTEAFF_pred,blue
CASSLYGAGNSPLHF_true,CASSLYGAGNSPLHF_pred,blue
CASRIYAGSPYEQYF_true,CASRIYAGSPYEQYF_pred,blue
CASSPREAGGISGYTF_true,CASSPREAGGISGYTF_pred,blue
CASNPAGGAGLGYGYTF_true,CASNPAGGAGLGYGYTF_pred,blue
CASSLDSSGGNEQYF_true,CASSLDSSGGNEQYF_pred,blue
CASRARVLDEQFF_true,CASRARVLDEQFF_pred,blue
CASSESGAGELFF_true,CASSESGAGELFF_pred,blue
CASSLGALGETQYF_true,CASSLGALGETQYF_pred,blue
CASSLAGAGNEQFF_true,CASSLAGAGNEQFF_pred,blue
CASSVGGAQPQHF_true,CASSVGGAQPQHF_pred,blue
CSARDSGLSHGEQFF_true,CSARDSGLSHGEQFF_pred,blue
CASRLMPGSTYEQYF_true,CASRLMPGSTYEQYF_pred,blue
CASSSPPSGGGYEQFF_true,CASSSPPSGGGYEQFF_pred,blue
CASRQEGRPMNTEAFF_true,CASRQEGRPMNTEAFF_pred,blue
CASRENRASNTEAFF_true,CASRENRASNTEAFF_pred,blue
CASSARSTGGFGANVLTF_true,CASSARSTGGFGANVLTF_pred,blue
CASSDRDRGGNQPQHF_true,CASSDRDRGGNQPQHF_pred,blue
CASSGRDRDLVEQYF_true,CASSGRDRDLVEQYF_pred,blue
CASSPRGRGGREDTQYF_true,CASSPRGRGGREDTQYF_pred,blue
CASSTPSSYNEQFF_true,CASSTPSSYNEQFF_pred,blue
CASVQGGSGGRGSYEQYF_true,CASVQGGSGGRGSYEQYF_pred,blue
CASSDREGGPHEQYF_true,CASSDREGGPHEQYF_pred,blue
CASGAPGTPYNEQFF_true,CASGAPGTPYNEQFF_pred,blue
CASSQVVAFGDTQYF_true,CASSQVVAFGDTQYF_pred,blue
CASSPGLPEYF_true,CASSPGLPEYF_pred,blue
CASMARTSGDNEQFF_true,CASMARTSGDNEQFF_pred,blue
CASSLMANQPQHF_true,CASSLMANQPQHF_pred,blue
CSAPGGGGTSYEQYF_true,CSAPGGGGTSYEQYF_pred,blue
CSANPRDESYNEQFF_true,CSANPRDESYNEQFF_pred,blue
CASATSGTYYEQYF_true,CASATSGTYYEQYF_pred,blue
CASSLPAGQETQYF_true,CASSLPAGQETQYF_pred,blue
CASSQIRETGSPLHF_true,CASSQIRETGSPLHF_pred,blue
CASSDRGMNTEAFF_true,CASSDRGMNTEAFF_pred,blue
CASSLRQALRNEQFF_true,CASSLRQALRNEQFF_pred,blue
CASSQEGGGETQYF_true,CASSQEGGGETQYF_pred,blue
CASSLYSNQPQHF_true,CASSLYSNQPQHF_pred,blue
CASSFFGNQPQHF_true,CASSFFGNQPQHF_pred,blue
CASGQGALADTQYF_true,CASGQGALADTQYF_pred,blue
CASSIYPGQLYNSPLHF_true,CASSIYPGQLYNSPLHF_pred,blue
CASSGRGSYNEQFF_true,CASSGRGSYNEQFF_pred,blue
CASSVDSGLGYGYTF_true,CASSVDSGLGYGYTF_pred,blue
CASSQDRHTEAFF_true,CASSQDRHTEAFF_pred,blue
CASSLGHGRSSYEQYF_true,CASSLGHGRSSYEQYF_pred,blue
CASSLDRVSVNTEAFF_true,CASSLDRVSVNTEAFF_pred,blue
CASLEGYAAGELFF_true,CASLEGYAAGELFF_pred,blue
CASSQWGGQPQHF_true,CASSQWGGQPQHF_pred,blue
CASSDNRVWTEAFF_true,CASSDNRVWTEAFF_pred,blue
CASSPGEGMLVSEAFF_true,CASSPGEGMLVSEAFF_pred,blue
CASSGVGSGRPNSYNEQFF_true,CASSGVGSGRPNSYNEQFF_pred,blue
CASSLAGTSGYTYEQYF_true,CASSLAGTSGYTYEQYF_pred,blue
CASILGTSGREPYEQYF_true,CASILGTSGREPYEQYF_pred,blue
CAISESGTGFEQYF_true,CAISESGTGFEQYF_pred,blue
CASSQYSNQPQHF_true,CASSQYSNQPQHF_pred,blue
CASSLSRGWTEAFF_true,CASSLSRGWTEAFF_pred,blue
CASSQERKAGGPTEAFF_true,CASSQERKAGGPTEAFF_pred,blue
CASSLYGGQPQHF_true,CASSLYGGQPQHF_pred,blue
CASSLYRGIGLFF_true,CASSLYRGIGLFF_pred,blue
CAGRGRPNEKLFF_true,CAGRGRPNEKLFF_pred,blue
CASSQDFGRTQYF_true,CASSQDFGRTQYF_pred,blue
CASSLLTDTQYF_true,CASSLLTDTQYF_pred,blue
CASSVEGGGAQETQYF_true,CASSVEGGGAQETQYF_pred,blue
CASSLYGPGGVGQPQHF_true,CASSLYGPGGVGQPQHF_pred,blue
CASSLYGSSYNEQFF_true,CASSLYGSSYNEQFF_pred,blue
CASSSQGAAGELFF_true,CASSSQGAAGELFF_pred,blue
CASSQLEQGGETQYF_true,CASSQLEQGGETQYF_pred,blue
CASSPGSSGRLGEQFF_true,CASSPGSSGRLGEQFF_pred,blue
CASSLREMGGKAEAFF_true,CASSLREMGGKAEAFF_pred,blue
CASSLYGNQPQHF_true,CASSLYGNQPQHF_pred,blue
CASTPRGRGLVYGYTF_true,CASTPRGRGLVYGYTF_pred,blue
CSAVGLAGVRSYEQYF_true,CSAVGLAGVRSYEQYF_pred,blue
CASSMIPDMNTEAFF_true,CASSMIPDMNTEAFF_pred,blue
CASSLAREYSPLHF_true,CASSLAREYSPLHF_pred,blue
CASTAQGFSNQPQHF_true,CASTAQGFSNQPQHF_pred,blue
CASSLGDRGRGYGYTF_true,CASSLGDRGRGYGYTF_pred,blue
CASRGLSNTGELFF_true,CASRGLSNTGELFF_pred,blue
CASSPSQTSGGRTDTQYF_true,CASSPSQTSGGRTDTQYF_pred,blue
CASSPHQEVTEAFF_true,CASSPHQEVTEAFF_pred,blue
CASSTIGPYGELFF_true,CASSTIGPYGELFF_pred,blue
CASSNYPGGARTDTQYF_true,CASSNYPGGARTDTQYF_pred,blue
CSAGTGSANTEAFF_true,CSAGTGSANTEAFF_pred,blue
CASSPPARDRDHEQYF_true,CASSPPARDRDHEQYF_pred,blue
CASSPPRNMEPSYEQYF_true,CASSPPRNMEPSYEQYF_pred,blue
CASSSSGSSYNEQFF_true,CASSSSGSSYNEQFF_pred,blue
CAIANRGTEAFF_true,CAIANRGTEAFF_pred,blue
CSARRSDRVNTEAFF_true,CSARRSDRVNTEAFF_pred,blue
CASSIIPDMNTEAFF_true,CASSIIPDMNTEAFF_pred,blue
CASSSRDRGLGTEAFF_true,CASSSRDRGLGTEAFF_pred,blue
CASSHLDRGKKDYEQYF_true,CASSHLDRGKKDYEQYF_pred,blue
CASSPSGTGANEQFF_true,CASSPSGTGANEQFF_pred,blue
CASSLNFVGLNQPQHF_true,CASSLNFVGLNQPQHF_pred,blue
CASSHRDRGISGANVLTF_true,CASSHRDRGISGANVLTF_pred,blue
CASSMVPDMNTEAFF_true,CASSMVPDMNTEAFF_pred,blue
CSAEGLAGGKNTGELFF_true,CSAEGLAGGKNTGELFF_pred,blue
CASSGRTGNTEAFF_true,CASSGRTGNTEAFF_pred,blue
CASSSSYEQYF_true,CASSSSYEQYF_pred,blue
CASSVSRDRNGELFF_true,CASSVSRDRNGELFF_pred,blue
CASSQNSVGSYNEQFF_true,CASSQNSVGSYNEQFF_pred,blue
CASSFARTRWEQYF_true,CASSFARTRWEQYF_pred,blue
CASTEPRGTEAFF_true,CASTEPRGTEAFF_pred,blue
CASRMTGGKTNEKLFF_true,CASRMTGGKTNEKLFF_pred,blue
CASSVEIAGRYNEQFF_true,CASSVEIAGRYNEQFF_pred,blue
CASSQDPPGRLGKLFF_true,CASSQDPPGRLGKLFF_pred,blue
CASSPGDRGKTNEQFF_true,CASSPGDRGKTNEQFF_pred,blue
CASSQGQGIADTQYF_true,CASSQGQGIADTQYF_pred,blue
CASSLGQGKSSYEQYF_true,CASSLGQGKSSYEQYF_pred,blue
CASSPRDRARGDEQYF_true,CASSPRDRARGDEQYF_pred,blue
CSARPRRSAGELFF_true,CSARPRRSAGELFF_pred,blue
CSVWVGREQETQYF_true,CSVWVGREQETQYF_pred,blue
CASSSSPRGDTQYF_true,CASSSSPRGDTQYF_pred,blue
CASSLGTLQPQHF_true,CASSLGTLQPQHF_pred,blue
CASNPSAGTLYNEQFF_true,CASNPSAGTLYNEQFF_pred,blue
CASSLEGRREGETQYF_true,CASSLEGRREGETQYF_pred,blue
CASSQDSGRGELFF_true,CASSQDSGRGELFF_pred,blue
CASSFLFRDGTYEQYF_true,CASSFLFRDGTYEQYF_pred,blue
CASTSRAGFNEQFF_true,CASTSRAGFNEQFF_pred,blue
CASSYSKMTAYNSPLHF_true,CASSYSKMTAYNSPLHF_pred,blue
CSANPEGPYEQYF_true,CSANPEGPYEQYF_pred,blue
CASSVGGISPLHF_true,CASSVGGISPLHF_pred,blue
CASSPPRSEAFF_true,CASSPPRSEAFF_pred,blue
CASSPGQGVYEQYF_true,CASSPGQGVYEQYF_pred,blue
CASSPSRVLYEQYF_true,CASSPSRVLYEQYF_pred,blue
CASSPTSGSVYEQFF_true,CASSPTSGSVYEQFF_pred,blue
CASSFRQGEAFF_true,CASSFRQGEAFF_pred,blue
CSARDPAPEETQYF_true,CSARDPAPEETQYF_pred,blue
CASSQARDPQGILHF_true,CASSQARDPQGILHF_pred,blue
CASKRNTGELFF_true,CASKRNTGELFF_pred,blue
CASSFFGAQQVDGYTF_true,CASSFFGAQQVDGYTF_pred,blue
CASSRSLTDTQYF_true,CASSRSLTDTQYF_pred,blue
CASTVNRGSEGYTF_true,CASTVNRGSEGYTF_pred,blue
CASGLLTSGSINEQFF_true,CASGLLTSGSINEQFF_pred,blue
CASSTRRNTEAFF_true,CASSTRRNTEAFF_pred,blue
CASSYRSSYEQYF_true,CASSYRSSYEQYF_pred,blue
CASSPGGVYGYTF_true,CASSPGGVYGYTF_pred,blue
CASSASAEFSSYEQYF_true,CASSASAEFSSYEQYF_pred,blue
CSVEGLGRAVTQYF_true,CSVEGLGRAVTQYF_pred,blue
CASSPSELAGGRLDTQYF_true,CASSPSELAGGRLDTQYF_pred,blue
CASAPRRDRGTDTQYF_true,CASAPRRDRGTDTQYF_pred,blue
CSVVQGAECTF_true,CSVVQGAECTF_pred,blue
CASSQARDRGNGYTF_true,CASSQARDRGNGYTF_pred,blue
CASSQWGRPQETQYF_true,CASSQWGRPQETQYF_pred,blue
CASSSIPDFNTEAFF_true,CASSSIPDFNTEAFF_pred,blue
CASSNIPDMNTEAFF_true,CASSNIPDMNTEAFF_pred,blue
CASSIGQGKSSYEQYF_true,CASSIGQGKSSYEQYF_pred,blue
CASSVDPTGGGRQETQYF_true,CASSVDPTGGGRQETQYF_pred,blue
CASSLVGGEQYF_true,CASSLVGGEQYF_pred,blue
CASSSPRVAGRPDTQYF_true,CASSSPRVAGRPDTQYF_pred,blue
CASSVRYEQYF_true,CASSVRYEQYF_pred,blue
CASSLSRLAGDYTGELFF_true,CASSLSRLAGDYTGELFF_pred,blue
CASSSIAGRGEKLFF_true,CASSSIAGRGEKLFF_pred,blue
CASSNVPDMNTEAFF_true,CASSNVPDMNTEAFF_pred,blue
CASSLIGNEQFF_true,CASSLIGNEQFF_pred,blue
CSARDRYNEQFF_true,CSARDRYNEQFF_pred,blue
CASSLVGATAFF_true,CASSLVGATAFF_pred,blue
CATSTVPDYNSPLHF_true,CATSTVPDYNSPLHF_pred,blue
CASGRIAGELFF_true,CASGRIAGELFF_pred,blue
CASSVIPDMNTEAFF_true,CASSVIPDMNTEAFF_pred,blue
CASSLIRTWDEQYF_true,CASSLIRTWDEQYF_pred,blue
CASTSVRDRLEKLFF_true,CASTSVRDRLEKLFF_pred,blue
CASSPDRGYEQFF_true,CASSPDRGYEQFF_pred,blue
CASSWGQGKSSYEQYF_true,CASSWGQGKSSYEQYF_pred,blue
CASSQARTAYEQYF_true,CASSQARTAYEQYF_pred,blue
CASSGSSGGRTDTQYF_true,CASSGSSGGRTDTQYF_pred,blue
CASSLPPRNTEAFF_true,CASSLPPRNTEAFF_pred,blue
CASSWRTGNSGELFF_true,CASSWRTGNSGELFF_pred,blue
CASSLASGHRPTDTQYF_true,CASSLASGHRPTDTQYF_pred,blue
CASSPRREQGDTQYF_true,CASSPRREQGDTQYF_pred,blue
CASRAWGREGEKLFF_true,CASRAWGREGEKLFF_pred,blue
CSAREGVNTEAFF_true,CSAREGVNTEAFF_pred,blue
CASSVERGRNTGELFF_true,CASSVERGRNTGELFF_pred,blue
CASSQAGQAGELFF_true,CASSQAGQAGELFF_pred,blue
CASSLRLVAGRSYNEQFF_true,CASSLRLVAGRSYNEQFF_pred,blue
CASSYPGGGFYEQYF_true,CASSYPGGGFYEQYF_pred,blue
CASGGQGRAEQFF_true,CASGGQGRAEQFF_pred,blue
CTCSADRVGNTLYF_true,CTCSADRVGNTLYF_pred,blue
CASSSTGLPYGYTF_true,CASSSTGLPYGYTF_pred,blue
CTCSAAPDWGASAETLYF_true,CTCSAAPDWGASAETLYF_pred,blue
CASSLGQAYEQYF_true,CASSLGQAYEQYF_pred,blue
CASSSRSSYEQYF_true,CASSSRSSYEQYF_pred,blue
CASGDAGGGYEQYF_true,CASGDAGGGYEQYF_pred,blue
CASSLADRVNTEAFF_true,CASSLADRVNTEAFF_pred,blue
CASPGLAGEYEQYF_true,CASPGLAGEYEQYF_pred,blue
CASSYVGNTGELFF_true,CASSYVGNTGELFF_pred,blue
CASSQDRDTQYF_true,CASSQDRDTQYF_pred,blue
CASTYHGTGYF_true,CASTYHGTGYF_pred,blue
CATGTGDSNQPQHF_true,CATGTGDSNQPQHF_pred,blue
CASSYLGNTGELFF_true,CASSYLGNTGELFF_pred,blue
CASGDASGAETLYF_true,CASGDASGAETLYF_pred,blue
CASSSRASYEQYF_true,CASSSRASYEQYF_pred,blue
CASTGSYGYTF_true,CASTGSYGYTF_pred,blue
CASGDASGGNTLYF_true,CASGDASGGNTLYF_pred,blue
CASRPGLAGGRPEQYF_true,CASRPGLAGGRPEQYF_pred,blue
CASRYRDDSYNEQFF_true,CASRYRDDSYNEQFF_pred,blue
CASSFTWTSGGATDTQYF_true,CASSFTWTSGGATDTQYF_pred,blue
CASSPVTGGIYGYTF_true,CASSPVTGGIYGYTF_pred,blue
CASSWDRAGNTLYF_true,CASSWDRAGNTLYF_pred,blue
CASSARSGELFF_true,CASSARSGELFF_pred,blue
CSARDGTGNGYTF_true,CSARDGTGNGYTF_pred,blue
CASSFGREQYF_true,CASSFGREQYF_pred,blue
CASSLSFGTEAFF_true,CASSLSFGTEAFF_pred,blue
CAISEVGVGQPQHF_true,CAISEVGVGQPQHF_pred,blue
CASGQGNFDIQYF_true,CASGQGNFDIQYF_pred,blue
CASSLWEKLAKNIQYF_true,CASSLWEKLAKNIQYF_pred,blue
CASSPTSGIYEQYF_true,CASSPTSGIYEQYF_pred,blue
CASSSWDTGELFF_true,CASSSWDTGELFF_pred,blue
CASSQIRETQYF_true,CASSQIRETQYF_pred,blue
CASSFLGTGVEQYF_true,CASSFLGTGVEQYF_pred,blue
CASRPGLMSAQPEQYF_true,CASRPGLMSAQPEQYF_pred,blue
CASREGLGGTEAFF_true,CASREGLGGTEAFF_pred,blue
CASSVAVSAGTYEQYF_true,CASSVAVSAGTYEQYF_pred,blue
CASPGETEAFF_true,CASPGETEAFF_pred,blue
CASSRTGSTYEQYF_true,CASSRTGSTYEQYF_pred,blue
CASSWSFGTEAFF_true,CASSWSFGTEAFF_pred,blue
CASSLTGGGELFF_true,CASSLTGGGELFF_pred,blue
CASSYQGTEAFF_true,CASSYQGTEAFF_pred,blue
CASSFRALAADTQYF_true,CASSFRALAADTQYF_pred,blue
CASSFRFTDTQYF_true,CASSFRFTDTQYF_pred,blue
CASSVRSTDTQYF_true,CASSVRSTDTQYF_pred,blue
CSAGVGGQETQYF_true,CSAGVGGQETQYF_pred,blue
CASSLNNANSDYTF_true,CASSLNNANSDYTF_pred,blue
CASSLRGRGDQPQHF_true,CASSLRGRGDQPQHF_pred,blue
CASRPRRDNEQFF_true,CASRPRRDNEQFF_pred,blue
CASRPRDPVTQYF_true,CASRPRDPVTQYF_pred,blue
CASSTTPGTGTETQYF_true,CASSTTPGTGTETQYF_pred,blue
CASSAGTSGEYEQYF_true,CASSAGTSGEYEQYF_pred,blue
CASSEARRYNEQFF_true,CASSEARRYNEQFF_pred,blue
CASSQTQLWETQYF_true,CASSQTQLWETQYF_pred,blue
CASSLAPGTTNEKLFF_true,CASSLAPGTTNEKLFF_pred,blue
CASSDWVSYEQYF_true,CASSDWVSYEQYF_pred,blue
CSARDLTSGANNEQFF_true,CSARDLTSGANNEQFF_pred,blue
CASGGGGTLYF_true,CASGGGGTLYF_pred,blue
CASIDSSGNTLYF_true,CASIDSSGNTLYF_pred,blue
CASGDAWGYEQYF_true,CASGDAWGYEQYF_pred,blue
CWSFAGSYYVF_true,CWSFAGSYYVF_pred,blue
CAWSVSVGAGVPTIYF_true,CAWSVSVGAGVPTIYF_pred,blue
CSARGGSYNSPLHF_true,CSARGGSYNSPLHF_pred,blue
CATSALGDTQYF_true,CATSALGDTQYF_pred,blue
CASSLNWSQDTQYF_true,CASSLNWSQDTQYF_pred,blue
CASSDAPGQLYF_true,CASSDAPGQLYF_pred,blue
CASSLRDGYTGELFF_true,CASSLRDGYTGELFF_pred,blue
CASSLAQGGETQYF_true,CASSLAQGGETQYF_pred,blue
CASSLEGGYYNEQFF_true,CASSLEGGYYNEQFF_pred,blue
CAAWDDSLNGWVF_true,CAAWDDSLNGWVF_pred,blue
CASSFNMATGQYF_true,CASSFNMATGQYF_pred,blue
CASSLIYPGELFF_true,CASSLIYPGELFF_pred,blue
CASRPGWMAGGVELYF_true,CASRPGWMAGGVELYF_pred,blue
CASSIRSSYEQYF_true,CASSIRSSYEQYF_pred,blue
CASSIFGQREQYF_true,CASSIFGQREQYF_pred,blue
CASSLGHTEVFF_true,CASSLGHTEVFF_pred,blue
CASSIGVYGYTF_true,CASSIGVYGYTF_pred,blue
CASRRGPYEQYF_true,CASRRGPYEQYF_pred,blue
CASSVAPGSDTQYF_true,CASSVAPGSDTQYF_pred,blue
CASSVAGTPSYEQYF_true,CASSVAGTPSYEQYF_pred,blue
CASSNRGLGTDTQYF_true,CASSNRGLGTDTQYF_pred,blue
CASSDAGGRNTLYF_true,CASSDAGGRNTLYF_pred,blue
CASSQGLAGAGELFF_true,CASSQGLAGAGELFF_pred,blue
CASSDTVSYEQYF_true,CASSDTVSYEQYF_pred,blue
CASSAGLDAEQYF_true,CASSAGLDAEQYF_pred,blue
CASSRDLGRDTQYF_true,CASSRDLGRDTQYF_pred,blue
CASSLLGGWSEAFF_true,CASSLLGGWSEAFF_pred,blue
CASSANPGDSSNEKLFF_true,CASSANPGDSSNEKLFF_pred,blue
CASSLGQGLLYGYTF_true,CASSLGQGLLYGYTF_pred,blue
CASSDWGDTGQLYF_true,CASSDWGDTGQLYF_pred,blue
CASRTRGGTLIEQYF_true,CASRTRGGTLIEQYF_pred,blue
CASRRGSAELYF_true,CASRRGSAELYF_pred,blue
CASSFRGGKTQYF_true,CASSFRGGKTQYF_pred,blue
CASSRLAGGMDEQFF_true,CASSRLAGGMDEQFF_pred,blue
CASSGLAGGMDEQFF_true,CASSGLAGGMDEQFF_pred,blue
CTCSAGLGYEQYF_true,CTCSAGLGYEQYF_pred,blue
CASGGLGGDEQYF_true,CASGGLGGDEQYF_pred,blue
CASSAGNTIYF_true,CASSAGNTIYF_pred,blue
CAWSETGLGTGELFF_true,CAWSETGLGTGELFF_pred,blue
CAWSETGLGMGGWQF_true,CAWSETGLGMGGWQF_pred,blue
CASSDGDYEQYF_true,CASSDGDYEQYF_pred,blue
CASGDFWGDTLYF_true,CASGDFWGDTLYF_pred,blue
CASSMSAMGTEAFF_true,CASSMSAMGTEAFF_pred,blue
CASSRTSPTDTQYF_true,CASSRTSPTDTQYF_pred,blue
CASSHGASTDTQYF_true,CASSHGASTDTQYF_pred,blue
CASSSGGWGGGTEAFF_true,CASSSGGWGGGTEAFF_pred,blue
CASSPLDVSISSYNEQFF_true,CASSPLDVSISSYNEQFF_pred,blue
CASSSPGGVSTEAFF_true,CASSSPGGVSTEAFF_pred,blue
CSVGGSGGADTQYF_true,CSVGGSGGADTQYF_pred,blue
CASSYLNRDSALDF_true,CASSYLNRDSALDF_pred,blue
CASSLGFGRDVMRF_true,CASSLGFGRDVMRF_pred,blue
CASSFLMTSGDPYEQYF_true,CASSFLMTSGDPYEQYF_pred,blue
CASSLEGQGASEQFF_true,CASSLEGQGASEQFF_pred,blue
CASSITLSSYNEQFF_true,CASSITLSSYNEQFF_pred,blue
CASSMGGTYEQYF_true,CASSMGGTYEQYF_pred,blue
CASSQDLFTGGYTF_true,CASSQDLFTGGYTF_pred,blue
CASSRGTIHSNTEVFF_true,CASSRGTIHSNTEVFF_pred,blue
CASSLGGAGGADTQYF_true,CASSLGGAGGADTQYF_pred,blue
CASSPDIEQYF_true,CASSPDIEQYF_pred,blue
CAGQVTNTGELFF_true,CAGQVTNTGELFF_pred,blue
CASSLSASGGATDTQYF_true,CASSLSASGGATDTQYF_pred,blue
CASSLERDGYTF_true,CASSLERDGYTF_pred,blue
CASSLERETQYF_true,CASSLERETQYF_pred,blue
CASSYSIRGSRGEQFF_true,CASSYSIRGSRGEQFF_pred,blue
CASSLGIDAIYF_true,CASSLGIDAIYF_pred,blue
CASSLGREYGYTF_true,CASSLGREYGYTF_pred,blue
CASSLDPGDTGELFF_true,CASSLDPGDTGELFF_pred,blue
CASSGLAGGPVSGANVLTF_true,CASSGLAGGPVSGANVLTF_pred,blue
CASSQGQDTEAFF_true,CASSQGQDTEAFF_pred,blue
CSVALGSDTGELFF_true,CSVALGSDTGELFF_pred,blue
CASSLVAETYEQYF_true,CASSLVAETYEQYF_pred,blue
CASSVGQGKAFF_true,CASSVGQGKAFF_pred,blue
CASSLSQGDQPQHF_true,CASSLSQGDQPQHF_pred,blue
CASSVAPGSEGEAFF_true,CASSVAPGSEGEAFF_pred,blue
CSAGGWDRVNQPQHF_true,CSAGGWDRVNQPQHF_pred,blue
CASSESQTGDYEQYF_true,CASSESQTGDYEQYF_pred,blue
CATSDSTSGGTDTQYF_true,CATSDSTSGGTDTQYF_pred,blue
CSVGTGGTNEKLFF_true,CSVGTGGTNEKLFF_pred,blue
CSVGSGGTNEKLFF_true,CSVGSGGTNEKLFF_pred,blue
CASSPGLTYPGELFF_true,CASSPGLTYPGELFF_pred,blue
CASSEGQVSPGELFF_true,CASSEGQVSPGELFF_pred,blue
CASSKGSVAPGELFF_true,CASSKGSVAPGELFF_pred,blue
CSARDRVGNTIYF_true,CSARDRVGNTIYF_pred,blue
CASGTGDSNQPQHF_true,CASGTGDSNQPQHF_pred,blue
CAISTGDSNQPQHF_true,CAISTGDSNQPQHF_pred,blue
CASSTGDSNQPQHF_true,CASSTGDSNQPQHF_pred,blue
CASSLIGRDEQFF_true,CASSLIGRDEQFF_pred,blue
CASAQIGPYEQYF_true,CASAQIGPYEQYF_pred,blue
CANSQPGGIEQFF_true,CANSQPGGIEQFF_pred,blue
CASSFQTGASYGYTF_true,CASSFQTGASYGYTF_pred,blue
CASSPVTGGIYGYTGF_true,CASSPVTGGIYGYTGF_pred,blue
CASSYQTGAAYGYTF_true,CASSYQTGAAYGYTF_pred,blue
CASKGQGARDGYTF_true,CASKGQGARDGYTF_pred,blue
CASRVGTGNLYEQYF_true,CASRVGTGNLYEQYF_pred,blue
CASSHWDRETSGNTIYF_true,CASSHWDRETSGNTIYF_pred,blue
CASSLALGVAKNIQYF_true,CASSLALGVAKNIQYF_pred,blue
CASSLDSQSSGNTIYF_true,CASSLDSQSSGNTIYF_pred,blue
CASSLQRGRTDTQYF_true,CASSLQRGRTDTQYF_pred,blue
CASSYSTGTHLEQYF_true,CASSYSTGTHLEQYF_pred,blue
CSVEEGVLYEQYF_true,CSVEEGVLYEQYF_pred,blue
CASGWGSQPQHF_true,CASGWGSQPQHF_pred,blue
CASREGDINTGELFF_true,CASREGDINTGELFF_pred,blue
CASRTLAGPNTGELFF_true,CASRTLAGPNTGELFF_pred,blue
CASSDLNSPLHF_true,CASSDLNSPLHF_pred,blue
CASSFSGSLTTEAFF_true,CASSFSGSLTTEAFF_pred,blue
CASSFSPTAQGLEQYF_true,CASSFSPTAQGLEQYF_pred,blue
CASSLAVLSSYNEQFF_true,CASSLAVLSSYNEQFF_pred,blue
CASSLVSSGANVLTF_true,CASSLVSSGANVLTF_pred,blue
CASSQDRLTGGYTF_true,CASSQDRLTGGYTF_pred,blue
CASSQETGSYEQFF_true,CASSQETGSYEQFF_pred,blue
CASSQETGSYEQYF_true,CASSQETGSYEQYF_pred,blue
CASSQGVGENTEAFF_true,CASSQGVGENTEAFF_pred,blue
CASSQVRGRGEQYF_true,CASSQVRGRGEQYF_pred,blue
CASSRTSATGELFF_true,CASSRTSATGELFF_pred,blue
CASSSGQAYEQYF_true,CASSSGQAYEQYF_pred,blue
CASSSLRGSNQPQHF_true,CASSSLRGSNQPQHF_pred,blue
CASSSLTGSGQPQHF_true,CASSSLTGSGQPQHF_pred,blue
CASSVLAGDTQYF_true,CASSVLAGDTQYF_pred,blue
CASSWGQGSNYGYTF_true,CASSWGQGSNYGYTF_pred,blue
CASYWGLAVNEQFF_true,CASYWGLAVNEQFF_pred,blue
CSARGEAITEKLFF_true,CSARGEAITEKLFF_pred,blue
CASRVGAGNTEAFF_true,CASRVGAGNTEAFF_pred,blue
CASSLVTGTGKYGYTF_true,CASSLVTGTGKYGYTF_pred,blue
CASSQHDRGFSTEAFF_true,CASSQHDRGFSTEAFF_pred,blue
CASSSHDRDGGYSPLHF_true,CASSSHDRDGGYSPLHF_pred,blue
CASSSHERQGQNSPLHF_true,CASSSHERQGQNSPLHF_pred,blue
CASKMRGDVYEQYF_true,CASKMRGDVYEQYF_pred,blue
CASSEILGMNTEAFF_true,CASSEILGMNTEAFF_pred,blue
CASSFQGSNEKLFF_true,CASSFQGSNEKLFF_pred,blue
CASSGTHNEQFF_true,CASSGTHNEQFF_pred,blue
CASSIDGTAYEQYF_true,CASSIDGTAYEQYF_pred,blue
CASSLGLENEQFF_true,CASSLGLENEQFF_pred,blue
CASSLGTSFRTDTQYF_true,CASSLGTSFRTDTQYF_pred,blue
CASSLSQGIQNIQYF_true,CASSLSQGIQNIQYF_pred,blue
CASSLTGPGDQPQHF_true,CASSLTGPGDQPQHF_pred,blue
CASSPPGPTGRGWYDTF_true,CASSPPGPTGRGWYDTF_pred,blue
CASSPTNPAGDTETQYF_true,CASSPTNPAGDTETQYF_pred,blue
CASSQAGQGNSPLHF_true,CASSQAGQGNSPLHF_pred,blue
CASSQAQGMGNSPLHF_true,CASSQAQGMGNSPLHF_pred,blue
CASSQEGTGSYEQYF_true,CASSQEGTGSYEQYF_pred,blue
CASSQTTSVNTEAFF_true,CASSQTTSVNTEAFF_pred,blue
CASSRGTGEGYEQYF_true,CASSRGTGEGYEQYF_pred,blue
CASSVASGTDTQYF_true,CASSVASGTDTQYF_pred,blue
CASTREGLNTGELFF_true,CASTREGLNTGELFF_pred,blue
CSVGGAYEQYF_true,CSVGGAYEQYF_pred,blue
CASSSLNTEAFF_true,CASSSLNTEAFF_pred,blue
CASSWWDTGELFF_true,CASSWWDTGELFF_pred,blue
CAWGTLATEQYF_true,CAWGTLATEQYF_pred,blue
CASSPLTGTGVYGYTF_true,CASSPLTGTGVYGYTF_pred,blue
CASSYQTGASYGYTF_true,CASSYQTGASYGYTF_pred,blue
CASSQETGSASQHF_true,CASSQETGSASQHF_pred,blue
CASSLVLSSPTYEQYF_true,CASSLVLSSPTYEQYF_pred,blue
CASSRRTSGGTDTQYF_true,CASSRRTSGGTDTQYF_pred,blue
CASSEFRTRGYTF_true,CASSEFRTRGYTF_pred,blue
CATTPGASGISEQFF_true,CATTPGASGISEQFF_pred,blue
CASSPGTSGVGEQFF_true,CASSPGTSGVGEQFF_pred,blue
CASSPAPSASSYEQYF_true,CASSPAPSASSYEQYF_pred,blue
CASSWSASYEQYF_true,CASSWSASYEQYF_pred,blue
CASSSSWADTQYF_true,CASSSSWADTQYF_pred,blue
CASGQGQETQYF_true,CASGQGQETQYF_pred,blue
CASSMGANEQFF_true,CASSMGANEQFF_pred,blue
CASSLAQGQPQHF_true,CASSLAQGQPQHF_pred,blue
CASSYWQGELFF_true,CASSYWQGELFF_pred,blue
CASTNRQEGQETQYF_true,CASTNRQEGQETQYF_pred,blue
CASSPGGELFF_true,CASSPGGELFF_pred,blue
CAISGQAVSTDTQYF_true,CAISGQAVSTDTQYF_pred,blue
CASSPYPRGGTGELFF_true,CASSPYPRGGTGELFF_pred,blue
CASSPADPFSNTQYF_true,CASSPADPFSNTQYF_pred,blue
CSANSRTGLGYTF_true,CSANSRTGLGYTF_pred,blue
CASSYGSYEQYF_true,CASSYGSYEQYF_pred,blue
CASSWGGGEQYF_true,CASSWGGGEQYF_pred,blue
CASSLEGSYEQYF_true,CASSLEGSYEQYF_pred,blue
CSAIDFPMGNEQFF_true,CSAIDFPMGNEQFF_pred,blue
CASSSRHEGEDTEAFF_true,CASSSRHEGEDTEAFF_pred,blue
CASREDGASGSPDTQYF_true,CASREDGASGSPDTQYF_pred,blue
CASKMGAEAFF_true,CASKMGAEAFF_pred,blue
CASSLGGDIQYF_true,CASSLGGDIQYF_pred,blue
CASTGGLGYTF_true,CASTGGLGYTF_pred,blue
CASSYQSGNTEAFF_true,CASSYQSGNTEAFF_pred,blue
CASNRGDGYTF_true,CASNRGDGYTF_pred,blue
CASSIALSDNYGYTF_true,CASSIALSDNYGYTF_pred,blue
CAWSINSAEAFF_true,CAWSINSAEAFF_pred,blue
CASSDSYGYTF_true,CASSDSYGYTF_pred,blue
CASSLEREGRGEQFF_true,CASSLEREGRGEQFF_pred,blue
CASSQGSYEQYF_true,CASSQGSYEQYF_pred,blue
CQAGDTEAFF_true,CQAGDTEAFF_pred,blue
CASTQSPLAGNEQYF_true,CASTQSPLAGNEQYF_pred,blue
CASSGYTGELFF_true,CASSGYTGELFF_pred,blue
CASTNSGNTIYF_true,CASTNSGNTIYF_pred,blue
CASSSGATEAFF_true,CASSSGATEAFF_pred,blue
CASSQVGQNLYEQYF_true,CASSQVGQNLYEQYF_pred,blue
CASSVEGGGAKETQYF_true,CASSVEGGGAKETQYF_pred,blue
CASSIGHNTGELFF_true,CASSIGHNTGELFF_pred,blue
CASTQGSTDTQYF_true,CASTQGSTDTQYF_pred,blue
CASSVAIWRGSYNEQFF_true,CASSVAIWRGSYNEQFF_pred,blue
CASSSPGASTYEQYF_true,CASSSPGASTYEQYF_pred,blue
CASSYNIAGELFF_true,CASSYNIAGELFF_pred,blue
CASSIAGSAYEQYF_true,CASSIAGSAYEQYF_pred,blue
CASSIRRIDPYNEQFF_true,CASSIRRIDPYNEQFF_pred,blue
CASSVELAGTYEQYF_true,CASSVELAGTYEQYF_pred,blue
CASSYTGELFF_true,CASSYTGELFF_pred,blue
CASSFGADTQYF_true,CASSFGADTQYF_pred,blue
CASSAETQYF_true,CASSAETQYF_pred,blue
CASSSPHRDSYSPLHF_true,CASSSPHRDSYSPLHF_pred,blue
CASSQETQYF_true,CASSQETQYF_pred,blue
CASSIGQYEQYF_true,CASSIGQYEQYF_pred,blue
CASSYRGSGNTIYF_true,CASSYRGSGNTIYF_pred,blue
CASSYAQGNEQFF_true,CASSYAQGNEQFF_pred,blue
CASSLGRGQFF_true,CASSLGRGQFF_pred,blue
CASSRGDTEAFF_true,CASSRGDTEAFF_pred,blue
CASSLWSAGVHNEQFF_true,CASSLWSAGVHNEQFF_pred,blue
CASSEGDTEAFF_true,CASSEGDTEAFF_pred,blue
CASSVEGIDEKLFF_true,CASSVEGIDEKLFF_pred,blue
CATSSGDLSSGANVLTF_true,CATSSGDLSSGANVLTF_pred,blue
CATSIDRGREKLFF_true,CATSIDRGREKLFF_pred,blue
CASSMGGNPEQYF_true,CASSMGGNPEQYF_pred,blue
CASSDDRGPYEQYF_true,CASSDDRGPYEQYF_pred,blue
CASSQVRLNTEAFF_true,CASSQVRLNTEAFF_pred,blue
CASSRSLNVNSNQPQHF_true,CASSRSLNVNSNQPQHF_pred,blue
CASSLGEKLFF_true,CASSLGEKLFF_pred,blue
CASDSNTEAFF_true,CASDSNTEAFF_pred,blue
CASSMGGEQYF_true,CASSMGGEQYF_pred,blue
CASSPQTGVGNYGYTF_true,CASSPQTGVGNYGYTF_pred,blue
CASSSVNEQFF_true,CASSSVNEQFF_pred,blue
CASSSETELLYYGYTF_true,CASSSETELLYYGYTF_pred,blue
CASSQQTGTIGGYTF_true,CASSQQTGTIGGYTF_pred,blue
CASSFQGFTEAFF_true,CASSFQGFTEAFF_pred,blue
CASSFTLGTGGVEQYF_true,CASSFTLGTGGVEQYF_pred,blue
CSARGQDIYEQYF_true,CSARGQDIYEQYF_pred,blue
CASGLTGFMDEQYF_true,CASGLTGFMDEQYF_pred,blue
CASSQALPYEQYF_true,CASSQALPYEQYF_pred,blue
CASSITLGTGGVEQYF_true,CASSITLGTGGVEQYF_pred,blue
CASSIVGGNEQFF_true,CASSIVGGNEQFF_pred,blue
CASSMRSTGELFF_true,CASSMRSTGELFF_pred,blue
CASSIRSAWAQYF_true,CASSIRSAWAQYF_pred,blue
CASSMRSADTQYF_true,CASSMRSADTQYF_pred,blue
CASSVRASDEQYF_true,CASSVRASDEQYF_pred,blue
CASSPSSVADTQYF_true,CASSPSSVADTQYF_pred,blue
CASSSRAAYEQYF_true,CASSSRAAYEQYF_pred,blue
CASSPTGVGEQFF_true,CASSPTGVGEQFF_pred,blue
CASSIRASYEQYF_true,CASSIRASYEQYF_pred,blue
CASSVRSTGELFF_true,CASSVRSTGELFF_pred,blue
CASSIRSTGELFF_true,CASSIRSTGELFF_pred,blue
CASSIRSEDTQYF_true,CASSIRSEDTQYF_pred,blue
CASSIRSTDTQYF_true,CASSIRSTDTQYF_pred,blue
CASTLAGVGYEQFF_true,CASTLAGVGYEQFF_pred,blue
CASSTGNYGYTF_true,CASSTGNYGYTF_pred,blue
CASSTGFYGYTF_true,CASSTGFYGYTF_pred,blue
CASSIRSAHEQFF_true,CASSIRSAHEQFF_pred,blue
CASSRANYEQYF_true,CASSRANYEQYF_pred,blue
CASGTEAFF_true,CASGTEAFF_pred,blue
CASGLGGSNEQFF_true,CASGLGGSNEQFF_pred,blue
CASTGAGEGPFF_true,CASTGAGEGPFF_pred,blue
CASSARTGELFF_true,CASSARTGELFF_pred,blue
CAISDPRDSYEQYF_true,CAISDPRDSYEQYF_pred,blue
CAISEWDSPTLNSPLHF_true,CAISEWDSPTLNSPLHF_pred,blue
CASSRDFYAYNEQFF_true,CASSRDFYAYNEQFF_pred,blue
CASKRTATYEQYF_true,CASKRTATYEQYF_pred,blue
CASSEDGMNTEAFF_true,CASSEDGMNTEAFF_pred,blue
CASSYQGGNYGYTF_true,CASSYQGGNYGYTF_pred,blue
CASSKQGGNIQYF_true,CASSKQGGNIQYF_pred,blue
CAWSVPLGRREKLFF_true,CAWSVPLGRREKLFF_pred,blue
CASSIDLTSGVYNEQFF_true,CASSIDLTSGVYNEQFF_pred,blue
CASSIDYPSGVQETQYF_true,CASSIDYPSGVQETQYF_pred,blue
CASSTDLATGAYEQYF_true,CASSTDLATGAYEQYF_pred,blue
CASSIDLASGTTYEQYF_true,CASSIDLASGTTYEQYF_pred,blue
CASSEGSLGGGLETQYF_true,CASSEGSLGGGLETQYF_pred,blue
CASMGRDINQPQHF_true,CASMGRDINQPQHF_pred,blue
CASSQDPGGTEAFF_true,CASSQDPGGTEAFF_pred,blue
CASSQDFAGGSYEQYF_true,CASSQDFAGGSYEQYF_pred,blue
CASSLEAVSIHGYTF_true,CASSLEAVSIHGYTF_pred,blue
CASSQDKTTGELFF_true,CASSQDKTTGELFF_pred,blue
CASSWGLEVNTEAFF_true,CASSWGLEVNTEAFF_pred,blue
CASSYGLEANTEAFF_true,CASSYGLEANTEAFF_pred,blue
CASSQDRGTGAYGYTF_true,CASSQDRGTGAYGYTF_pred,blue
CASSQDRASGEYEQYF_true,CASSQDRASGEYEQYF_pred,blue
CASSPSMRSGLAEAFF_true,CASSPSMRSGLAEAFF_pred,blue
CASSWDRGTGEQYF_true,CASSWDRGTGEQYF_pred,blue
CASSQDLASGTYNEQFF_true,CASSQDLASGTYNEQFF_pred,blue
CASSIDLAGGSYEQYF_true,CASSIDLAGGSYEQYF_pred,blue
CAISEEGQGRDEQFF_true,CAISEEGQGRDEQFF_pred,blue
CASSLGTGGGYTF_true,CASSLGTGGGYTF_pred,blue
CASSQVLVGETQYF_true,CASSQVLVGETQYF_pred,blue
CASSSSGGGAGDTQYF_true,CASSSSGGGAGDTQYF_pred,blue
CSASPERGTSVGTDTQYF_true,CSASPERGTSVGTDTQYF_pred,blue
CASSIVERAEAFF_true,CASSIVERAEAFF_pred,blue
CASSLLTGGTDTQYF_true,CASSLLTGGTDTQYF_pred,blue
CASSWVPPGQGRTGELFF_true,CASSWVPPGQGRTGELFF_pred,blue
CASSDSDGSGELFF_true,CASSDSDGSGELFF_pred,blue
CSARDRQASSYNEQFF_true,CSARDRQASSYNEQFF_pred,blue
CASSFLQGEKLFF_true,CASSFLQGEKLFF_pred,blue
CASSLRPDPPYNEQFF_true,CASSLRPDPPYNEQFF_pred,blue
CASSPPGREDTEAFF_true,CASSPPGREDTEAFF_pred,blue
CASSPSEGLNTEAFF_true,CASSPSEGLNTEAFF_pred,blue
CSARDGQGSSPLHF_true,CSARDGQGSSPLHF_pred,blue
CSANDRTSGSNYNEQFF_true,CSANDRTSGSNYNEQFF_pred,blue
CATSRDRGWSNQPQHF_true,CATSRDRGWSNQPQHF_pred,blue
CASSQAGSLENSPLPLL_true,CASSQAGSLENSPLPLL_pred,blue
CASSTGRYYEQYF_true,CASSTGRYYEQYF_pred,blue
CASSKGLAVDYTQYF_true,CASSKGLAVDYTQYF_pred,blue
CASRLVSGTDTQYF_true,CASRLVSGTDTQYF_pred,blue
CASSFLATNEKLFF_true,CASSFLATNEKLFF_pred,blue
CSASLERMNTGELFF_true,CSASLERMNTGELFF_pred,blue
CASRRTGVVEKLFF_true,CASRRTGVVEKLFF_pred,blue
CAISAPRGERDEQYF_true,CAISAPRGERDEQYF_pred,blue
CASSQGPQVRGADTQYF_true,CASSQGPQVRGADTQYF_pred,blue
CASSLSWGPGNTIYF_true,CASSLSWGPGNTIYF_pred,blue
CASSPTPGDPHYGYTF_true,CASSPTPGDPHYGYTF_pred,blue
CASRSAGHQETQYF_true,CASRSAGHQETQYF_pred,blue
CASSFGVSYEQYF_true,CASSFGVSYEQYF_pred,blue
CASSFHISYEQYF_true,CASSFHISYEQYF_pred,blue
CASSFGVNSDYTF_true,CASSFGVNSDYTF_pred,blue
CASSPGTGVEQYF_true,CASSPGTGVEQYF_pred,blue
CASSFRDSGNTLYF_true,CASSFRDSGNTLYF_pred,blue
CASSLRDGSNQAPLF_true,CASSLRDGSNQAPLF_pred,blue
CASSLSRASGNTLYF_true,CASSLSRASGNTLYF_pred,blue
CASSLSRALNNQAPLF_true,CASSLSRALNNQAPLF_pred,blue
CASSSGVGTEVFF_true,CASSSGVGTEVFF_pred,blue
CASKVGAGGLYEQYF_true,CASKVGAGGLYEQYF_pred,blue
CASMGNSAGANVLTF_true,CASMGNSAGANVLTF_pred,blue
CASRGQGFSYEQYF_true,CASRGQGFSYEQYF_pred,blue
CASSFLGLNEQFF_true,CASSFLGLNEQFF_pred,blue
CASSFRDYGNYEQYF_true,CASSFRDYGNYEQYF_pred,blue
CASSIGPALNTEAFF_true,CASSIGPALNTEAFF_pred,blue
CASSLDIPSYNEQFF_true,CASSLDIPSYNEQFF_pred,blue
CASSLGGNLYEQYF_true,CASSLGGNLYEQYF_pred,blue
CASSLHDRGSRTEAFF_true,CASSLHDRGSRTEAFF_pred,blue
CASSLIGVSSYNEQFF_true,CASSLIGVSSYNEQFF_pred,blue
CASSPARNTEAFF_true,CASSPARNTEAFF_pred,blue
CASSPHRNTEAFF_true,CASSPHRNTEAFF_pred,blue
CASSPSRNTEAFF_true,CASSPSRNTEAFF_pred,blue
CASSQAALAGFGYEQYF_true,CASSQAALAGFGYEQYF_pred,blue
CASSSANYGYTF_true,CASSSANYGYTF_pred,blue
CASSSHDRQGASSPLHF_true,CASSSHDRQGASSPLHF_pred,blue
CASSSHDTGGYNSPLHF_true,CASSSHDTGGYNSPLHF_pred,blue
CASSSVSEAFF_true,CASSSVSEAFF_pred,blue
CASSYQTGTGNYGYTF_true,CASSYQTGTGNYGYTF_pred,blue
CASSYSGHVYEQYF_true,CASSYSGHVYEQYF_pred,blue
