"len","cdr3_amino_acid"
16,"CASSIGGQPPYNEQFF"
16,"CASSMDSALGGSPLHF"
16,"CASSIGRETVNQPQHF"
16,"CASSTLAPQANQPQHF"
16,"CASSRDRGPGGYGYTF"
16,"CASSTRGTGEDNEQFF"
16,"CASSSSQENRGRGLFF"
16,"CASSYRGAGLSYEQYF"
16,"CASSFPVRQGFNEQFF"
16,"CASSLALAGGTDTQYF"
16,"CASSPRVQFSNQPQHF"
16,"CASSPTGVLGYEKLFF"
16,"CASSYRPSQSGYGYTF"
16,"CASSLYTALGTDTQYF"
16,"CASSLGGNKFMETQYF"
16,"CASSLRQGWGYNEQFF"
16,"CASSPRGWGDYNEQFF"
16,"CASSSPTSGGSYEQYF"
16,"CASTPDTQTGANVLTF"
16,"CASNMGQGWSNQPQHF"
16,"CASSLGGFWDTGELFF"
16,"CASSMMAGGLNTEAFF"
16,"CASSIRAGGDSYEQYF"
16,"CASSWTSGGSYNEQFF"
16,"CASSTHRGRVLEGYTF"
16,"CASSLGGTGGSYEQYF"
16,"CASSYSSGQISYEQYF"
16,"CASSLGAGLSSYEQYF"
16,"CASSLGQGVSNQPQHF"
16,"CASSLPGQGSHNEQFF"
16,"CASSTRQGTTPSPLHF"
16,"CASSPGPSSGSYEQYF"
16,"CASSRVRGYSNQPQHF"
16,"CASSFNSNGGAGELFF"
16,"CASSYSPDGAGNTIYF"
16,"CASSEDQGAFTGELFF"
16,"CASSIDPAKSNQPQHF"
16,"CASSNQGGGISDTQYF"
16,"CASSQGAGTSGNEQFF"
16,"CASSQGGTGRGETQYF"
16,"CASSQATTGTPYEQYF"
16,"CASSQDRAGGNQPQHF"
16,"CASSPWTSGLQETQYF"
16,"CASSVDRAPNTGELFF"
16,"CASSLVPVTAQETQYF"
16,"CASSISYGSSGNTIYF"
16,"CASSIVAGTATYEQYF"
16,"CASSYSGAFPPQAQHF"
16,"CASSPMFRVVYHTQYF"
16,"CASSPTSGGAGKTQYF"
16,"CASSSLMGGVNEKLFF"
16,"CASSQEASGGNYEQYF"
16,"CASSQGGGRGNQPQHF"
16,"CASSQGPSMENTEAFF"
16,"CASSQELVGSYNEQFF"
16,"CASSQEGGGLFYGYTF"
16,"CASSQARISTNEKLFF"
16,"CASSQDLAGLRGGQYF"
16,"CASSLAETGAGNTIYF"
16,"CASSFGQGRGADTQYF"
16,"CASSRGTRGSNQPQHF"
16,"CASSYSTDSSYNEQFF"
16,"CASSLGVGPSNQPQHF"
16,"CASSLEYGWNTGELFF"
16,"CASSKPGLGFTGELFF"
16,"CASSYPPGGTQETQYF"
16,"CASSPLGQTTNEKLFF"
16,"CASSQGTSTSTDTQYF"
16,"CASSPYSQGRNEKLFF"
16,"CASSPQLASLRDTQYF"
16,"CASSLGFRGTNEKLFF"
16,"CASSLYRIANTGELFF"
16,"CASSPFRVPSSYEQYF"
16,"CASSSYRGQTLQGYTF"
16,"CASSPGTSGDKNIQYF"
16,"CASSQEGTGGYNEQFF"
16,"CASSQGWTEADNEQFF"
16,"CASSQENAGRHLPLHF"
16,"CASSQDAWGRGTGYTF"
16,"CATQFEGGMLSGELFF"
16,"CASSLRLVGTYNEQFF"
16,"CASSHDRRGPRRGYTF"
16,"CASSRLAGGLTDTQYF"
16,"CASTEAYLTGRDEQFF"
16,"CASSLDPGRLSYEQYF"
16,"CASSPGQAATNEKLFF"
16,"CASSLNGRGEGETQYF"
16,"CASSLAGGPNTGELFF"
16,"CASSSTGTVFYNEQFF"
16,"CASSPPGTSGGNEQFF"
16,"CASSLDRASGGYEQYF"
16,"CASSLSFQLDTDTQYF"
16,"CASSIDLGGGRETQYF"
16,"CASSIDRHGGLNEQYF"
16,"CASSIRGQGVTGELFF"
16,"CASSPALGTAFYEQYF"
16,"CASTDPTRGYPYEQYF"
16,"CASSWGTGLNGEKLFF"
16,"CASSQELASGAHEQFF"
16,"CASSLEGIGSTDTQYF"
16,"CASSPVTGYEGYGYTF"
16,"CASSPTSGGSSYGYTF"
16,"CASSLVWQKNTGELFF"
16,"CASSLGPSAGQETQYF"
16,"CASSLDGLTGLYGYTF"
16,"CASSLDKGISTDTQYF"
16,"CASSQDSYYSGNTIYF"
16,"CASSQGGHGVGSPLHF"
16,"CASSQDLLYPRLGYTF"
16,"CASSIYRTASNQPQHF"
16,"CASSLPRSVSYNEQFF"
16,"CASSLAEGMINQPQHF"
16,"CASSLMAGGAQAEQFF"
16,"CASSENSWVAGNEQFF"
16,"CASSPDIDRSLVRYTF"
16,"CASSWGSGGRDYGYTF"
16,"CASSSPLGQLTGELFF"
16,"CASSSLWDRVIWEQYF"
16,"CASSPPGRSNTGELFF"
16,"CASSLVRHISNQPQHF"
16,"CASSQETTRGTDTQYF"
16,"CASSLGRLAGVNEQYF"
16,"CASSQENAGRHSPLHF"
16,"CASSYTGLSSYNEQFF"
16,"CASSTRQGAPAGELFF"
16,"CASSLGPGGINSPLHF"
16,"CASSIAAGRGGNEQFF"
16,"CASSLVAGPGTDTQYF"
16,"CASSIGPTGYNSPLHF"
16,"CASSARQGRLQETQYF"
16,"CASSPRDRGTNTEAFF"
16,"CASSLTTGALYNEQFF"
16,"CASSLGTGVGNQPQHF"
16,"CASSLLTGSGSETQYF"
16,"CAISEQGKGLADTQYF"
16,"CAISTTGQSSSYEQYF"
16,"CAIRGTGDNKRTEAFF"
16,"CASSSTRGGTPYGYTF"
16,"CASSLVTGTYYNEQFF"
16,"CASSLYYKQRAHEQYF"
16,"CASSPAGTGSNYGYTF"
16,"CASSSLAGGPQETQYF"
16,"CASSHLGQGYYNEQFF"
16,"CASSFGQGRNTDTQYF"
16,"CASSSFNPGTGNTIYF"
16,"CASSLGQGPLGYGYTF"
16,"CASSPLTGANYNEQFF"
16,"CASSLGRGWNTGELFF"
16,"CASSLGDRAMNTEAFF"
16,"CASSLVRPATNEKLFF"
16,"CASSPQRSPTNEKLFF"
16,"CASSLSRGLVNGELFF"
16,"CASSSQQGASGNTIYF"
16,"CASDPTPLPGGQPQHF"
16,"CASSPRSGSGANVLTF"
16,"CASSQYVSRDNQPQHF"
16,"CASSQDGPRAGNTIYF"
16,"CASSQGLGSGANVLTF"
16,"CASSLRGANYNQPQHF"
16,"CASSPRQGMNTGELFF"
16,"CASSLALTGVTGELFF"
16,"CASSSSGGSNTGELFF"
16,"CAISDPGPSDPYEQYF"
16,"CASSLRLTGLNTEAFF"
16,"CASSYTGVSSYNEQFF"
16,"CASSSDTTGANYGYTF"
16,"CASSPIWDRAPGELFF"
16,"CASSSVAGRGTDTQYF"
16,"CASSLAAGDTGNTIYF"
16,"CASSLGSRGSGETQYF"
16,"CASSFDGGRGTGELFF"
16,"CASSLEGGQSSYEQYF"
16,"CASSLYVFTNTGELFF"
16,"CASSRVDISSYNEQFF"
16,"CASSFRGSGGSYEQYF"
16,"CASSLIQSYGVQPQHF"
16,"CAISSPLSRSGNTIYF"
16,"CASSRSPPPDSYEQYF"
16,"CASSLTEGGARSPLHF"
16,"CASSLEAGGAKYGYTF"
16,"CASSLVGGSSGNTIYF"
16,"CASSLSGGYSNQPQHF"
16,"CASSRPSGGINNEQFF"
16,"CASSYVGQGLQETQYF"
16,"CASSLTHLGRAEKLFF"
16,"CASSPGRPKNTGELFF"
16,"CASSLRTGPSNQPQHF"
16,"CAITETGVVGGNTIYF"
16,"CAISDYRGPGANVLTF"
16,"CAISEAKPTGSAEAFF"
16,"CASSTSGGLGNTEAFF"
16,"CASSSDGRGSSYEQYF"
16,"CASSPGKGSMNTEAFF"
16,"CASTPSGTESNQPQHF"
16,"CASSPREVGTSETQYF"
16,"CASSPRPAGFSYEQYF"
16,"CASSYIRTGGNYGYTF"
16,"CASSFIAQSSGNTIYF"
16,"CASSQMVEDWTDTQYF"
16,"CASSLVLGTPYNEQFF"
16,"CASSYSIGGGHSPLHF"
16,"CASSYSIGGALYGYTF"
16,"CASSPETGARVNEQFF"
16,"CASSRQTGREIYEQYF"
16,"CASSQEGVSRNNEQFF"
16,"CASSLDITGGQNTQYF"
16,"CASSLGAWASTDTQYF"
16,"CASSLEAGISYNEQFF"
16,"CASSFTGAAWYNEQFF"
16,"CASSPLQGAWDQPQHF"
16,"CASSYSSGPMNTEAFF"
16,"CASSLSGGYSNQPQHF"
16,"CASSLGVRQGIRGYTF"
16,"CASSLDRGPPNNEQFF"
16,"CASSSYSGQGDQPQHF"
16,"CASSSETTGSLYGYTF"
16,"CASSLGGQGQPNEQFF"
16,"CASSLAGQGVSNEQFF"
16,"CASSTMAGIGHQPQHF"
16,"CASSSTTGYGQETQYF"
16,"CASSTHRGRVGSPLHF"
16,"CASSLGRGRVRYGYTF"
16,"CASSLDTGAWTYEQYF"
16,"CASSLDGTGYYNEQFF"
16,"CASSSPGTGFDNEQFF"
16,"CASSQGGQGAADTQYF"
16,"CASSQDWGTPYNEQFF"
16,"CASSSDWDRYNSPLHF"
16,"CASSPWTVWNGGELFF"
16,"CASSYGRDRGSQPQHF"
16,"CASSLVGGLNTGELFF"
16,"CASSLGWRGGHNEQFF"
16,"CASSLAPNQGTGKLFF"
16,"CASSLFFAGGSDTQYF"
16,"CAISEYVGGISYGYTF"
16,"CASSLGGTYSTDTQYF"
16,"CASSLGRNPTNEKLFF"
16,"CASSLGASGSYNEQFF"
16,"CASSSLAGTLPNEQFF"
16,"CASSYGGGLSADTQYF"
16,"CASSLELAGGRDTQYF"
16,"CASSLPGLGTQETQYF"
16,"CASSYSPVPGGQPQHF"
16,"CASSYGTGLRNSPLHF"
16,"CAISESWHNMNTEAFF"
16,"CAIKIGLAGDTDTQYF"
16,"CASSARTGTASYEQYF"
16,"CASSQRRDMYMGEAFF"
16,"CASSQGWASGLDTQYF"
16,"CASSLTGGILHQPQHF"
16,"CASGHSHVMESGELFF"
16,"CASSSGLAGGWDTQYF"
16,"CASSLSPLAGRETQYF"
16,"CASSLEWTGDTDTQYF"
16,"CASSFSSGGVYNEQFF"
16,"CASSYYLEGGVYEQYF"
16,"CASSLVTDRGGYGYTF"
16,"CASSLGRANKYPEAFF"
16,"CASSSWTESSYNEQFF"
16,"CASSLGDRGPLGEQFF"
16,"CASSLDGGKANEKLFF"
16,"CASSNAAGARVEEAFF"
16,"CAISARAPNSNQPQHF"
16,"CAISGAWEGRNTEAFF"
16,"CASSQDPGGGYNEQFF"
16,"CASSQLTGEGNQPQHF"
16,"CASSYSEEATGYEQYF"
16,"CASSYSTIERDTEAFF"
16,"CASSLGPRTGSDTQYF"
16,"CASSPLGGLSSYEQYF"
16,"CASSYSLGLLTDGYTF"
16,"CASSWAGTSGGDTQYF"
16,"CASSYQPAGSYNEQFF"
16,"CASSYSLLADSYEQYF"
16,"CASSSGAGLGEGEQFF"
16,"CASRSGGGGPNEKLFF"
16,"CASSLEGTGQLTEAFF"
16,"CASSPLLAGPSDEQFF"
16,"CASSLDPSASGNTIYF"
16,"CAIRRTGQESTDTQYF"
16,"CASSLGLDPTNEKLFF"
16,"CASSISSGGAQETQYF"
16,"CASSQGLAGENYEQYF"
16,"CASSRGDRGLVMEQFF"
16,"CASTPKGTSGYNEQFF"
16,"CASSPFDSSSGNTIYF"
16,"CASSYSGQGAWHEQYF"
16,"CASSYSYRMLGTEAFF"
16,"CASSPPGGPSYNEQFF"
16,"CASSPPSTGFVTEAFF"
16,"CASSKPTRELNTEAFF"
16,"CASSQPDTTKSYGYTF"
16,"CASSSRTSGSTDTQYF"
16,"CASSPYTGTGDQPQHF"
16,"CASTETPDSSYNEQFF"
16,"CASSLQLGTAQETQYF"
16,"CASSLGGTGWANEQFF"
16,"CASSLDRASGGYEQYF"
16,"CASSSRQDTTNEKLFF"
16,"CASSIGQGAKEKGYTF"
16,"CATQESRGGGENIQYF"
16,"CASSYSGQGKDSPLHF"
16,"CASSRPQGADYYGYTF"
16,"CASSPNLNSGANVLTF"
16,"CASSQEEGAATDTQYF"
16,"CASSQANGVTNSPLHF"
16,"CASTQDGGATGNTIYF"
16,"CASSYSRGQGNEKLFF"
16,"CASSLQPGQGKNIQYF"
16,"CASSQIPGQYNSPLHF"
16,"CASSPYGTGGTGELFF"
16,"CAISPEGGSGNSPLHF"
16,"CASSSLGAGSNQPQHF"
16,"CASSSGTSSNTGELFF"
16,"CASSLGGGYSNQPQHF"
16,"CASSSINRDGYQPQHF"
16,"CASSPTHPGLNTEAFF"
16,"CASSQARLNFYTEAFF"
16,"CASSPRQEIMNTEAFF"
16,"CASSYSGTFLNSPLHF"
16,"CASSSDRDRFNNEQFF"
16,"CASSSTELSSYNEQFF"
16,"CATSRDIGRGRYGYTF"
16,"CATSREWGGARNEQFF"
16,"CASRGGASGDTNEQFF"
16,"CASSPTGESAGNTIYF"
16,"CAISESGQGPNQPQHF"
16,"CAISEGTSGLHNEQFF"
16,"CASSSGTTSSGNTIYF"
16,"CASTRLAGGPSYEQYF"
16,"CASSRGRGTLNTEAFF"
16,"CASTTERGGYGGELFF"
16,"CASNPNWGGHTDTQYF"
16,"CASSYSGGLRDTEAFF"
16,"CASSPGQPWDNSPLHF"
16,"CATSRNRGGSNQPQHF"
16,"CATSRDRPSSGNTIYF"
16,"CASSYSFLDRTYGYTF"
16,"CAISDSGQGRTYEQYF"
16,"CASSTGLAASYNEQFF"
16,"CASSPIPGLETDTQYF"
16,"CASSYSRGQMNTEAFF"
16,"CASSGGDRRFDYGYTF"
16,"CASSPRGSDASYEQYF"
16,"CASSSPTGERGQPQHF"
16,"CASSPPGQPTYNEQFF"
16,"CATSRSTGTGYNEQFF"
16,"CASSAGTGGAAYEQYF"
16,"CASSIMARDSGNTIYF"
16,"CASSEPSGGTTDTQYF"
16,"CAISDSTGRGTDTQYF"
16,"CAISESTRTTNEKLFF"
16,"CASSFLAGPGPYEQYF"
16,"CASSNLLAINQETQYF"
16,"CASRGTSGGAAGELFF"
16,"CATSRDQGQGAPTQYF"
16,"CATSRDPPTRVGIQYF"
16,"CATSTTRTGGMYEQYF"
16,"CATSVGGGGFTDTQYF"
16,"CATSTIQSRYTDTQYF"
16,"CASSFTGGWADTEAFF"
16,"CASSPGPGQVDTEAFF"
16,"CASSPPLGLMNTEAFF"
16,"CASSPPSDRGNEKLFF"
16,"CASSPPSGGRDYGYTF"
16,"CASSPGTGGTGYGYTF"
16,"CASSRTGGAGDQPQHF"
16,"CASSPGQWSSGNTIYF"
16,"CASINPGQGHLYGYTF"
16,"CASSGFTDSPKYEQYF"
16,"CASSYYGGYSNQPQHF"
16,"CASSPSQGVTNEKLFF"
16,"CASSYSGESSGNTIYF"
16,"CAISEKVPGYNEKLFF"
16,"CATSRGTASNTGELFF"
16,"CATSSYQTGSTDTQYF"
16,"CATSRDGQGTNEKLFF"
16,"CASSPILAGGTDTQYF"
16,"CASSRDSGTIVYEQYF"
16,"CASSQGTARGNQPQHF"
16,"CASSPGLAGDTDTQYF"
16,"CASSYSIRVESYEQYF"
16,"CATSRDVGTGENEQFF"
16,"CASSPLAQGAADTQYF"
16,"CASSPPGQGAADTQYF"
16,"CASSPTGTDSNQPQHF"
16,"CASSQAAEASNEKLFF"
16,"CASSPMAGTGLGGYTF"
16,"CASSFRSQGGDSPLHF"
16,"CASSYSWTGPSYEQYF"
16,"CASSIDQAGRRETQYF"
16,"CASKRRQGLSYNEQFF"
16,"CASSITGTAGANVLTF"
16,"CASSIEYTDSGNTIYF"
16,"CASSPSVGGSAYEQYF"
16,"CATSRDLIPGPYEQYF"
16,"CASSPRTNSGANVLTF"
16,"CASSWRSGGASNEQFF"
16,"CASSYSAGQGVNEQFF"
16,"CASSNTYGGPQETQYF"
16,"CASSQDSLTGGHEQYF"
16,"CASSSPGSGLTGELFF"
16,"CASSAPGQGVNSPLHF"
16,"CASSLSRGTGVFGYTF"
16,"CASSFLRTGRNTEAFF"
16,"CATSRGGTGVNQPQHF"
16,"CATSRGRSRSTGELFF"
16,"CASSRAGTGPFEEQFF"
16,"CASSQDWADTYNEQFF"
16,"CASSQDAYRQGDGYTF"
16,"CASSQTTGGTNEKLFF"
16,"CASSQGGLAGAGELFF"
16,"CASSRQTGLLYNEQFF"
16,"CASSPGRFFSGNTIYF"
16,"CATSSVHSGYPSPLHF"
16,"CARSFGRGPVAGELFF"
16,"CASSPKGVGQGLEQFF"
16,"CASSVPGQGSNQPQHF"
16,"CASSMGARSSGNTIYF"
16,"CASSPSGTGATDTQYF"
16,"CASSPQGQGFYNEQFF"
16,"CASSLGTAFMNTEAFF"
16,"CASSQDAGARGNTIYF"
16,"CASSQDYGVGNYGYTF"
16,"CASSQGPGTGYNEQFF"
16,"CASSPLAGGDTGELFF"
16,"CASSYGGKQGTAEAFF"
16,"CASSNVGQAGNTEAFF"
16,"CASRKSGTGSSYEQYF"
16,"CASSLFGRGQNTEAFF"
16,"CASSLEPRDRNTEAFF"
16,"CASSLVGQGGQETQYF"
16,"CASSPRISRGRDTQYF"
16,"CASSPEIGGGSQPQHF"
16,"CASSITGLSNTGELFF"
16,"CASSPLTGSGNTEAFF"
16,"CASSLMGVTAYTEAFF"
16,"CASSSGQSYSNQPQHF"
16,"CASSFLIGTGNEKLFF"
16,"CASSLAGRLNTGELFF"
16,"CASSGGVSEVNTEAFF"
16,"CASSLGGGQGNNEQFF"
16,"CARSNSNSEGIEKLFF"
16,"CARTSTAVRTLTEAFF"
16,"CASSHVQGAPDYGYTF"
16,"CASSQGTGTGANVLTF"
16,"CASSQDLGTPIGTQYF"
16,"CASSQEYRAANYGYTF"
16,"CASSLIVTGVRTEAFF"
16,"CASSLDGQSSGNTIYF"
16,"CASSLLLEGLGNEQFF"
16,"CASSLAGTANTGELFF"
16,"CASSPPTVGAKNIQYF"
16,"CASSPSTDYSGNTIYF"
16,"CASSLPRQGTNEKLFF"
16,"CASRSGRDRVADTQYF"
16,"CASSSPGQGTGDTQYF"
16,"CASSQDKQGANYGYTF"
16,"CASSQGGGERNYGYTF"
16,"CASSLVGTELNSPLHF"
16,"CASSQDPQGVAYEQYF"
16,"CASSQEWLQGTREQYF"
16,"CASSLNRGQSNQPQHF"
16,"CASSPDPGSTNEKLFF"
16,"CASSLAAGGDYNEQFF"
16,"CASRPRQGYGNTEAFF"
16,"CASSLVQLTSTDTQYF"
16,"CASSTQGQGRTVEQFF"
16,"CASSIGSAGASYEQYF"
16,"CASSLGALRGNEKLFF"
16,"CASTPGGPRSYNEQFF"
16,"CASSLAGSTYNSPLHF"
16,"CASSQLGDSITGELFF"
16,"CASSQSPGQEHEKLFF"
16,"CASSQPLHGTHYGYTF"
16,"CASSQGLAGGPETQYF"
16,"CASSPRTVRENTEAFF"
16,"CASSYDLQGSYNEQFF"
16,"CASSAGQGAANEKLFF"
16,"CASSPLGTGNAGELFF"
16,"CASRHRGGYGNQPQHF"
16,"CASSLAGGWYNSPLHF"
16,"CASSSGWDRVDNEQFF"
16,"CASSLAATPPAYEQYF"
16,"CASSLAWGDLSYEQYF"
16,"CASSFLIDRGSTEAFF"
16,"CASSQGRAGSGYEQYF"
16,"CASSLAGPENTGELFF"
16,"CASSLWTRQGRTEAFF"
16,"CASSLVSGGAGETQYF"
16,"CASSARPGPTQETQYF"
16,"CASSPPRGQGSGELFF"
16,"CASSQGLEAYNSPLHF"
16,"CASSQDPRQGLEKLFF"
16,"CASSQLHGAVQETQYF"
16,"CASSLALWTEDNEQFF"
16,"CASSFGGGNSNQPQHF"
16,"CASSLVAGGIGNTIYF"
16,"CASSLLPGTSTDTQYF"
16,"CASSQQLAGGPYEQYF"
16,"CASSQGPAGGQETQYF"
16,"CASSLWGDGENTEAFF"
16,"CASSFVTGFNTGELFF"
16,"CASSPEGTNSYNEQFF"
16,"CASSLYPTGRVEKLFF"
16,"CASSSQQGSTHNEQFF"
16,"CASSPGIAGKTDTQYF"
16,"CASSQEYSGGYNEQFF"
16,"CASSQVVTGGYNEQFF"
16,"CASSLRQGSSTDTQYF"
16,"CASSVGLAINYNEQFF"
16,"CASSPTGAGSSYGYTF"
16,"CASSLEGARSGNTIYF"
16,"CASSLRGTALSYEQYF"
16,"CASSPRAGGADTEAFF"
16,"CASSFGGGLGNQPQHF"
16,"CASSPLSGSATDTQYF"
16,"CASSQSRQGRTYEQYF"
16,"CASSLALLAGQETQYF"
16,"CASSLDGGGTYNEQFF"
16,"CASSYPGSGSTDTQYF"
16,"CASSHQWGQGSQPQHF"
16,"CASSQGTGTVPRKQYF"
16,"CASSQEFTGANEKLFF"
16,"CASSQGGPGRAEKLFF"
16,"CASSQGAAATNEKLFF"
16,"CASSPPPGQPKNIQYF"
16,"CASSLGLAGGWNEQFF"
16,"CASSIGQGAITDTQYF"
16,"CASSLGWASLWHEQFF"
16,"CASSPRDRAMNTEAFF"
16,"CASSTASHAYNSPLHF"
16,"CASSQTQGLGNQPQHF"
16,"CASSQAPATGYQPQHF"
16,"CASSSFDGLRGDEQFF"
16,"CASSLVSGTSNQPQHF"
16,"CASSLGPFGVPGELFF"
16,"CASSLGNTGVDQPQHF"
16,"CASSQVGGARTGELFF"
16,"CASSQDRTGGNQPQHF"
16,"CASSELLGVDNQPQHF"
16,"CASSFPTGDLNYGYTF"
16,"CASSSASGGLTDTQYF"
16,"CASRRSQGALPDTQYF"
16,"CASSLGGGAKAGELFF"
16,"CASSSTLAGIYNEQFF"
16,"CASLSGGAPNTGELFF"
16,"CASSPPLAGDTGELFF"
16,"CASSPRASGGVETQYF"
16,"CASSLSRDRGPDGYTF"
16,"CASSFVGGSSYNEQFF"
16,"CASSQDLGQGTYEQYF"
16,"CASSTDRASSGNTIYF"
16,"CASSQDWGPSYYGYTF"
16,"CASSQGFQDSGNTIYF"
16,"CASSRDPGTENTEAFF"
16,"CASSQGAFPSTDTQYF"
16,"CASSTTEGIGTYEQYF"
16,"CASSLVPGHNFYGYTF"
16,"CASSLWGRLANYGYTF"
16,"CASSGLIGTGEETQYF"
16,"CASSPPGLRRGYGYTF"
16,"CASSSQTGIGNQPQHF"
16,"CASSLGGSSIQETQYF"
16,"CASSQFSTATNEKLFF"
16,"CASSQEVGLFYPEAFF"
16,"CASSQDRTGGGEKLFF"
16,"CASSQDIWQGLDEQYF"
16,"CASSLATSGGQETQYF"
16,"CASSLGGRPMNTEAFF"
16,"CASSRRGAGDQETQYF"
16,"CASSPPSSGVNYGYTF"
16,"CASSPVAGGQTDTQYF"
16,"CASSQAGAGGHNEQFF"
16,"CASSLPTGGSQETQYF"
16,"CASSLNVGTGNYGYTF"
16,"CASSLRGTGTLDEAFF"
16,"CASSLGDSSYNSPLHF"
16,"CASSLGLAGGGETQYF"
16,"CASSWDRAAGANVLTF"
16,"CASSLRGGQGTDTQYF"
16,"CASSSIQGSGANVLTF"
16,"CASSLSGTSGSYEQYF"
16,"CASSLGFERDSYEQYF"
16,"CASSLRGGQGTDTQYF"
16,"CASSQDLQGSSYEQYF"
16,"CASSQEFEGGGPEAFF"
16,"CASSQEATSMADTQYF"
16,"CASSLNRGQSNQPQHF"
16,"CASSGEALSGANVLTF"
16,"CASSQQTGGVWGGYTF"
16,"CASSPLEGSIGNEQFF"
16,"CASSFTGGLGTDTQYF"
16,"CASSFPAGGHFNEQFF"
16,"CASRNIGRENYNEQFF"
16,"CASSMGLAGGADTQYF"
16,"CASSPRTVRSGNTIYF"
16,"CASRPSSFLSGNTIYF"
16,"CASSPSWTGVNTEAFF"
16,"CASSQGGDPSSYEQYF"
16,"CASSPGVGTGVWEQYF"
16,"CASSARRALSSYEQYF"
16,"CASSLRPHGTHDEQYF"
16,"CASSLVAGGGTDTQYF"
16,"CASSPGQGRFRTEAFF"
16,"CASSPPGLRRGYGYTF"
16,"CASSLGGTGGSQPQHF"
16,"CASSLGGTAYYNEQFF"
16,"CASSGGQGPPSYEQYF"
16,"CASSLQSSGSADTQYF"
16,"CASSSGQEILNTEAFF"
16,"CASSQDPTDNTGELFF"
16,"CASSQEATGGTYEQYF"
16,"CASSQTGGLMNTEAFF"
16,"CASSPPSPAAGNTIYF"
16,"CASSPSGTGGGQPQHF"
16,"CASSLLQGALTDTQYF"
16,"CASHTAASGGSDTQYF"
16,"CASSLEWAGNTGELFF"
16,"CASSQESGAGNQPQHF"
16,"CASSLASGANTGELFF"
16,"CASSPGQGASNTEAFF"
16,"CASSLVAGTVNTEAFF"
16,"CASSLEGNSYNSPLHF"
16,"CASSLAEGLRNGELFF"
16,"CASSPPSFGRQETQYF"
16,"CASSSQTGTQKETQYF"
16,"CASSLVPGISSYEQYF"
16,"CASSSDVTGAREKLFF"
16,"CASRVGGGYSTDTQYF"
16,"CASSLGVRDSVYGYTF"
16,"CASSLGQGLTNEKLFF"
16,"CASSQESSIGGNEQFF"
16,"CASSQGRFSGANVLTF"
16,"CASSQDRIGSNQPQHF"
16,"CASSVDPVGSYNEQFF"
16,"CASSFGGDRDNSPLHF"
16,"CASSLVLAGNTGELFF"
16,"CASSLAVSTAGRELFF"
16,"CASSSLGLAGGDEQFF"
16,"CASSVATGGTNQPQHF"
16,"CASSLVGDSGANVLTF"
16,"CASSLDRGSGANVLTF"
16,"CASSLEWRGSTDTQYF"
16,"CASSAIPQGGANVLTF"
16,"CASSDLSGGSANEQFF"
16,"CASSQDHGDTYQPQHF"
16,"CASSQDESSGSYEQYF"
16,"CASSQEDRGPVNEQFF"
16,"CASSQDPTLMNTEAFF"
16,"CASSLGPSGGQETQYF"
16,"CASSSTTGTGDEKLFF"
16,"CASSLLTSGEADTQYF"
16,"CASSLGGTGDNYGYTF"
16,"CASSLTLAGGPYEQYF"
16,"CASSQGRFATNEKLFF"
16,"CASSHGTSSYNSPLHF"
16,"CASSVAGRSGSYEQYF"
16,"CASSSAVAGGRDEQFF"
16,"CASSLQGRGENTEAFF"
16,"CASSLDRSSYNSPLHF"
16,"CASSPLVRGAAGELFF"
16,"CASSFRGGRGLGEQFF"
16,"CASSRAGTGGADTQYF"
16,"CASSLAWTGDAYEQYF"
16,"CASSRDRVANTGELFF"
16,"CASSLGRGSYNSPLHF"
16,"CASSSRGQGYYNEQFF"
16,"CASSLAGDSSYNEQFF"
16,"CASSPGTASSYNEQFF"
16,"CASSLAFRGNNYGYTF"
16,"CASSQDSGTGQETQYF"
16,"CASSPSGTPRDNEQFF"
16,"CSASFVTGENHQPQHF"
16,"CASSWGWQGRGETQYF"
16,"CSASRLAGTYGNEQFF"
16,"CASSDSGGAGANVLTF"
16,"CASSVAMDSSYNEQFF"
16,"CASSLLGPGDSSPQYF"
16,"CASSFLLAVDTGELFF"
16,"CASSLDPGAPNTEAFF"
16,"CASSFSPPGDQETQYF"
16,"CASSDSSGGEYNEQFF"
16,"CASSATGTGGFYEQYF"
16,"CASSNPVQGAIETQYF"
16,"CASSLAGGVSSYEQYF"
16,"CSVDLPGQDELYGYTF"
16,"CASSHPTSGGHNEQFF"
16,"CASSAYGTPNTGELFF"
16,"CASSPELAGGYETQYF"
16,"CASSRAPGGGTDTQYF"
16,"CASSLGQGADTGELFF"
16,"CASSPGQGSLNYGYTF"
16,"CASSPTASGGAETQYF"
16,"CASSVGSRGATDTQYF"
16,"CASSPRTSGGAMAQYF"
16,"CASSEALGGWNTEAFF"
16,"CASSGDRGVRSSPLHF"
16,"CASSESGTGSNYGYTF"
16,"CASSKTSGGGTDTQYF"
16,"CASSEYSPTDYTEAFF"
16,"CASSGASGGAADTQYF"
16,"CASRPDRGVAKNIQYF"
16,"CASSESITGGNQPQHF"
16,"CASSPWTGGGNSPLHF"
16,"CASQGPGTGHQETQYF"
16,"CASSEFGLAGTGELFF"
16,"CASVPGYGLPNSPLHF"
16,"CASSEYDWADNQPQHF"
16,"CASSVSSGGAYNEQFF"
16,"CASSSSVGTGREKLFF"
16,"CSVEKEAGRPNYGYTF"
16,"CASSVGPVRVNTEAFF"
16,"CASSVRLTGPGYGYTF"
16,"CASSVEERGFTDTQYF"
16,"CASSVALRDSPYEQYF"
16,"CASSQAADSLTGELFF"
16,"CASSPGLAGGRETQYF"
16,"CASSLGGARNGSPLHF"
16,"CASSSRGPASNSPLHF"
16,"CASSKAAGARDEKLFF"
16,"CASSRKSDSRGNEQFF"
16,"CASRPEACWRSYGYTF"
16,"CASSLEGQASSYEQYF"
16,"CASSLGTGWRTDTQYF"
16,"CASSLAIRGQSYEQYF"
16,"CASSLSRGGSSSEQYF"
16,"CASSLAEGSPYNEQFF"
16,"CASSLTGLDRVYGYTF"
16,"CSVERNSGGALETQYF"
16,"CASSLSTGTAYNEQFF"
16,"CPYPSAVRYGTDTQYF"
16,"CASSKVGGSPGNTIYF"
16,"CASSVGTGAQGNTIYF"
16,"CASSVGETVSYNEQFF"
16,"CASSKARTGTPHPIHF"
16,"CASSKTGTGDTSEQYF"
16,"CASSLYRGSSNQPQHF"
16,"CASSKVGRQNTGELFF"
16,"CASSVGGQGWADTQYF"
16,"CASSQLGLAGTDTQYF"
16,"CASSLPSGGDTGELFF"
16,"CASSTGLAGGSNEQFF"
16,"CASSLGTGGKGETQYF"
16,"CSVEDWGEGNRDTQYF"
16,"CASSPQRVENTGELFF"
16,"CASSPPQASSYNEQFF"
16,"CASSPELGRLGGGYTF"
16,"CASSVGERIDYNEQFF"
16,"CASSPNLQISGNTIYF"
16,"CASSEKGLSAPDTQYF"
16,"CASIPGGSPANYGYTF"
16,"CASSDHPIQGSYGYTF"
16,"CASSTPLAGGPDTQYF"
16,"CASSIPGGLAAGELFF"
16,"CASSLAGGTANTEAFF"
16,"CASSLGDRGSLETQYF"
16,"CASSVAGGLLNNEQFF"
16,"CASSVGETQTYNEQFF"
16,"CASSVGEGGHTDTQYF"
16,"CASSSAGAQYLREQYF"
16,"CASSLDPSGGANEQFF"
16,"CASSVGTGAIEETQYF"
16,"CASSPYASWGATEAFF"
16,"CASSLGLRVGAYEQYF"
16,"CASSLGGVGPNEKLFF"
16,"CASRYLRDRVDYGYTF"
16,"CASSFLSGGATGELFF"
16,"CASSANRELLNSPLHF"
16,"CASSSPGGSNTGELFF"
16,"CASSFTGVSSYNEQFF"
16,"CASSLERAGMNTEAFF"
16,"CASSFYPRGRRETQYF"
16,"CASSSGWGLEGNEQFF"
16,"CASSSTPGQSNEKLFF"
16,"CASSLSGTSGNNEQFF"
16,"CASSLWGHPIVYEQYF"
16,"CASSRDRGSHNSPLHF"
16,"CASSLDRWTYNSPLHF"
16,"CASSADVGSGNTEAFF"
16,"CASSVGLAGEVDTQYF"
16,"CASSSPGTAYNSPLHF"
16,"CASSLRPGQGYTEAFF"
16,"CASSLTPTGTNEKLFF"
16,"CASSAGTSGGFETQYF"
16,"CASSASEGLGFYEQYF"
16,"CASSVDGSSSIYEQYF"
16,"CASSVGGREWYNEQFF"
16,"CASSVTGTMNTGELFF"
16,"CASSSRLGTSSDTQYF"
16,"CASSLAVAGGYYEQYF"
16,"CASSVDASPTDSPLHF"
16,"CASSVDGGPNTGELFF"
16,"CASSLRGTAKSDTQYF"
16,"CASSQTSGVAKNIQYF"
16,"CASSLAVSGGTGELFF"
16,"CASSLGLAGGLETQYF"
16,"CASSLKGGRRTDTQYF"
16,"CASSLGQDTYTGELFF"
16,"CASSLVFGGSTDTQYF"
16,"CASSLAQGAGVGIQYF"
16,"CASSYPGIFLNTEAFF"
16,"CASSRVAGGLTDTQYF"
16,"CASSLNARDFNNEQFF"
16,"CASSFSAAGFGYEQYF"
16,"CASSAGQGPRINEQFF"
16,"CASSFFVGQGRQPQHF"
16,"CASSLAWGQGKTEAFF"
16,"CASSSTGQGGANVLTF"
16,"CASSGRGAHLADTQYF"
16,"CASSLAGGMNTGELFF"
16,"CASSLGTGGSNEKLFF"
16,"CASSSAPTANTGELFF"
16,"CASSLRRRAGVYEQYF"
16,"CASSANTGGMNTEAFF"
16,"CASSTAAGQGRTEAFF"
16,"CASSPQGGAGRTEQFF"
16,"CASSLPGGSAKNIQYF"
16,"CASSLTSGVNTGELFF"
16,"CASSLSGTGNFYGYTF"
16,"CASSSPSFSYNSPLHF"
16,"CASSLGGRGGRETQYF"
16,"CASSFAGLPNTGELFF"
16,"CASSVLGQGNTGELFF"
16,"CASSLKAGTGANVLTF"
16,"CASSLMGLAGADTQYF"
16,"CATEGLGQGRNNEQFF"
16,"CATSDPGQASTDTQYF"
16,"CATTHRKVGSYNEQFF"
16,"CATSDPGLSGTDTQYF"
16,"CATSDSHGFSYNEQFF"
16,"CASSFLRGNYDTEAFF"
16,"CASSAGLAGGPDTQYF"
16,"CASSSGPLGGAGGYTF"
16,"CATSDPTGGSNQPQHF"
16,"CATSDLGGAFHNEQFF"
16,"CASSLGGERGGDTQYF"
16,"CATSDLPQGPPYEQYF"
16,"CATSDQTGVGTDTQYF"
16,"CATSTQAGWDTDTQYF"
16,"CATSDPSGAFYNEQFF"
16,"CASSSPGTMDYYGYTF"
16,"CASSSQSSGSNYGYTF"
16,"CASRIYQVRSGTEAFF"
16,"CASSLFGGGEGETQYF"
16,"CASSLMGGSNTGELFF"
16,"CASSLGLAGGTDTQYF"
16,"CASSPRSYRANTEAFF"
16,"CATSDLPLGSTGELFF"
16,"CATSDRRGRVGGELFF"
16,"CATSDGSGGSYNEQFF"
16,"CATSGQAGNSYNEQFF"
16,"CASSLSSLGGTDTQYF"
16,"CASSSLGRRTINEQFF"
16,"CATSDSGQGGSYEQYF"
16,"CATSDATGTVVETQYF"
16,"CASSLNHAGVGNTIYF"
16,"CASSSLETGEDEKLFF"
16,"CASSLSLRAGEEPQHF"
16,"CATSDRNDRYQETQYF"
16,"CASSPGTRVSNYGYTF"
16,"CASSLWAGGNTGELFF"
16,"CASSLFPDSYNSPLHF"
16,"CASSSDRGAGSSPLHF"
16,"CASSEGGVLTSYGYTF"
16,"CATSDFSGEVRETQYF"
16,"CATSGRDRRVYNEQFF"
16,"CASSLWDIATNEKLFF"
16,"CATSDSSSPTSYGYTF"
16,"CATSEPGTGADQPQHF"
16,"CATSDPGQETGEKLFF"
16,"CASSFETLSSYNEQFF"
16,"CASSPPGQGKTNEQYF"
16,"CASSETGQGRFQPQHF"
16,"CASSEVGTANTGELFF"
16,"CASTGGGLAIAGELFF"
16,"CASSSNRWGDSTEQYF"
16,"CASRGQQVATNEKLFF"
16,"CASSYQRGGGYSEQYF"
16,"CASSEFPLEAGNTIYF"
16,"CASSARTGSSTDTQYF"
16,"CASSEFSGGGIYEQYF"
16,"CASSEAGLGQGTEAFF"
16,"CASSEFNRIAKNIQYF"
16,"CASSDPPGSGSHEQYF"
16,"CASSEGVAGYGDTQYF"
16,"CASSDKFQGIVYGYTF"
16,"CASSEEWAGGKDTQYF"
16,"CASSEFFNRGRETQYF"
16,"CASSESEGQVAYEQYF"
16,"CASSEPNPYGANVLTF"
16,"CASSAEGGYSNQPQHF"
16,"CASSEWPSGRSDEQYF"
16,"CASGGVAGGRTSEQFF"
16,"CASSEFTRQGEDGYTF"
16,"CASRAPLTNRDEKLFF"
16,"CASRPRTESYNSPLHF"
16,"CASSEAVGTAYGTQYF"
16,"CASSEPSRDFSYEQYF"
16,"CASSGTGAALTGELFF"
16,"CASSAGPLTVNPEAFF"
16,"CASRALLAGGRDEQFF"
16,"CASSGLLAGVAGELFF"
16,"CASSERNRGIPYEQYF"
16,"CASSGFGTGVPNEQYF"
16,"CASSPIPGQGAWEQYF"
16,"CASSEVGGASNQPQHF"
16,"CASSDPGGSGANVLTF"
16,"CASHGTGGNSNQPQHF"
16,"CASRRGTARGGNTIYF"
16,"CASSLPATSGENEQYF"
16,"CASSLGLAGGLYEQFF"
16,"CASSFRTSGDADTQYF"
16,"CASSGTGTGLQETQYF"
16,"CASSEAFGGAGNTIYF"
16,"CASSPGTSGAADTQYF"
16,"CASSSQNRGRHYGYTF"
16,"CASSFEGRGGNEKLFF"
16,"CASSPDTSGAYNEQFF"
16,"CASSGLRGGRGTEAFF"
16,"CASSQQYPGGRGAQHF"
16,"CASSGRSEFGGNTIYF"
16,"CASRAGQWSMNTEAFF"
16,"CASSLIAGTGGYEQYF"
16,"CASSEGASKGYSPLHF"
16,"CASSEAGVVTNEKLFF"
16,"CASSHTGADSGNTIYF"
16,"CASRLAQRVTYNEQFF"
16,"CASSPPPGTGRTEAFF"
16,"CASSYTGQGSQETQYF"
16,"CASSSPRRTGANVLTF"
16,"CASSYLRSTENTEAFF"
16,"CASSRNGGLLVGEQYF"
16,"CASSLDGRGSSYEQYF"
16,"CASSRGLDGISYGYTF"
16,"CASSSYRVADNQPQHF"
16,"CASSYGAQSLDSPLHF"
16,"CASSPWTGRWTGELFF"
16,"CASSYSPGRQEEKLFF"
16,"CASSYGYSAGENIQYF"
16,"CASSTWDYLDMDTQYF"
16,"CASSLIGGRYTGELFF"
16,"CASSSLTGAIDYGYTF"
16,"CASSYASGGSLNEQFF"
16,"CASSPLPGRGLETQYF"
16,"CASSFEGGLSYNEQFF"
16,"CASSYGGAGNNQPQHF"
16,"CASSYAGQGAYTEAFF"
16,"CASSFPLRGGISEAFF"
16,"CASSFRHRGPFPEAFF"
16,"CASSFRDRGPNQPQHF"
16,"CASSSPNRGAGQPQHF"
16,"CASSYSSRGVQETQYF"
16,"CASSYTRQGASQPQHF"
16,"CASSYGHGDIPYEQYF"
16,"CASSSPLRSPPHEQYF"
16,"CASSTGGGGPYYEQYF"
16,"CASSSYDRGYYNEQFF"
16,"CASSLWTGRGYDEQFF"
16,"CASSYPTGVRYTEAFF"
16,"CASSYHRTSLNTEAFF"
16,"CASSPKGVGNTGELFF"
16,"CASSYSASGGLETQYF"
16,"CASSYGRDREPIEAFF"
16,"CASSDVGRGGNQPQHF"
16,"CASSYSDGLSGYGYTF"
16,"CASSSDSGQGNTEAFF"
16,"CASSSTGTLLIYGYTF"
16,"CASSYLQAVGNQPQHF"
16,"CASSFGTSTNLNEQFF"
16,"CASSQDSPSTTDTQYF"
16,"CASSPLETGTTGELFF"
16,"CASSYMTGGVNEKLFF"
16,"CASSPVEGRSNTEAFF"
16,"CASSPRLGGRTDTQYF"
16,"CASSSYLTGEPYEQYF"
16,"CASSQDVSGGFYEQYF"
16,"CAWSVQGAGIEETQYF"
16,"CAWSSPTGANTGELFF"
16,"CASSQRGPPNTGELFF"
16,"CASSLGGSGGHDTQYF"
16,"CASSPGQGVFNYGYTF"
16,"CASSQPSIRLAGELFF"
16,"CASSQGLAGGYNEQFF"
16,"CASSQFPGGVGNTIYF"
16,"CASSQGAGGPHYGYTF"
16,"CAWSPVGRRTHTEAFF"
16,"CAWTRYERGAGNTIYF"
16,"CASSQALTGYNSPLHF"
16,"CASSQPRQGRQETQYF"
16,"CAWSSSRGILNSPLHF"
16,"CASSQDRVGIGETQYF"
16,"CAWSRPRTGQNTEAFF"
16,"CAWSGGLAGGPGPQYF"
16,"CASSQGALQEATEAFF"
16,"CASSLADRFEATEAFF"
16,"CASSPSFGGITDTQYF"
16,"CASSQELRGGGETQYF"
16,"CASSQERQGPNSPLHF"
16,"CASSLSSSFLLYEQYF"
16,"CASSRPSGGGVDTQYF"
16,"CASSQGPSGGQETQYF"
16,"CAWSFQWDRVNSPLHF"
16,"CASSSARDTYTDTQYF"
16,"CASSQVSGTTNEKLFF"
16,"CASSPPSGGAQETQYF"
16,"CAWSGKGVSPNYGYTF"
16,"CAWRAGEGSYNSPLHF"
16,"CAWAAWETSGVETQYF"
16,"CASSQASQIYDSPLHF"
16,"CASSQDPGEGTDTQYF"
16,"CAWSVSRLRRNEKLFF"
16,"CAWSGTGFFLNTEAFF"
16,"CASSQPSDRGYNEQFF"
16,"CASSHRDRGITGELFF"
16,"CASSQDRTGAGNTIYF"
16,"CASSRLLGQGADEQYF"
16,"CAWDISGGAGTGELFF"
16,"CASRGTGERYNSPLHF"
16,"CASSQVQGARYTEAFF"
16,"CAWSRGTGDGREKLFF"
16,"CAWSGPTLLAKNIQYF"
16,"CAWSVSPIRGGNTIYF"
16,"CALGRGRNLMNTEAFF"
16,"CAWSVMSTSGANVLTF"
16,"CAWSPIAGGRTGELFF"
16,"CASSQLAGQEADTQYF"
16,"CASSLGQGASRTEAFF"
16,"CASSLGSGGAIHTQYF"
16,"CSARDGQDLRNTEAFF"
16,"CSAGTVDQRYTDTQYF"
16,"CSPSTVAGENTDTQYF"
16,"CSARVDRGLSNYGYTF"
16,"CASKGLSGGSYNEQFF"
16,"CSARVFSGTGGYGYTF"
16,"CASSLLGGSDEEKLFF"
16,"CASSPLGQTTNEKLFF"
16,"CASSNPGSSYNSPLHF"
16,"CASSLSQAATNEKLFF"
16,"CASSLNSGVSNQPQHF"
16,"CATKSLRGSGANVLTF"
16,"CASSQQGLAYNSPLHF"
16,"CASSLFTQGAGEKLFF"
16,"CASSDPLAGGYNEQFF"
16,"CSARDLGAANNSPLHF"
16,"CASSQGDRHYNYGYTF"
16,"CSARAAPGTGAYEQYF"
16,"CASSLRQGATNEKLFF"
16,"CSARDPGGGLSYGYTF"
16,"CASIWRGTAGTGELFF"
16,"CASTRPPGGNPYEQYF"
16,"CASSLGTGGAGYGYTF"
16,"CSATEGIKIPWGEAFF"
16,"CSASASRVRNTDTQYF"
16,"CASTLDGTVYTGELFF"
16,"CASSRRAGRGNTEAFF"
16,"CSARRVVQGDTGELFF"
16,"CASSPLGDLSNQPQHF"
16,"CASSLRLAGIDYEQYF"
16,"CASSSRRVSNGDTQYF"
16,"CSATQTGTGINQPQHF"
16,"CSARDGTGTYNSPLHF"
16,"CASSFDGGSSYNEQFF"
16,"CASRPDSGGPYYEQYF"
16,"CSARSGITWDNSPLHF"
16,"CASSQWDRGMNTEAFF"
16,"CASSPLASTDQETQYF"
16,"CASFRDRFSGANVLTF"
16,"CSARDLLSGNTDTQYF"
16,"CASRPRGRGMNTEAFF"
16,"CSAREPVGQGHQPQHF"
16,"CSATPGGGGAKDTQYF"
16,"CASSPGQGGGTGELFF"
16,"CASRRGGASSYNEQFF"
16,"CSARGLRWEGAGELFF"
16,"CSARDPRTSEDNEQFF"
16,"CSARVWASGVLYEQYF"
16,"CASSRIPTAAGLKLFF"
16,"CSARVFWGDSNQPQHF"
16,"CASSLDRGTGAGELFF"
16,"CSAPPGQELWDTEAFF"
16,"CSARDMEGQLSTEAFF"
16,"CASSLTGYLAKNIQYF"
16,"CASSAGQSSTNEKLFF"
16,"CASRKGLAGGEDTQYF"
16,"CASSPLAGGSTGELFF"
16,"CSAGAEGWRGRDTQYF"
16,"CASSFSVTAQGETQYF"
16,"CSARDAGHSNTGELFF"
16,"CSARDLAGQGDSPLHF"
16,"CASSLSAEGNWAEAFF"
16,"CASSSSHDFSLRELFF"
16,"CASSSGLLPPKNIQYF"
16,"CASNPSIAGGNQPQHF"
16,"CASRINRGPINTEAFF"
16,"CASSRGTGDSIYGYTF"
16,"CSARDGYSGGTDTQYF"
16,"CSARIRGRGSNQPQHF"
16,"CASSGQLANHGEKLFF"
16,"CASRRDTGIGQETQYF"
16,"CASSLRDGTAGNTIYF"
16,"CASRLPDDRGVAEAFF"
16,"CSALDRGPTLNQPQHF"
16,"CASSRASHMYTDTQYF"
16,"CSANPVDSLISYEQYF"
16,"CASALKGSSYNSPLHF"
16,"CSARDPAGAANEKLFF"
16,"CSARDDGAASTDTQYF"
16,"CASRSWERFNTGELFF"
16,"CASSQVGQAFNQPQHF"
16,"CSARDLGGWEGQPQHF"
16,"CSARPGLGHQGRGYTF"
16,"CASSIEGQLSYNEQFF"
16,"CSARDPQAGGLYEQYF"
16,"CSATRRQGSTNEKLFF"
16,"CSATPRRQYSTDTQYF"
16,"CASRPGQGRGNTEAFF"
16,"CASSLGQGSSYNEQFF"
16,"CASTRAWGANTGELFF"
16,"CSGLEGHSGATDTQYF"
16,"CASTGTGVFSGNTIYF"
16,"CSARDTGGDGTGELFF"
16,"CSAGRKRLSSYNEQFF"
16,"CSATTTGGSFTDTQYF"
16,"CASSLSGGAGANVLTF"
16,"CASSPLAGFSGNTIYF"
16,"CASSFGGGLGYNEQFF"
16,"CSARDRGLFGDTEAFF"
16,"CASTDTSGAYTGELFF"
16,"CASSRLAGGLTDTQYF"
16,"CSARDLRLAHNNEQFF"
16,"CASSLGYGVRTGELFF"
16,"CASFRETGTNSYEQYF"
16,"CSAREGQGNWNNEQFF"
16,"CASSLDMGRDTGELFF"
16,"CSAYRDTSTLNQPQHF"
16,"CSARDPLAGVNNEQFF"
16,"CASSPPGQFSGNTIYF"
16,"CASSLSGGTMSYEQYF"
16,"CASSLGTGNSGNTIYF"
16,"CSARDAGRLTNTEAFF"
16,"CASSKTSGGYQETQYF"
16,"CSARLAESVNTGELFF"
16,"CSARRSSGGTYNEQFF"
16,"CASSNTGGGGYNEQFF"
16,"CSARERQGWNTDTQYF"
16,"CASSQISGTGGDGYTF"
16,"CSASPGTGAQFWEQYF"
16,"CSARDQGGRNTGELFF"
16,"CATCGIFRQGNEKLFF"
16,"CASSPTGTAGNQPQHF"
16,"CSAERQGSMRNTEAFF"
16,"CSANPLGGRSNQPQHF"
16,"CASSTRTGSITDTQYF"
16,"CSARDLSQGFTDTQYF"
16,"CSARDHSRPSGNTIYF"
16,"CSARPAGTGANEKLFF"
16,"CASTRQGSSYNSPLHF"
16,"CSAEGDWGSGANVLTF"
16,"CSARDPSGALKGGYTF"
16,"CSARTGTGGRNQPQHF"
16,"CASSLDSPATNEKLFF"
16,"CASMEYRGISNQPQHF"
16,"CSARDYDDSPNEKLFF"
16,"CSASRRSSTANSPLHF"
16,"CASRDHGTEDIYGYTF"
16,"CASSSGTGSLFYGYTF"
16,"CSALAGGPGVLDTQYF"
16,"CSARDPWTGSYNEQFF"
16,"CASRQGLSSYNSPLHF"
16,"CSAGPFRGYMNTEAFF"
16,"CSARDLGGTGNQPQHF"
16,"CSARDPTGTANQPQHF"
16,"CASSFGTSGGADEQFF"
16,"CASRVDRGQGNSPLHF"
16,"CASSSYRGRNTDTQYF"
16,"CASSRAPGGIREKLFF"
16,"CASSQTSGGLRNEQFF"
16,"CASSRGGQGDNQPQHF"
16,"CASSLGTGRTGQPQHF"
16,"CSARDPSGGYYNEQFF"
16,"CASSSGIQTLNQPQHF"
16,"CASSFWTGVLQETQYF"
16,"CASSSGQGSEYEKLFF"
16,"CASSLTGSPYNSPLHF"
