,cdr3,antigen.epitope,vdjdb.score
21291,CASSLWLNEQFF,NLVPMVATV,3
21292,CASSPKTGASYGYTF,NLVPMVATV,3
21293,CASSFVSFDEQFF,NLVPMVATV,3
21294,CASSSAYYGYTF,NLVPMVATV,3
21295,CASSADSYGANVLTF,NLVPMVATV,3
21296,CSVDPGHTGEKLFF,NLVPMVATV,3
21297,CASSLVGGRHGYTF,NLVPMVATV,3
21298,CASSHDPTWGPGNTIYF,NLVPMVATV,3
21299,CASSFGQGSSPLHF,NLVPMVATV,3
21300,CASSLETVNTEAFF,NLVPMVATV,3
21301,CASSSFYDSNEKLFF,NLVPMVATV,3
21302,CASSLASPGHFTGELFF,NLVPMVATV,3
21303,CASRRQGTVYEQYF,NLVPMVATV,3
21304,CASRIELPGAGELFF,NLVPMVATV,3
21305,CASSLGFLGPAAGNTIYF,NLVPMVATV,3
21306,CSARDHGGDYGYTF,NLVPMVATV,3
21307,CASSLEVTGLNTEAFF,NLVPMVATV,3
21308,CASSDSGEAGELFF,NLVPMVATV,3
21309,CSGGQDYNEQFF,NLVPMVATV,3
21310,CASSEDSGGYNEQFF,NLVPMVATV,3
21311,CASSDSTSGGNEQFF,NLVPMVATV,3
21312,CSARDMASGRNEQYF,NLVPMVATV,3
21313,CASSPGGGMNTEAFF,NLVPMVATV,3
21314,CASSFDPGSYGYTF,NLVPMVATV,3
21315,CASSPASGSLFF,NLVPMVATV,3
21316,CASSEGLGGALYGYTF,NLVPMVATV,3
21317,CASSPDYDQETQYF,NLVPMVATV,3
21318,CASTHGTSGEDTQYF,NLVPMVATV,3
21319,CASLPTGTNTGELFF,NLVPMVATV,3
21320,CASSLQGASGYTF,NLVPMVATV,3
21321,CASTGGGALGTEAFF,NLVPMVATV,3
21322,CASSSAYYGYTF,NLVPMVATV,3
21323,CASSIVAGGYNEQFF,NLVPMVATV,3
21324,CASSRDRTGRANYGYTF,NLVPMVATV,3
21325,CASSPRTSFETQYF,NLVPMVATV,3
21326,CASSPGTFRYTF,NLVPMVATV,3
21327,CASSPTDRGNTGELFF,NLVPMVATV,3
21328,CASSGRGFLNYGYTF,NLVPMVATV,3
21329,CASSLVGTGELFF,NLVPMVATV,3
21330,CASSHGAAAGETEAFF,NLVPMVATV,3
21331,CASGSGLAGNEQFF,NLVPMVATV,3
21332,CASSQVAGGAGGPREYNEQFF,NLVPMVATV,3
21333,CASSVGLGFTDTQYF,NLVPMVATV,3
21334,CASSEARQGLDTEAFF,NLVPMVATV,3
21335,CASSLFAGAETQYF,NLVPMVATV,3
21336,CASRKLAGPTDTQYF,NLVPMVATV,3
21337,CATSATGLRNQPQHF,NLVPMVATV,3
21338,CASSLESWGRAYNEQFF,NLVPMVATV,3
21339,CASLAGVRTDTQYF,NLVPMVATV,3
21340,CASSNFLGQGDEKLFF,NLVPMVATV,3
21341,CASSEPIGTGGNQPQHF,NLVPMVATV,3
21342,CASRQENSGNTIYF,NLVPMVATV,3
21343,CASSSQGWGRVYSEQFF,NLVPMVATV,3
21344,CSATPSGYGYTF,NLVPMVATV,3
21345,CASSVEVGTGDNEQFF,NLVPMVATV,3
21346,CASSIQKAGYNEQFF,NLVPMVATV,3
21347,CAAGTRTDTQYF,NLVPMVATV,3
21348,CASSVDSGSTNEQFF,NLVPMVATV,3
21349,CASSLGTGELFF,NLVPMVATV,3
21350,CASSLSGVPHNNEQFF,NLVPMVATV,3
21351,CASSQTRTSGRVDPDTQYF,NLVPMVATV,3
21352,CASRRPGGDTEAFF,NLVPMVATV,3
21353,CASSLNSGLYNEQFF,NLVPMVATV,3
21354,CASSLNGRADTQYF,NLVPMVATV,3
21355,CASSRQESYGYTF,NLVPMVATV,3
21356,CAISEQEDQPQHF,NLVPMVATV,3
21357,CASSVEGQGDTEAFF,NLVPMVATV,3
21358,CASSPLRGVYYNEQFF,NLVPMVATV,3
21359,CASTPYRRGPHLYGYTF,NLVPMVATV,3
21360,CASSLVVMGTGFTDTQYF,NLVPMVATV,3
21361,CASSLAQQGLAEAFF,NLVPMVATV,3
21362,CASSPSTGTIYGYTF,NLVPMVATV,3
21363,CAISESRSRVTDTQYF,NLVPMVATV,3
21364,CASSPSDYGYTF,NLVPMVATV,3
21365,CAISEYPPTGRKADTQYF,NLVPMVATV,3
21366,CASSQVGTVYGYTF,NLVPMVATV,3
21367,CSAADRGLGETQYF,NLVPMVATV,3
21368,CASRGTGGGSGQPQHF,NLVPMVATV,3
21369,CASSYDRGPREGYTF,NLVPMVATV,3
21370,CASSTRSTGELFF,NLVPMVATV,3
21371,CASSLRGQGFYEQFF,NLVPMVATV,3
21372,CSGDRSSDTQYF,NLVPMVATV,3
21373,CASSPSWGEVNTEAFF,NLVPMVATV,3
21374,CASSPGYGSSGNTIYF,NLVPMVATV,3
21375,CASSPPGLPGYTF,NLVPMVATV,3
21376,CASSPGQLQETQYF,NLVPMVATV,3
21377,CASSSGLAGVETGELFF,NLVPMVATV,3
21378,CASSLQVWNEQFF,NLVPMVATV,3
21379,CASSLQGIGAKNIQYF,NLVPMVATV,3
21380,CASSFQGYTEAFF,NLVPMVATV,3
21381,CASSSGGLSEQYF,NLVPMVATV,3
21382,CSARGADTQYF,NLVPMVATV,3
21383,CASSSGGLSEQYF,NLVPMVATV,3
21384,CASSLELAAWETQYF,NLVPMVATV,3
21385,CSARDLRLLANTGELFF,NLVPMVATV,3
21386,CASSTGSYGYTF,NLVPMVATV,3
21387,CASSSGIYGYTF,NLVPMVATV,3
21388,CASSLAGFTGELFF,NLVPMVATV,3
21389,CASSPTLVTSGNTIYF,NLVPMVATV,3
21390,CASSEGYIYEQYF,NLVPMVATV,3
21391,CASSYASNQPQHF,NLVPMVATV,3
21392,CAISVSGTRVYNEQFF,NLVPMVATV,3
21393,CASSLGQGNSPLHF,NLVPMVATV,3
21394,CASSLKAGNQPQHF,NLVPMVATV,3
21395,CASSVGTLYSGANVLTF,NLVPMVATV,3
21396,CASSLLGGAGTGELFF,NLVPMVATV,3
21397,CSVEGDTGELFF,NLVPMVATV,3
21398,CASSQGLAGEVYTGELFF,NLVPMVATV,3
21399,CASSLDRPSGMAAETQYF,NLVPMVATV,3
21400,CASSINRDLLNGYTF,NLVPMVATV,3
21401,CASSYWDRTTSGNTIYF,NLVPMVATV,3
21402,CASSHTSGNGDTQYF,NLVPMVATV,3
21403,CASSDSRANTGELFF,NLVPMVATV,3
21404,CSARLPRDYSNQPQHF,NLVPMVATV,3
21405,CASSLAEKANTGELFF,NLVPMVATV,3
21406,CSILGSNAGPQETQYF,NLVPMVATV,3
21407,CAIDRVGTGELFF,NLVPMVATV,3
21408,CASTGSVSTDTQYF,NLVPMVATV,3
21409,CASSRGHPLQFF,NLVPMVATV,3
21410,CASSISAGVGVGQETQYF,NLVPMVATV,3
21411,CASSLVGGPSVQFF,NLVPMVATV,3
21412,CATSDSAGYNEQFF,NLVPMVATV,3
21413,CASSVTGTEADEQFF,NLVPMVATV,3
21414,CASSPPGTSGGRNEQFF,NLVPMVATV,3
21415,CASSDRLENNEKLFF,NLVPMVATV,3
21416,CASTRESTDTQYF,NLVPMVATV,3
21417,CASSLGGTGWTEAFF,NLVPMVATV,3
21418,CASSFKDTNTGELFF,NLVPMVATV,3
21419,CASSLGAANYNEQFF,NLVPMVATV,3
21420,CATSEGNEQFF,NLVPMVATV,3
21421,CASSSRTGDQETQYF,NLVPMVATV,3
21422,CASSLWLNEQFF,NLVPMVATV,3
21423,CASSPKTGASYGYTF,NLVPMVATV,3
21424,CASSFVSFDEQFF,NLVPMVATV,3
21425,CASSSAYYGYTF,NLVPMVATV,3
21426,CASSADSYGANVLTF,NLVPMVATV,3
21427,CSVDPGHTGEKLFF,NLVPMVATV,3
21428,CASSLVGGRHGYTF,NLVPMVATV,3
21429,CASSHDPTWGPGNTIYF,NLVPMVATV,3
21430,CASSFGQGSSPLHF,NLVPMVATV,3
21431,CASSLETVNTEAFF,NLVPMVATV,3
21432,CASSSFYDSNEKLFF,NLVPMVATV,3
21433,CASSLASPGHFTGELFF,NLVPMVATV,3
21434,CASRRQGTVYEQYF,NLVPMVATV,3
21435,CASRIELPGAGELFF,NLVPMVATV,3
21436,CASSLGFLGPAAGNTIYF,NLVPMVATV,3
21437,CSARDHGGDYGYTF,NLVPMVATV,3
21438,CASSLEVTGLNTEAFF,NLVPMVATV,3
21439,CASSDSGEAGELFF,NLVPMVATV,3
21440,CSGGQDYNEQFF,NLVPMVATV,3
21441,CASSEDSGGYNEQFF,NLVPMVATV,3
21442,CASSDSTSGGNEQFF,NLVPMVATV,3
21443,CSARDMASGRNEQYF,NLVPMVATV,3
21444,CASSPGGGMNTEAFF,NLVPMVATV,3
21445,CASSFDPGSYGYTF,NLVPMVATV,3
21446,CASSPASGSLFF,NLVPMVATV,3
21447,CASSEGLGGALYGYTF,NLVPMVATV,3
21448,CASSPDYDQETQYF,NLVPMVATV,3
21449,CASTHGTSGEDTQYF,NLVPMVATV,3
21450,CASLPTGTNTGELFF,NLVPMVATV,3
21451,CASSLQGASGYTF,NLVPMVATV,3
21452,CASTGGGALGTEAFF,NLVPMVATV,3
21453,CASSSAYYGYTF,NLVPMVATV,3
21454,CASSIVAGGYNEQFF,NLVPMVATV,3
21455,CASSRDRTGRANYGYTF,NLVPMVATV,3
21456,CASSPRTSFETQYF,NLVPMVATV,3
21457,CASSPGTFRYTF,NLVPMVATV,3
21458,CASSPTDRGNTGELFF,NLVPMVATV,3
21459,CASSGRGFLNYGYTF,NLVPMVATV,3
21460,CASSLVGTGELFF,NLVPMVATV,3
21461,CASSHGAAAGETEAFF,NLVPMVATV,3
21462,CASGSGLAGNEQFF,NLVPMVATV,3
21463,CASSQVAGGAGGPREYNEQFF,NLVPMVATV,3
21464,CASSVGLGFTDTQYF,NLVPMVATV,3
21465,CASSEARQGLDTEAFF,NLVPMVATV,3
21466,CASSLFAGAETQYF,NLVPMVATV,3
21467,CASRKLAGPTDTQYF,NLVPMVATV,3
21468,CATSATGLRNQPQHF,NLVPMVATV,3
21469,CASSLESWGRAYNEQFF,NLVPMVATV,3
21470,CASLAGVRTDTQYF,NLVPMVATV,3
21471,CASSNFLGQGDEKLFF,NLVPMVATV,3
21472,CASSEPIGTGGNQPQHF,NLVPMVATV,3
21473,CASRQENSGNTIYF,NLVPMVATV,3
21474,CASSSQGWGRVYSEQFF,NLVPMVATV,3
21475,CSATPSGYGYTF,NLVPMVATV,3
21476,CASSVEVGTGDNEQFF,NLVPMVATV,3
21477,CASSIQKAGYNEQFF,NLVPMVATV,3
21478,CAAGTRTDTQYF,NLVPMVATV,3
21479,CASSVDSGSTNEQFF,NLVPMVATV,3
21480,CASSLGTGELFF,NLVPMVATV,3
21481,CASSLSGVPHNNEQFF,NLVPMVATV,3
21482,CASSQTRTSGRVDPDTQYF,NLVPMVATV,3
21483,CASRRPGGDTEAFF,NLVPMVATV,3
21484,CASSLNSGLYNEQFF,NLVPMVATV,3
21485,CASSLNGRADTQYF,NLVPMVATV,3
21486,CASSRQESYGYTF,NLVPMVATV,3
21487,CAISEQEDQPQHF,NLVPMVATV,3
21488,CASSVEGQGDTEAFF,NLVPMVATV,3
21489,CASSPLRGVYYNEQFF,NLVPMVATV,3
21490,CASTPYRRGPHLYGYTF,NLVPMVATV,3
21491,CASSLVVMGTGFTDTQYF,NLVPMVATV,3
21492,CASSLAQQGLAEAFF,NLVPMVATV,3
21493,CASSPSTGTIYGYTF,NLVPMVATV,3
21494,CAISESRSRVTDTQYF,NLVPMVATV,3
21495,CASSPSDYGYTF,NLVPMVATV,3
21496,CAISEYPPTGRKADTQYF,NLVPMVATV,3
21497,CASSQVGTVYGYTF,NLVPMVATV,3
21498,CSAADRGLGETQYF,NLVPMVATV,3
21499,CASRGTGGGSGQPQHF,NLVPMVATV,3
21500,CASSYDRGPREGYTF,NLVPMVATV,3
21501,CASSTRSTGELFF,NLVPMVATV,3
21502,CASSLRGQGFYEQFF,NLVPMVATV,3
21503,CSGDRSSDTQYF,NLVPMVATV,3
21504,CASSPSWGEVNTEAFF,NLVPMVATV,3
21505,CASSPGYGSSGNTIYF,NLVPMVATV,3
21506,CASSPPGLPGYTF,NLVPMVATV,3
21507,CASSPGQLQETQYF,NLVPMVATV,3
21508,CASSSGLAGVETGELFF,NLVPMVATV,3
21509,CASSLQVWNEQFF,NLVPMVATV,3
21510,CASSLQGIGAKNIQYF,NLVPMVATV,3
21511,CASSFQGYTEAFF,NLVPMVATV,3
21512,CASSSGGLSEQYF,NLVPMVATV,3
21513,CSARGADTQYF,NLVPMVATV,3
21514,CASSSGGLSEQYF,NLVPMVATV,3
21515,CASSLELAAWETQYF,NLVPMVATV,3
21516,CSARDLRLLANTGELFF,NLVPMVATV,3
21517,CASSTGSYGYTF,NLVPMVATV,3
21518,CASSSGIYGYTF,NLVPMVATV,3
21519,CASSLAGFTGELFF,NLVPMVATV,3
21520,CASSPTLVTSGNTIYF,NLVPMVATV,3
21521,CASSEGYIYEQYF,NLVPMVATV,3
21522,CASSYASNQPQHF,NLVPMVATV,3
21523,CAISVSGTRVYNEQFF,NLVPMVATV,3
21524,CASSLGQGNSPLHF,NLVPMVATV,3
21525,CASSLKAGNQPQHF,NLVPMVATV,3
21526,CASSVGTLYSGANVLTF,NLVPMVATV,3
21527,CASSLLGGAGTGELFF,NLVPMVATV,3
21528,CSVEGDTGELFF,NLVPMVATV,3
21529,CASSQGLAGEVYTGELFF,NLVPMVATV,3
21530,CASSLDRPSGMAAETQYF,NLVPMVATV,3
21531,CASSINRDLLNGYTF,NLVPMVATV,3
21532,CASSYWDRTTSGNTIYF,NLVPMVATV,3
21533,CASSHTSGNGDTQYF,NLVPMVATV,3
21534,CASSDSRANTGELFF,NLVPMVATV,3
21535,CSARLPRDYSNQPQHF,NLVPMVATV,3
21536,CASSLAEKANTGELFF,NLVPMVATV,3
21537,CSILGSNAGPQETQYF,NLVPMVATV,3
21538,CAIDRVGTGELFF,NLVPMVATV,3
21539,CASTGSVSTDTQYF,NLVPMVATV,3
21540,CASSRGHPLQFF,NLVPMVATV,3
21541,CASSISAGVGVGQETQYF,NLVPMVATV,3
21542,CASSLVGGPSVQFF,NLVPMVATV,3
21543,CATSDSAGYNEQFF,NLVPMVATV,3
21544,CASSVTGTEADEQFF,NLVPMVATV,3
21545,CASSPPGTSGGRNEQFF,NLVPMVATV,3
21546,CASSDRLENNEKLFF,NLVPMVATV,3
21547,CASTRESTDTQYF,NLVPMVATV,3
21548,CASSLGGTGWTEAFF,NLVPMVATV,3
21549,CASSFKDTNTGELFF,NLVPMVATV,3
21550,CASSLGAANYNEQFF,NLVPMVATV,3
21551,CATSEGNEQFF,NLVPMVATV,3
21552,CASSSRTGDQETQYF,NLVPMVATV,3
21553,CASSLWLNEQFF,NLVPMVATV,3
21554,CASSPKTGASYGYTF,NLVPMVATV,3
21555,CASSFVSFDEQFF,NLVPMVATV,3
21556,CASSADSYGANVLTF,NLVPMVATV,3
21557,CASRRQGTVYEQYF,NLVPMVATV,3
21558,CASSLVGGRHGYTF,NLVPMVATV,3
21559,CASSLETVNTEAFF,NLVPMVATV,3
21560,CASSSFYDSNEKLFF,NLVPMVATV,3
21561,CASSPSTGTIYGYTF,NLVPMVATV,3
21562,CSVDPGHTGEKLFF,NLVPMVATV,3
21563,CASSSVNVAFF,NLVPMVATV,3
21564,CASSDPGVDRNTEAFF,NLVPMVATV,3
21565,CASSHGTGYNQPQHF,NLVPMVATV,3
21566,CASSLEIQGSGAFF,NLVPMVATV,3
21567,CASSDGIGQGASGYTF,NLVPMVATV,3
21568,CASSARGGGNNEQFF,NLVPMVATV,3
21569,CASSYSGTNQPQHF,NLVPMVATV,3
21570,CASSYSGTGDYGYTF,NLVPMVATV,3
21571,CASSPVGGDYGYTF,NLVPMVATV,3
21572,CASSLDLYGYTF,NLVPMVATV,3
21573,CSARDRGGENTGELFF,NLVPMVATV,3
21574,CASSFQGIRVEAFF,NLVPMVATV,3
21575,CASSPPGRGNTGELFF,NLVPMVATV,3
21576,CASSFGQRDRGYWRNTEAFF,NLVPMVATV,3
21577,CASGFTGGRNTEAFF,NLVPMVATV,3
21578,CASSIVAGAGAGELFF,NLVPMVATV,3
21579,CATSDLLAGGKTGELFF,NLVPMVATV,3
21580,CASSATGSNTGELFF,NLVPMVATV,3
21581,CASSMGTVYLNTEAFF,NLVPMVATV,3
21582,CASSLLGVSYYNEQFF,NLVPMVATV,3
21583,CASSTRGGGDAKNIQYF,NLVPMVATV,3
21584,CAWVPGTGGRAAFF,NLVPMVATV,3
21585,CASSVVGYLGYTF,NLVPMVATV,3
21586,CASSRGQGPGQETQYF,NLVPMVATV,3
21587,CASSQAPSMEPNEQFF,NLVPMVATV,3
21588,CASSLRGQGFYEQFF,NLVPMVATV,3
21589,CASSHQTGELFF,NLVPMVATV,3
21590,CASSPKTGASYGYTF,NLVPMVATV,3
21591,CASSYNEQFF,NLVPMVATV,3
21592,CASSIDAGSNYEQYF,NLVPMVATV,3
21593,CASSYTVQPYNEQFF,NLVPMVATV,3
21594,CATSDLRRTDTQYF,NLVPMVATV,3
21595,CASSFQGYTEAFF,NLVPMVATV,3
21596,CASSRDSNSNQPQHF,NLVPMVATV,3
21597,CASSHERDRDTGELFF,NLVPMVATV,3
21598,CASSSAFYGYTF,NLVPMVATV,3
21599,CASSSAYYGYTF,NLVPMVATV,3
21600,CASSLAYILGLGDEQFF,NLVPMVATV,3
21601,CASSDALQETQYF,NLVPMVATV,3
21602,CASSLASRVGSPLHF,NLVPMVATV,3
21603,CASSLSAVHGYTF,NLVPMVATV,3
21604,CASSLKIGEQFF,NLVPMVATV,3
21605,CASSLAGDYEQYF,NLVPMVATV,3
21606,CASSELAGGGDTQYF,NLVPMVATV,3
21607,CASSQQETYEQYF,NLVPMVATV,3
21608,CSVVDYGYTF,NLVPMVATV,3
21609,CSVAGQGDDHTDTQYF,NLVPMVATV,3
21610,CASSYWDRTTSGNTIYF,NLVPMVATV,3
21611,CSAPFPGQGDYGYTF,NLVPMVATV,3
21612,CASSPSREGYTF,NLVPMVATV,3
21613,CASSFQGYTEAFF,NLVPMVATV,3
21614,CASSSGTSGSGSYNEQFF,NLVPMVATV,3
21615,CASSIVGGMNTEAFF,NLVPMVATV,3
21616,CASFSPRVYEQYF,NLVPMVATV,3
21617,CSVEEGSRAQYF,NLVPMVATV,3
22504,CASSEGLWQVGDEQYF,HMTEVVRHC,3
22505,CAISELVTGDSPLHF,HMTEVVRHC,3
22506,CASSIQQGADTQYF,HMTEVVRHC,3
22507,CASSLGEGRVDGYTF,GADGVGKSAL,3
22508,CASSDPGTEAFF,GADGVGKSAL,3
22509,CASSFGQSSTYGYTF,GADGVGKSAL,3
22510,CASSLGRASNQPQHF,GADGVGKSAL,3
22511,CASSLGQTNYGYTF,GADGVGKSAL,3
22551,CASSEGLWQVGDEQYF,HMTEVVRHC,3
22621,CASSQGFGANVLTF,AAFKRSCLK,3
22622,CASVSGQGVSPLHF,AAFKRSCLK,3
22623,CATSRDGAGLVNQPQHF,AAFKRSCLK,3
22624,CASSQDPGSSYNEQFF,AAFKRSCLK,3
22625,CASSLNPGRSDSPLHF,AAFKRSCLK,3
22626,CASSPNPQGANMDTQYF,RSGGFSFGK,3
22768,CASSQRQEGDTQYF,APRGPHGGAASGL,3
22770,CASSGGHTGSNEQFF,APRGPHGGAASGL,3
22859,CASSFIGGTDTQYF,YLEPGPVTA,3
28257,CASSPEETQYF,TAAQAAVVRFQEAAN,3
29408,CASSPHPGTSGGASYNEQFF,HPNGYKSLSTL,3
29409,CASSPHPGTSGGASYNEQFF,HPNGYKSLSTL,3
29410,CASSLMTNQPQHF,HPNGYKSLSTL,3
29411,CASSPHPGTSGGASYNEQFF,HPNGYKSLSTL,3
29412,CASSLYGSVQNEQFF,HPNGYKSLSTL,3
29413,CASSVATSGGSQQFF,HPNGYKSLSTL,3
29414,CASSLYGADTQYF,HPNGYKSLSTL,3
29415,CASSLWKGAGYTF,RPIIRPATL,3
29416,CASSYRGLSGELFF,HPNGYKSLSTL,3
29417,CASSQEVETQYF,HPNGYKSLSTL,3
29418,CASSYRGLSGELFF,HPNGYKSLSTL,3
29419,CASSIVRGQRETKNIQYF,HPNGYKSLSTL,3
29420,CASSPHPGTSGGASYNEQFF,HPNGYKSLSTL,3
29421,CASSLYGSVQNEQFF,HPNGYKSLSTL,3
29422,CASSFDRGTGNTIYF,RPIIRPATL,3
29423,CASSVATSGGSQQFF,HPNGYKSLSTL,3
29424,CASSQEVETQYF,HPNGYKSLSTL,3
29425,CASSHRTGGETQYF,HPNGYKSLSTL,3
29426,CASSPHPGTSGGASYNEQFF,HPNGYKSLSTL,3
29427,CASSTILGPGANVLTF,HPNGYKSLSTL,3
29428,CASSEETGNQPQHF,RPIIRPATL,3
29429,CASSLAGTGGRFSYEQYF,RPIIRPATL,3
29430,CASSFDRGTGNTIYF,RPIIRPATL,3
29431,CASRIWDGGASTDTQYF,RPIIRPATL,3
29432,CASSFDRGTGNTIYF,RPIIRPATL,3
29433,CASSFDRGTGNTIYF,RPIIRPATL,3
29434,CASSFDRGTGNTIYF,RPIIRPATL,3
29435,CASSEETGNQPQHF,RPIIRPATL,3
29436,CASSYYRLAGELFF,RPIIRPATL,3
29437,CASSFDRGTGNTIYF,RPIIRPATL,3
29438,CASSEETGNQPQHF,RPIIRPATL,3
29439,CASNGQGDTEAFF,HPNGYKSLSTL,3
29440,CASSLGVEELFF,HPNGYKSLSTL,3
29441,CASSVEAGPNEQYF,RPIIRPATL,3
29442,CASSSLPGGGVDTQYF,RPIIRPATL,3
29443,CASSLWQGGQPQHF,RPIIRPATL,3
29444,CASSQERGDNTKNTQYF,HPNGYKSLSTL,3
29445,CASSLGVEELFF,HPNGYKSLSTL,3
29446,CASSPGSTEAFF,HPNGYKSLSTL,3
29447,CASSVFGVQRGFGTDTQYF,RPIIRPATL,3
29448,CASNGQGDTEAFF,HPNGYKSLSTL,3
29449,CASSLIGEETQYF,RPIIRPATL,3
29450,CASSLPGTAYEQYF,HPNGYKSLSTL,3
29451,CASSSRGSGGASSYEQYF,RPIIRPATL,3
29452,CARAFESGANVLTF,RPIIRPATL,3
29453,CASSPYGGPGNTIYF,RPIIRPATL,3
29454,CASSPYGGPGNTIYF,RPIIRPATL,3
29455,CASSESAGHKAFF,HPNGYKSLSTL,3
29456,CAISGQGASYEQYF,HPNGYKSLSTL,3
29457,CASSVEAGPNEQYF,RPIIRPATL,3
29458,CASNGQGDTEAFF,HPNGYKSLSTL,3
29459,CASSPYGGPGNTIYF,RPIIRPATL,3
29460,CASSPYGGPGNTIYF,RPIIRPATL,3
29461,CASSPYGGPGNTIYF,RPIIRPATL,3
29462,CASSPYGGPGNTIYF,RPIIRPATL,3
29463,CASSPGSTEAFF,HPNGYKSLSTL,3
29464,CASSQDRDRGPDEKLFF,HPNGYKSLSTL,3
29465,CASRGGRVAGADTEAFF,HPNGYKSLSTL,3
29466,CASSQSSGGGRSEAFF,RPIIRPATL,3
29467,CASSQSSGGGRSEAFF,RPIIRPATL,3
29468,CASSTWSQNTGELFF,RPIIRPATL,3
29469,CASSQSSGGGRSEAFF,RPIIRPATL,3
29470,CASSLGREETQYF,RPIIRPATL,3
29471,CASSRDLNEQFF,HPNGYKSLSTL,3
29472,CASSTGQGEGLYSNQPQHF,RPIIRPATL,3
29473,CASSPREGGETQYF,HPNGYKSLSTL,3
29474,CASSQPSQGGRLEQYF,RPIIRPATL,3
29475,CASSPREGGETQYF,HPNGYKSLSTL,3
29476,CASSQPSQGGRLEQYF,RPIIRPATL,3
29477,CASSQSSGGGRSEAFF,RPIIRPATL,3
29478,CASSVAGLGGNTIYF,HPNGYKSLSTL,3
29479,CASSQSSGGGRSEAFF,RPIIRPATL,3
29480,CASSQERDRRAVEKLFF,HPNGYKSLSTL,3
29481,CASSDGGSPQFF,HPNGYKSLSTL,3
29482,CASSPREGGETQYF,HPNGYKSLSTL,3
29483,CASSPREGGETQYF,HPNGYKSLSTL,3
29484,CSAKRNRAYHYGYTF,HPNGYKSLSTL,3
29485,CASSPREGGETQYF,HPNGYKSLSTL,3
29486,CSAKRNRAYHYGYTF,HPNGYKSLSTL,3
29487,CASSFGTGEAFF,HPNGYKSLSTL,3
29488,CASSPAGQGGYEQYF,HPNGYKSLSTL,3
29489,CSAKRNRAYHYGYTF,HPNGYKSLSTL,3
29490,CASSPREGGETQYF,HPNGYKSLSTL,3
29491,CASSQDRGLAGGTYNEQFF,HPNGYKSLSTL,3
29492,CASSPREGGETQYF,HPNGYKSLSTL,3
29493,CASSFGTGEAFF,HPNGYKSLSTL,3
29494,CASSTLQGADQPQHF,HPNGYKSLSTL,3
29495,CASSPREGGETQYF,HPNGYKSLSTL,3
29496,CASSDRDVTGELFF,RPIIRPATL,3
29497,CASSLDSSSGNTIYF,HPNGYKSLSTL,3
29498,CASSLYRGSNQPQHF,HPNGYKSLSTL,3
29499,CASSLMGNTEAFF,HPNGYKSLSTL,3
29500,CASRGLQGRIDYNEQFF,HPNGYKSLSTL,3
29501,CASSLYPGANTEAFF,HPNGYKSLSTL,3
29502,CASSLYGAGNSPLHF,HPNGYKSLSTL,3
29503,CASRIYAGSPYEQYF,HPNGYKSLSTL,3
29504,CASSPREAGGISGYTF,RPIIRPATL,3
29505,CASNPAGGAGLGYGYTF,HPNGYKSLSTL,3
29506,CASSLDSSGGNEQYF,HPNGYKSLSTL,3
29507,CASRARVLDEQFF,HPNGYKSLSTL,3
29508,CASRGLQGRIDYNEQFF,HPNGYKSLSTL,3
29509,CASSESGAGELFF,HPNGYKSLSTL,3
29510,CASSLGALGETQYF,HPNGYKSLSTL,3
29511,CASSLAGAGNEQFF,HPNGYKSLSTL,3
29512,CASRGLQGRIDYNEQFF,HPNGYKSLSTL,3
29513,CASSVGGAQPQHF,HPNGYKSLSTL,3
29514,CSARDSGLSHGEQFF,HPNGYKSLSTL,3
29515,CASRIYAGSPYEQYF,HPNGYKSLSTL,3
29516,CASRLMPGSTYEQYF,HPNGYKSLSTL,3
29517,CASRIYAGSPYEQYF,HPNGYKSLSTL,3
29518,CASRGLQGRIDYNEQFF,HPNGYKSLSTL,3
29519,CASSSPPSGGGYEQFF,RPIIRPATL,3
29520,CASSDRDVTGELFF,RPIIRPATL,3
29521,CASRQEGRPMNTEAFF,RPIIRPATL,3
29522,CASRQEGRPMNTEAFF,RPIIRPATL,3
29523,CASRENRASNTEAFF,RPIIRPATL,3
29524,CASSARSTGGFGANVLTF,RPIIRPATL,3
29525,CASSDRDRGGNQPQHF,RPIIRPATL,3
29526,CASSGRDRDLVEQYF,RPIIRPATL,3
29527,CASSPRGRGGREDTQYF,RPIIRPATL,3
29528,CASSTPSSYNEQFF,RPIIRPATL,3
29529,CASVQGGSGGRGSYEQYF,RPIIRPATL,3
29530,CASSDREGGPHEQYF,RPIIRPATL,3
29531,CASSDREGGPHEQYF,RPIIRPATL,3
29532,CASSDREGGPHEQYF,RPIIRPATL,3
29533,CASSSPPSGGGYEQFF,RPIIRPATL,3
29534,CASSSPPSGGGYEQFF,RPIIRPATL,3
29535,CASGAPGTPYNEQFF,HPNGYKSLSTL,3
29536,CASSQVVAFGDTQYF,RPIIRPATL,3
29537,CASSPGLPEYF,HPNGYKSLSTL,3
29538,CASMARTSGDNEQFF,HPNGYKSLSTL,3
29539,CASSLMANQPQHF,HPNGYKSLSTL,3
29540,CSAPGGGGTSYEQYF,HPNGYKSLSTL,3
29541,CSANPRDESYNEQFF,HPNGYKSLSTL,3
29542,CASATSGTYYEQYF,HPNGYKSLSTL,3
29543,CASSLPAGQETQYF,HPNGYKSLSTL,3
29544,CASSQIRETGSPLHF,HPNGYKSLSTL,3
29545,CASSDRGMNTEAFF,HPNGYKSLSTL,3
29546,CASSLRQALRNEQFF,RPIIRPATL,3
29547,CASSQEGGGETQYF,HPNGYKSLSTL,3
29548,CASSLYSNQPQHF,HPNGYKSLSTL,3
29549,CASSFFGNQPQHF,HPNGYKSLSTL,3
29550,CASATSGTYYEQYF,HPNGYKSLSTL,3
29551,CASGQGALADTQYF,HPNGYKSLSTL,3
29552,CASSIYPGQLYNSPLHF,RPIIRPATL,3
29553,CASSGRGSYNEQFF,HPNGYKSLSTL,3
29554,CASSVDSGLGYGYTF,HPNGYKSLSTL,3
29555,CASSQDRHTEAFF,HPNGYKSLSTL,3
29556,CASSLGHGRSSYEQYF,HPNGYKSLSTL,3
29557,CASSLDRVSVNTEAFF,HPNGYKSLSTL,3
29558,CASLEGYAAGELFF,HPNGYKSLSTL,3
29559,CASSQWGGQPQHF,RPIIRPATL,3
29560,CASSDNRVWTEAFF,RPIIRPATL,3
29561,CASSPGEGMLVSEAFF,RPIIRPATL,3
29562,CASSGVGSGRPNSYNEQFF,RPIIRPATL,3
29563,CASSLAGTSGYTYEQYF,RPIIRPATL,3
29564,CASSIYPGQLYNSPLHF,RPIIRPATL,3
29565,CASSIYPGQLYNSPLHF,RPIIRPATL,3
29566,CASILGTSGREPYEQYF,RPIIRPATL,3
29567,CASSLMGNTEAFF,HPNGYKSLSTL,3
29568,CAISESGTGFEQYF,HPNGYKSLSTL,3
29569,CASSQYSNQPQHF,HPNGYKSLSTL,3
29570,CASSQYSNQPQHF,HPNGYKSLSTL,3
29571,CASSQYSNQPQHF,HPNGYKSLSTL,3
29572,CASSQYSNQPQHF,HPNGYKSLSTL,3
29573,CASSLSRGWTEAFF,HPNGYKSLSTL,3
29574,CASSQYSNQPQHF,HPNGYKSLSTL,3
29575,CASSLMGNTEAFF,HPNGYKSLSTL,3
29576,CASSQERKAGGPTEAFF,HPNGYKSLSTL,3
29577,CASSLYGGQPQHF,HPNGYKSLSTL,3
29578,CASSLYRGIGLFF,RPIIRPATL,3
29579,CAGRGRPNEKLFF,RPIIRPATL,3
29580,CASSQYSNQPQHF,HPNGYKSLSTL,3
29581,CASSQYSNQPQHF,HPNGYKSLSTL,3
29582,CASSQYSNQPQHF,HPNGYKSLSTL,3
29583,CASSQYSNQPQHF,HPNGYKSLSTL,3
29584,CASSQDFGRTQYF,HPNGYKSLSTL,3
29585,CASSLMGNTEAFF,HPNGYKSLSTL,3
29586,CASSLLTDTQYF,HPNGYKSLSTL,3
29587,CASSQYSNQPQHF,HPNGYKSLSTL,3
29588,CASSVEGGGAQETQYF,RPIIRPATL,3
29589,CASSLSRGWTEAFF,HPNGYKSLSTL,3
29590,CASSLYGPGGVGQPQHF,HPNGYKSLSTL,3
29591,CASILGTSGREPYEQYF,RPIIRPATL,3
29592,CASSLYGSSYNEQFF,HPNGYKSLSTL,3
29593,CASSQYSNQPQHF,HPNGYKSLSTL,3
29594,CASSSQGAAGELFF,HPNGYKSLSTL,3
29595,CASSQYSNQPQHF,HPNGYKSLSTL,3
29596,CASSQLEQGGETQYF,HPNGYKSLSTL,3
29597,CASSPGSSGRLGEQFF,HPNGYKSLSTL,3
29598,CAGRGRPNEKLFF,RPIIRPATL,3
29599,CASSLREMGGKAEAFF,RPIIRPATL,3
29600,CASSLYGNQPQHF,HPNGYKSLSTL,3
29601,CASTPRGRGLVYGYTF,HPNGYKSLSTL,3
29602,CASSQYSNQPQHF,HPNGYKSLSTL,3
29603,CASSLYGNQPQHF,HPNGYKSLSTL,3
29604,CSAVGLAGVRSYEQYF,RPIIRPATL,3
29605,CASSMIPDMNTEAFF,RPIIRPATL,3
29606,CASSMIPDMNTEAFF,RPIIRPATL,3
29607,CASSLAREYSPLHF,RPIIRPATL,3
29608,CASTAQGFSNQPQHF,RPIIRPATL,3
29609,CASSLGDRGRGYGYTF,QMMVKAGL,3
29610,CASRGLSNTGELFF,RPIIRPATL,3
29611,CASSPSQTSGGRTDTQYF,QMMVKAGL,3
29612,CASSPHQEVTEAFF,RPIIRPATL,3
29613,CASSTIGPYGELFF,RPIIRPATL,3
29614,CASSNYPGGARTDTQYF,QMMVKAGL,3
29615,CSAGTGSANTEAFF,RPIIRPATL,3
29616,CASSPPARDRDHEQYF,QMMVKAGL,3
29617,CASSPSQTSGGRTDTQYF,QMMVKAGL,3
29618,CASSPPRNMEPSYEQYF,QMMVKAGL,3
29619,CASSPPRNMEPSYEQYF,QMMVKAGL,3
29620,CASSSSGSSYNEQFF,RPIIRPATL,3
29621,CASSMIPDMNTEAFF,RPIIRPATL,3
29622,CAIANRGTEAFF,RPIIRPATL,3
29623,CASSMIPDMNTEAFF,RPIIRPATL,3
29624,CSARRSDRVNTEAFF,RPIIRPATL,3
29625,CASSIIPDMNTEAFF,RPIIRPATL,3
29626,CASSSRDRGLGTEAFF,QMMVKAGL,3
29627,CASSMIPDMNTEAFF,RPIIRPATL,3
29628,CASSPPARDRDHEQYF,QMMVKAGL,3
29629,CASSMIPDMNTEAFF,RPIIRPATL,3
29630,CASSHLDRGKKDYEQYF,QMMVKAGL,3
29631,CASSPPRNMEPSYEQYF,QMMVKAGL,3
29632,CASSMIPDMNTEAFF,RPIIRPATL,3
29633,CASSNYPGGARTDTQYF,QMMVKAGL,3
29634,CASSPSGTGANEQFF,RPIIRPATL,3
29635,CASSLNFVGLNQPQHF,RPIIRPATL,3
29636,CASSHRDRGISGANVLTF,QMMVKAGL,3
29637,CASSMIPDMNTEAFF,RPIIRPATL,3
29638,CASSNYPGGARTDTQYF,QMMVKAGL,3
29639,CASSMIPDMNTEAFF,RPIIRPATL,3
29640,CASSHRDRGISGANVLTF,QMMVKAGL,3
29641,CASSMVPDMNTEAFF,RPIIRPATL,3
29642,CSAEGLAGGKNTGELFF,RPIIRPATL,3
29643,CASSGRTGNTEAFF,RPIIRPATL,3
29644,CASSSSYEQYF,RPIIRPATL,3
29645,CASSVSRDRNGELFF,RPIIRPATL,3
29646,CASSQNSVGSYNEQFF,RPIIRPATL,3
29647,CASSFARTRWEQYF,RPIIRPATL,3
29648,CASTEPRGTEAFF,QMMVKAGL,3
29649,CASRMTGGKTNEKLFF,QMMVKAGL,3
29650,CASSVEIAGRYNEQFF,QMMVKAGL,3
29651,CASRMTGGKTNEKLFF,QMMVKAGL,3
29652,CASSQDPPGRLGKLFF,QMMVKAGL,3
29653,CASSPGDRGKTNEQFF,QMMVKAGL,3
29654,CASRMTGGKTNEKLFF,QMMVKAGL,3
29655,CASRMTGGKTNEKLFF,QMMVKAGL,3
29656,CASSQGQGIADTQYF,RPIIRPATL,3
29657,CASSLGQGKSSYEQYF,QMMVKAGL,3
29658,CASSPRDRARGDEQYF,QMMVKAGL,3
29659,CASRMTGGKTNEKLFF,QMMVKAGL,3
29660,CSARPRRSAGELFF,RPIIRPATL,3
29661,CASRMTGGKTNEKLFF,QMMVKAGL,3
29662,CSVWVGREQETQYF,QMMVKAGL,3
29663,CASSSSPRGDTQYF,QMMVKAGL,3
29664,CASSLGTLQPQHF,RPIIRPATL,3
29665,CASNPSAGTLYNEQFF,RPIIRPATL,3
29666,CASSLEGRREGETQYF,QMMVKAGL,3
29667,CASSQDSGRGELFF,QMMVKAGL,3
29668,CASSFLFRDGTYEQYF,QMMVKAGL,3
29669,CASTSRAGFNEQFF,QMMVKAGL,3
29670,CASSYSKMTAYNSPLHF,RPIIRPATL,3
29671,CSANPEGPYEQYF,QMMVKAGL,3
29672,CASRMTGGKTNEKLFF,QMMVKAGL,3
29673,CASSVGGISPLHF,RPIIRPATL,3
29674,CASRMTGGKTNEKLFF,QMMVKAGL,3
29675,CASSPPRSEAFF,QMMVKAGL,3
29676,CASSPGQGVYEQYF,RPIIRPATL,3
29677,CASRMTGGKTNEKLFF,QMMVKAGL,3
29678,CASSPSRVLYEQYF,QMMVKAGL,3
29679,CASRMTGGKTNEKLFF,QMMVKAGL,3
29680,CASSPTSGSVYEQFF,RPIIRPATL,3
29681,CASSFRQGEAFF,QMMVKAGL,3
29682,CSARDPAPEETQYF,RPIIRPATL,3
29683,CASSQARDPQGILHF,RPIIRPATL,3
29684,CASKRNTGELFF,RPIIRPATL,3
29685,CASSFFGAQQVDGYTF,RPIIRPATL,3
29686,CASSRSLTDTQYF,RPIIRPATL,3
29687,CASTVNRGSEGYTF,QMMVKAGL,3
29688,CASGLLTSGSINEQFF,QMMVKAGL,3
29689,CASSTRRNTEAFF,QMMVKAGL,3
29690,CASSYRSSYEQYF,QMMVKAGL,3
29691,CASSPGGVYGYTF,RPIIRPATL,3
29692,CASSASAEFSSYEQYF,RPIIRPATL,3
29693,CSVEGLGRAVTQYF,QMMVKAGL,3
29694,CASSPSELAGGRLDTQYF,QMMVKAGL,3
29695,CASSIIPDMNTEAFF,RPIIRPATL,3
29696,CASAPRRDRGTDTQYF,QMMVKAGL,3
29697,CASSPSELAGGRLDTQYF,QMMVKAGL,3
29698,CSVVQGAECTF,RPIIRPATL,3
29699,CASAPRRDRGTDTQYF,QMMVKAGL,3
29700,CASSQARDRGNGYTF,RPIIRPATL,3
29701,CSVVQGAECTF,RPIIRPATL,3
29702,CASSQWGRPQETQYF,QMMVKAGL,3
29703,CASSSIPDFNTEAFF,RPIIRPATL,3
29704,CASSNIPDMNTEAFF,RPIIRPATL,3
29705,CASSIGQGKSSYEQYF,QMMVKAGL,3
29706,CSVVQGAECTF,RPIIRPATL,3
29707,CASSVDPTGGGRQETQYF,QMMVKAGL,3
29708,CSVVQGAECTF,RPIIRPATL,3
29709,CSVVQGAECTF,RPIIRPATL,3
29710,CASSLVGGEQYF,RPIIRPATL,3
29711,CSVVQGAECTF,RPIIRPATL,3
29712,CASSSPRVAGRPDTQYF,QMMVKAGL,3
29713,CASSLVGGEQYF,RPIIRPATL,3
29714,CASSQWGRPQETQYF,QMMVKAGL,3
29715,CASSLVGGEQYF,RPIIRPATL,3
29716,CSVVQGAECTF,RPIIRPATL,3
29717,CASSSIPDFNTEAFF,RPIIRPATL,3
29718,CSVVQGAECTF,RPIIRPATL,3
29719,CASSLVGGEQYF,RPIIRPATL,3
29720,CSVVQGAECTF,RPIIRPATL,3
29721,CSVVQGAECTF,RPIIRPATL,3
29722,CASSPSELAGGRLDTQYF,QMMVKAGL,3
29723,CASSIIPDMNTEAFF,RPIIRPATL,3
29724,CASSQWGRPQETQYF,QMMVKAGL,3
29725,CSVVQGAECTF,RPIIRPATL,3
29726,CASAPRRDRGTDTQYF,QMMVKAGL,3
29727,CASSLVGGEQYF,RPIIRPATL,3
29728,CASSLVGGEQYF,RPIIRPATL,3
29729,CASSVRYEQYF,QMMVKAGL,3
29730,CASSLSRLAGDYTGELFF,QMMVKAGL,3
29731,CASSMIPDMNTEAFF,RPIIRPATL,3
29732,CASAPRRDRGTDTQYF,QMMVKAGL,3
29733,CASSIGQGKSSYEQYF,QMMVKAGL,3
29734,CASSQWGRPQETQYF,QMMVKAGL,3
29735,CASSSIAGRGEKLFF,QMMVKAGL,3
29736,CASSNVPDMNTEAFF,RPIIRPATL,3
29737,CASAPRRDRGTDTQYF,QMMVKAGL,3
29738,CASSPSELAGGRLDTQYF,QMMVKAGL,3
29739,CASSQWGRPQETQYF,QMMVKAGL,3
29740,CASSMVPDMNTEAFF,RPIIRPATL,3
29741,CASSLIGNEQFF,RPIIRPATL,3
29742,CSARDRYNEQFF,QMMVKAGL,3
29743,CASSLVGATAFF,RPIIRPATL,3
29744,CASSLVGGEQYF,RPIIRPATL,3
29745,CATSTVPDYNSPLHF,RPIIRPATL,3
29746,CASSMIPDMNTEAFF,RPIIRPATL,3
29747,CASSMIPDMNTEAFF,QMMVKAGL,3
29748,CASSMIPDMNTEAFF,RPIIRPATL,3
29749,CASSMVPDMNTEAFF,RPIIRPATL,3
29750,CASGRIAGELFF,RPIIRPATL,3
29751,CASSMVPDMNTEAFF,RPIIRPATL,3
29752,CASSVIPDMNTEAFF,RPIIRPATL,3
29753,CASGRIAGELFF,RPIIRPATL,3
29754,CASSLIRTWDEQYF,QMMVKAGL,3
29755,CASSLIRTWDEQYF,QMMVKAGL,3
29756,CASSLIRTWDEQYF,QMMVKAGL,3
29757,CASSMIPDMNTEAFF,RPIIRPATL,3
29758,CASSMIPDMNTEAFF,RPIIRPATL,3
29759,CASSMVPDMNTEAFF,RPIIRPATL,3
29760,CASSMIPDMNTEAFF,RPIIRPATL,3
29761,CASTSVRDRLEKLFF,QMMVKAGL,3
29762,CASSPDRGYEQFF,QMMVKAGL,3
29763,CASGRIAGELFF,RPIIRPATL,3
29764,CASSMIPDMNTEAFF,RPIIRPATL,3
29765,CASSWGQGKSSYEQYF,QMMVKAGL,3
29766,CASSQARTAYEQYF,QMMVKAGL,3
29767,CASGRIAGELFF,RPIIRPATL,3
29768,CASGRIAGELFF,RPIIRPATL,3
29769,CASSGSSGGRTDTQYF,QMMVKAGL,3
29770,CASSLIRTWDEQYF,QMMVKAGL,3
29771,CASSLVGGEQYF,RPIIRPATL,3
29772,CASSLIRTWDEQYF,QMMVKAGL,3
29773,CASSLPPRNTEAFF,QMMVKAGL,3
29774,CASSWRTGNSGELFF,QMMVKAGL,3
29775,CASSLASGHRPTDTQYF,QMMVKAGL,3
29776,CASSPRREQGDTQYF,QMMVKAGL,3
29777,CASRAWGREGEKLFF,QMMVKAGL,3
29778,CASSWRTGNSGELFF,QMMVKAGL,3
29779,CSAREGVNTEAFF,QMMVKAGL,3
29780,CASSWRTGNSGELFF,QMMVKAGL,3
29781,CASSVERGRNTGELFF,QMMVKAGL,3
29782,CASSWRTGNSGELFF,QMMVKAGL,3
29783,CASSPRREQGDTQYF,QMMVKAGL,3
29784,CASSWRTGNSGELFF,QMMVKAGL,3
29785,CASSWRTGNSGELFF,QMMVKAGL,3
29786,CASSWRTGNSGELFF,QMMVKAGL,3
29787,CASSQAGQAGELFF,QMMVKAGL,3
29788,CASSLRLVAGRSYNEQFF,QMMVKAGL,3
30156,CASRPGLAGGRPEQYF,LLFGYPVYV,3
30157,CASSYPGGGFYEQYF,LLFGYPVYV,3
30158,CASGGQGRAEQFF,GNSHRGAIEWEGIESG,3
30159,CTCSADRVGNTLYF,INFDFNTI,3
30160,CASSSTGLPYGYTF,PKYVKQNTLKLAT,3
30161,CASGGGGTLYF,SIYRYYGL,3
30162,CASSSTGLPYGYTF,PKYVKQNTLKLAT,3
30163,CTCSAAPDWGASAETLYF,KVITFIDL,3
30164,CASSLGQAYEQYF,FLRGRAYGL,3
30165,CASGGGGTLYF,EQYKFYSV,3
30166,CTCSADRVGNTLYF,RGYVYQGL,3
30167,CASSSRSSYEQYF,GILGFVFTL,3
30168,CASRPGLAGGRPEQYF,LLFGYAVYV,3
30169,CASRPGLAGGRPEQYF,LLFGYPRYV,3
30170,CASRPGLAGGRPEQYF,LLFGYPVAV,3
30171,CASGDAGGGYEQYF,SRGGASQYRPSQ,3
30172,CASSLADRVNTEAFF,VHFFKNIVTPRTPG,3
30173,CASPGLAGEYEQYF,LPEPLPQGQLTAY,3
30174,CASSYVGNTGELFF,SLLMWITQV,3
30175,CASSYVGNTGELFF,SLLMWITQC,3
30176,CASGGGGTLYF,EQYKFYSV,3
30177,CASSQDRDTQYF,VMAPRTLIL,3
30178,CASSYVGNTGELFF,SLLMWITQC,3
30179,CASSYVGNTGELFF,SLLMWITQC,3
30180,CASRPGLAGGRPEQYF,LLFGKPVYV,3
30181,CASTYHGTGYF,GELIGILNAAKVPAD,3
30182,CASTYHGTGYF,GELIGTLNAAKVPAD,3
30183,CATGTGDSNQPQHF,EPLPQGQLTAY,3
30184,CTCSADRVGNTLYF,SQYYYNSL,3
30185,CASSYLGNTGELFF,SLLMWITQC,3
30186,CASSYLGNTGELFF,SLLMWITQC,3
30187,CASGDASGAETLYF,RGGASQYRPSQ,3
30188,CASSYLGNTGELFF,SLLMWITQC,3
30189,CASSSRSSYEQYF,GILGFVFTL,3
30190,CASSSRSSYEQYF,GILGFVFTL,3
30191,CASSSRASYEQYF,GILGFVFTL,3
30192,CASSSRSSYEQYF,PKYVKQNTLKLAT,3
30193,CASTGSYGYTF,KAFSPEVIPMF,3
30194,CASGDASGGNTLYF,RGGASQYRPSQ,3
30195,CASRPGLAGGRPEQYF,LLFGPVYV,3
30196,CASRPGLAGGRPEQYF,LLFGPVYV,3
30197,CASRYRDDSYNEQFF,EENLLDFVRF,3
30198,CASSFTWTSGGATDTQYF,FLRGRAYGL,3
30199,CASSPVTGGIYGYTF,NLVPMVATV,3
30200,CASRPGLAGGRPEQYF,MLWGYLQYV,3
30201,CAWSETGLGTGELFF,ELAGIGILTV,3
30202,CASSLGQAYEQYF,EEYLKAWTF,3
30203,CASSLGQAYEQYF,EEYLQAFTY,3
30204,CASPGLAGEYEQYF,LPEPLPQGQLTAY,3
30205,CASSWDRAGNTLYF,GAMKRHGLDNYRGYSLG,3
30206,CASSARSGELFF,HPVGEADYFEY,3
30207,CASSARSGELFF,HPVGEADYFEY,3
30208,CASSARSGELFF,HPVGEADYFEY,3
30209,CSARDGTGNGYTF,GLCTLVAML,3
30210,CASSFGREQYF,SSLENFRAYV,3
30211,CASRPGLAGGRPEQYF,LGYGFVNYI,3
30212,CASSLSFGTEAFF,ELAGIGILTV,3
30213,CASSLSFGTEAFF,AAGIGILTV,3
30214,CAISEVGVGQPQHF,ELAGIGILTV,3
30215,CAISEVGVGQPQHF,AAGIGILTV,3
30216,CASRPGLAGGRPEQYF,LLFGFPVYV,3
30217,CASSLNNANSDYTF,ADLIAYLKQATKG,3
30218,CASGDFWGDTLYF,WIYVYRPMGCGGS,3
30219,CASGQGNFDIQYF,FLRGRAYGL,3
30220,CASSLWEKLAKNIQYF,ALWGPDPAAA,3
30221,CASSLWEKLAKNIQYF,ALWGPDPAAA,3
30222,CASSPTSGIYEQYF,RFPLTFGWCF,3
30223,CASSSWDTGELFF,RYPLTFGWCF,3
30224,CASSSWDTGELFF,RYPLTLGWCF,3
30225,CASSSRSSYEQYF,PKYVKQNTLKLAT,3
30226,CASSQIRETQYF,GELIGILNAAKVPAD,3
30227,CASSFLGTGVEQYF,ALGIGILTV,3
30228,CASRPGLMSAQPEQYF,LLFGYPVYV,3
30229,CASREGLGGTEAFF,KRWIILGLNK,3
30230,CASREGLGGTEAFF,KRWIIMGLNK,3
30231,CASSVAVSAGTYEQYF,SGEGSFQPSQENP,3
30232,CAWSETGLGMGGWQF,ELAAIGILTV,3
30233,CAWSETGLGMGGWQF,ELAGIGALTV,3
30234,CAWSETGLGMGGWQF,ELAGIGILTV,3
30235,CASPGETEAFF,LPEPLPQGQLTAY,3
30236,CASSRTGSTYEQYF,LPEPLPQGQLTAY,3
30237,CASSWSFGTEAFF,ELAGIGILTV,3
30238,CASSLTGGGELFF,TAFTIPSI,3
30239,CASSYQGTEAFF,ILAKFLHWL,3
30240,CASSFRALAADTQYF,APQPELPYPQPGS,3
30241,CASSFRFTDTQYF,APQPELPYPQPGS,3
30242,CASSVRSTDTQYF,APQPELPYPQPG,3
30243,CSAGVGGQETQYF,QPFPQPELPYP,3
30244,CASSLNWSQDTQYF,PADPLAFFSSAIKGGGGSLV,3
30245,CASSLNNANSDYTF,ADGLAYFRSSFKGG,3
30246,CASSLNNANSDYTF,ANGVAFFLTPFKA,3
30247,CASSARSGELFF,HPVGDADYFEY,3
30248,CASSARSGELFF,HPVGEADYFEY,3
30249,CASSARSGELFF,HPVGQADYFEY,3
30250,CAWSETGLGTGELFF,EAAGIGILTV,3
30251,CASSLRGRGDQPQHF,HSKKKCDEL,3
30252,CASRPRRDNEQFF,QPLALEGSLQKRG,3
30253,CASRPRDPVTQYF,LQPLALEGSLQKRG,3
30254,CASSTTPGTGTETQYF,PSGEGSFQPSQENPQ,3
30255,CASSAGTSGEYEQYF,SGEGSFQPSQENP,3
30256,CASSEARRYNEQFF,PSGEGSFQPSQENPQ,3
30257,CASSQTQLWETQYF,NLVPMVATV,3
30258,CASSLAPGTTNEKLFF,NLVPMVATV,3
30259,CASGGGGTLYF,EQYKFYSV,3
30260,CASSDWVSYEQYF,ALWGFFPVL,3
30261,CSARDLTSGANNEQFF,ENPVVHFFKNIVTP,3
30262,CASGGGGTLYF,QLSPFPFDL,3
30263,CASSDWVSYEQYF,ALWGFFPVL,3
30264,CASSDWVSYEQYF,ALWGFFPVL,3
30265,CASGGGGTLYF,QLSPFPFDL,3
30266,CASSDWVSYEQYF,ALWGFFPVL,3
30267,CSARDLTSGANNEQFF,MDFARVHFISALHGSG,3
30268,CASIDSSGNTLYF,FEAQKAKANKAVDG,3
30269,CASGDFWGDTLYF,FEAQKAKANKAVD,3
30270,CASGDAWGYEQYF,FEAQKAKANKAV,3
30271,CASRPGLAGGRPEQYF,LLFGPVYV,3
30272,CASGGGGTLYF,QLSPFPFDL,3
30273,CASGGGGTLYF,QLSPFPFDL,3
30274,CWSFAGSYYVF,SLLMWITQV,3
30275,CWSFAGSYYVF,SLLMWITQV,3
30276,CAWSVSVGAGVPTIYF,RYPLTFGWCF,3
30277,CSARGGSYNSPLHF,FSWGAEGQRPGF,3
30278,CATSALGDTQYF,NPVVHFFKNIVTPR,3
30279,CASSLNWSQDTQYF,ADLIAYLKQATKG,3
30280,CASSLNNANSDYTF,ADLIAYLEQATKG,3
30281,CASGDFWGDTLYF,FEAQKAKANKAVD,3
30282,CSARGGSYNSPLHF,FSWGAEGQRPGFGSGG,3
30283,CASSDAPGQLYF,QLSDVPMDL,3
30284,CASSDAPGQLYF,SPLDSLWWI,3
30285,CASSDAPGQLYF,FLSPFWFDI,3
30286,CASSFLGTGVEQYF,EAAGIGILTV,3
30287,CATSALGDTQYF,RLLMLFAKDVVSRN,3
30288,CASSLRDGYTGELFF,QHIRCNIPKRISA,3
30289,CATSALGDTQYF,QLVHFVRDFAQL,3
30290,CASSDAPGQLYF,SPAEAGFFL,3
30291,CASSDAPGQLYF,QPAEGGFQL,3
30292,CASSDAPGQLYF,SPAPRPLDL,3
30293,CASSDAPGQLYF,MPAGRPWDL,3
30294,CASSDAPGQLYF,VPYMAEFGM,3
30295,CASGDFWGDTLYF,FEAQKAKANKAVD,3
30296,CASSLAQGGETQYF,QAFWIDLFETIG,3
30297,CASGDFWGDTLYF,FEAQKAKANKAVD,3
30298,CASSLEGGYYNEQFF,IPSINVHHY,3
30299,CAAWDDSLNGWVF,RMFPNAPYL,3
30300,CASRRGPYEQYF,KLVALVINAV,3
30301,CASSFNMATGQYF,EVDPIGHLY,3
30302,CASSFNMATGQYF,ESDPIVAQY,3
30303,CASSLWEKLAKNIQYF,YQFGPDFPIA,3
30304,CASSLWEKLAKNIQYF,RQWGPDPAAV,3
30305,CASSLWEKLAKNIQYF,YLGGPDFPTI,3
30306,CASSLWEKLAKNIQYF,MVWGPDPLYV,3
30307,CASSLWEKLAKNIQYF,RQFGPDFPTI,3
30308,CASSLWEKLAKNIQYF,RQFGPDWIVA,3
30309,CASSLIYPGELFF,GILGFVFTL,3
30310,CASRPGWMAGGVELYF,ELAGIGILTV,3
30311,CASSFIGGTDTQYF,YLEPGPVTV,3
30312,CASSIRSSYEQYF,GILGFVFTL,3
30313,CASSSRSSYEQYF,GILGLVFTL,3
30314,CASSIRSSYEQYF,GILEFVFTL,3
30315,CASSLWEKLAKNIQYF,AQWGPDPAAA,3
30316,CASSIFGQREQYF,GILGFVFTL,3
30317,CASSLGHTEVFF,RGPGRAFVTI,3
30318,CASSIGVYGYTF,GILGFVFTL,3
30319,CASRRGPYEQYF,KLVALGINAV,3
30320,CASSVAPGSDTQYF,APSGEGSFQPSQENPQ,3
30321,CASSVAGTPSYEQYF,QPQQSFPEQEA,3
30322,CASSNRGLGTDTQYF,GPQQSFPEQEA,3
30323,CASSDAGGRNTLYF,KAVANFATM,3
30324,CASSDAGGRNTLYF,KAPANFATM,3
30325,CASSDAGGRNTLYF,KAPFNFATM,3
30326,CASSYQGTEAFF,ILAKFLHWL,3
30327,CASSQGLAGAGELFF,ELAGIGILTV,3
30328,CASSDTVSYEQYF,SLYNTVATL,3
30329,CASSDTVSYEQYF,SLYNTIATL,3
30330,CASSDTVSYEQYF,SLFNTIAVL,3
30331,CASSQGLAGAGELFF,ELAGIGILTV,3
30332,CASSAGLDAEQYF,ASNENMETM,3
30333,CASSRDLGRDTQYF,ASNENMETM,3
30334,CASSLLGGWSEAFF,GILGFVFTL,3
30335,CASSDAGGRNTLYF,KAPYNFATM,3
30336,CASSDAGGRNTLYF,KAVYNFATM,3
30337,CASSANPGDSSNEKLFF,VMAPRTLIL,3
30338,CASSANPGDSSNEKLFF,VMAPRTLVL,3
30339,CASSLGQGLLYGYTF,GTSGSPIVNR,3
30340,CASSLGQGLLYGYTF,GTSGSPIINR,3
30341,CASSDWGDTGQLYF,SQLLNAKYL,3
30342,CASRTRGGTLIEQYF,IPLTEEAEL,3
30343,CAWSVSVGAGVPTIYF,RYPLTFGWCF,3
30344,CASRRGPYEQYF,KLVALGINAV,3
30345,CASRRGSAELYF,KLVALGINAV,3
30346,CASSLSFGTEAFF,SMLGIGIVPV,3
30347,CASSLSFGTEAFF,MMWDRGLGMM,3
30348,CASSQRQEGDTQYF,APRGPHGGAASGL,3
30349,CASSGGHTGSNEQFF,APRGPHGGAASGL,3
30350,CASSLNWSQDTQYF,ADSLSFFSSSIKRGGGSLVP,3
30351,CASSFRGGKTQYF,IPLTEEAEL,3
30352,CASRTRGGTLIEQYF,IPLTEEAEL,3
30353,CASRTRGGTLIEQYF,VPLTEDAEL,3
30354,CASSRLAGGMDEQFF,RFYKTLRAEQASQ,3
30355,CASSGLAGGMDEQFF,RFYKTLRAEQASQ,3
30356,CASSRLAGGMDEQFF,RFYKTLRAEQASQ,3
30357,CASSRLAGGMDEQFF,RFYKTLRAEQASQ,3
30358,CASSWSFGTEAFF,AAGIGILTV,3
30359,CTCSAGLGYEQYF,LVERLYLVCGEEGA,3
30360,CASGGLGGDEQYF,LVERLYLVCGGEG,3
30361,CASSAGNTIYF,VEELYLVAGEEGCGGGGSL,3
30362,CASSWSFGTEAFF,ELAGIGILTV,3
30363,CASSAGNTIYF,VEELYLVAGEEGCGGGGSL,3
30364,CAWSETGLGTGELFF,AAGIGILTV,3
30365,CAWSETGLGMGGWQF,AAGIGILTV,3
30366,CASSDAGGRNTLYF,KAPYDYAPI,3
30367,CASSDGDYEQYF,SPSYAYHQF,3
30368,CASGDFWGDTLYF,RVSYYGPKTSPVQ,3
30369,CASGDFWGDTLYF,RVSYYGPKTSPVQ,3
30370,CASGDFWGDTLYF,VSYYGPKTSPVQ,3
30371,CASGDFWGDTLYF,RVSYYGPKTSPVQ,3
30372,CASGDFWGDTLYF,RVSYYGPKTSPVQ,3
30373,CASGDFWGDTLYF,RVSYYGPKTSPVQ,3
30374,CASSMSAMGTEAFF,FEDLRVLSF,3
30375,CASSRTSPTDTQYF,KQWLVWLFL,3
30376,CASSHGASTDTQYF,APFSEQEQPVLG,3
30377,CASSSGGWGGGTEAFF,APFSEQEQPVLG,3
30378,CASSYVGNTGELFF,SLLMWITQV,3
30379,CASSPLDVSISSYNEQFF,SLSKILDTV,3
30380,CASSSPGGVSTEAFF,SLLMWITQV,3
30381,CSVGGSGGADTQYF,SLLMWITQV,3
30382,CASSYLNRDSALDF,SLLMWITQV,3
30383,CASSLGFGRDVMRF,RMFPNAPYL,3
30384,CAWSETGLGMGGWQF,EAAGIGILTV,3
30385,CASSFLMTSGDPYEQYF,GVYDGREHTV,3
30386,CASSLEGQGASEQFF,APMPMPELPYP,3
30387,CASSFRALAADTQYF,AVVQSELPYPEGS,3
30388,CASSDPGTEAFF,GADGVGKSAL,3
30389,CASSITLSSYNEQFF,ITDQVPFSV,3
30390,CASSITLSSYNEQFF,IMDQVPFSV,3
30391,CASSMGGTYEQYF,ITDQVPFSV,3
30392,CASSMGGTYEQYF,ILDQVPFSV,3
30393,CASSQDLFTGGYTF,RPPIFIRRL,3
30394,CASSIQQGADTQYF,HMTEVVRHC,3
30395,CASSEGLWQVGDEQYF,HMTEVVRHC,3
30396,CAISELVTGDSPLHF,HMTEVVRHC,3
30397,CASSRGTIHSNTEVFF,ASNENMETM,3
30398,CASSLGGAGGADTQYF,RLQSLQTYV,3
30399,CASSPDIEQYF,YLQPRTFLL,3
30400,CAGQVTNTGELFF,YLQPRTFLL,3
30401,CASSLSASGGATDTQYF,GQVELGGGNAVEVCKGS,3
30402,CASSLERDGYTF,GQVELGGGNAVEVCK,3
30403,CASSLERETQYF,GQVELGGGNAVEVCKGS,3
30404,CASSYSIRGSRGEQFF,RLPAKAPLL,3
30405,CASSYSIRGSRGEQFF,RLPAKAPLLGCG,3
30406,CASSYSIRGSRGEQFF,RLPAKAPL,3
30407,CASSYSIRGSRGEQFF,RLPAKAPL,3
30408,CASSLGIDAIYF,TPQDLNTML,3
30409,CASSLGIDAIYF,TPQDLNTML,3
30410,CASSLGREYGYTF,RMYSPVSIL,3
30411,CASSLGREYGYTF,RMYSPVSI,3
30412,CASSLDPGDTGELFF,HMTEVVRHC,3
30413,CASSPDIEQYF,YLQPRTFLL,3
30414,CASSGLAGGPVSGANVLTF,ALHGGWTTK,3
30415,CASSQGQDTEAFF,QPFPQPEQPFP,3
30416,CSVALGSDTGELFF,LQPFPQPELPYGSGGS,3
30417,CSVALGSDTGELFF,LQPFPQPELPYGSGGS,3
30418,CASSLVAETYEQYF,ALHGGWTTK,3
30571,CASSVGQGKAFF,PKYVKQNTLKLAT,3
30573,CASSLSQGDQPQHF,PKYVKQNTLKLAT,3
30629,CASSVAPGSEGEAFF,PKYVKQNTLKLAT,3
30630,CSAGGWDRVNQPQHF,PKYVKQNTLKLAT,3
30631,CASSESQTGDYEQYF,PKYVKQNTLKLAT,3
30632,CATSDSTSGGTDTQYF,PKYVKQNTLKLAT,3
30659,CSVGTGGTNEKLFF,GLCTLVAML,3
30660,CSVGSGGTNEKLFF,GLCTLVAML,3
30683,CASSPGLTYPGELFF,GLCTLVAML,3
30684,CASSEGQVSPGELFF,GLCTLVAML,3
30685,CASSKGSVAPGELFF,GLCTLVAML,3
30690,CSARDRVGNTIYF,GLCTLVAML,3
30692,CSVGTGGTNEKLFF,GLCTLVAML,3
32387,CASPGLAGEYEQYF,LPEPLPQGQLTAY,3
32388,CASPGETEAFF,LPEPLPQGQLTAY,3
32389,CASPGETEAFF,LPEPLPQGQLTAY,3
32391,CASPGLAGEYEQYF,GPEPLPQGQLTAY,3
32392,CASPGLAGEYEQYF,LPEGLPQGQLTAY,3
32393,CASPGLAGEYEQYF,LPEPLGQGQLTAY,3
32394,CASPGLAGEYEQYF,LPEPLPQAQLTAY,3
32395,CASPGLAGEYEQYF,LPEPLPQGGLTAY,3
32396,CASPGLAGEYEQYF,LPEPLPQGQGTAY,3
32397,CASPGLAGEYEQYF,LPEPLPQGQLGAY,3
32398,CASPGLAGEYEQYF,LPEPLPQGQLTGY,3
32399,CASGTGDSNQPQHF,EPLPQGQLTAY,3
32400,CATGTGDSNQPQHF,EPLPQGQLTAY,3
32401,CAISTGDSNQPQHF,EPLPQGQLTAY,3
32402,CASSTGDSNQPQHF,EPLPQGQLTAY,3
32403,CASSLIGRDEQFF,EPLPQGQLTAY,3
32404,CASAQIGPYEQYF,EPLPQGQLTAY,3
32405,CANSQPGGIEQFF,EPLPQGQLTAY,3
32461,CASSFQTGASYGYTF,NLVPMVATV,3
32465,CASSPVTGGIYGYTGF,NLVPMVATV,3
32476,CASSPVTGGIYGYTGF,NLVPMVATV,3
32477,CASSPVTGGIYGYTGF,NLVPMVATV,3
32520,CASSSAYYGYTF,NLVPMVATV,3
32562,CSVGTGGTNEKLFF,GLCTLVAML,3
33330,CASSSAYYGYTF,NLVPMVATV,3
33347,CASSYQTGAAYGYTF,NLVPMVATV,3
33498,CSARDRVGNTIYF,GLCTLVAML,3
33513,CSVGTGGTNEKLFF,GLCTLVAML,3
34284,CASSYQTGAAYGYTF,NLVPMVATV,3
34288,CASSYQTGAAYGYTF,NLVPMVATV,3
34291,CASSYQTGAAYGYTF,NLVPMVATV,3
35600,CASKGQGARDGYTF,IPSINVHHY,3
35601,CASRVGTGNLYEQYF,TPRVTGGGAM,3
35604,CASSHWDRETSGNTIYF,NLVPMVATV,3
35605,CASSLALGVAKNIQYF,TPRVTGGGAM,3
35607,CASSLDSQSSGNTIYF,VLEETSVML,3
35610,CASSLQRGRTDTQYF,VLEETSVML,3
35617,CASSYQTGAAYGYTF,NLVPMVATV,3
35619,CASSYSTGTHLEQYF,NLVPMVATV,3
35622,CSVEEGVLYEQYF,IPSINVHHY,3
35624,CASGWGSQPQHF,AVFDRKSDAK,3
35626,CASREGDINTGELFF,IVTDFSVIK,3
35627,CASRTLAGPNTGELFF,RPPIFIRRL,3
35632,CASSDLNSPLHF,RAKFKQLL,3
35635,CASSFSGSLTTEAFF,RAKFKQLL,3
35636,CASSFSPTAQGLEQYF,YPLHEQHGM,3
35638,CASSLAVLSSYNEQFF,RAKFKQLL,3
35648,CASSLVSSGANVLTF,RAKFKQLL,3
35653,CASSQDRLTGGYTF,RPPIFIRRL,3
35655,CASSQETGSYEQFF,RPPIFIRRL,3
35656,CASSQETGSYEQYF,RPPIFIRRL,3
35659,CASSQGVGENTEAFF,RAKFKQLL,3
35661,CASSQVRGRGEQYF,RAKFKQLL,3
35662,CASSRTSATGELFF,AVFDRKSDAK,3
35663,CASSSGQAYEQYF,FLRGRAYGL,3
35664,CASSSLRGSNQPQHF,YVLDHLIVV,3
35665,CASSSLTGSGQPQHF,YVLDHLIVV,3
35668,CASSVLAGDTQYF,RAKFKQLL,3
35670,CASSWGQGSNYGYTF,IVTDFSVIK,3
35674,CASYWGLAVNEQFF,RPPIFIRRL,3
35678,CSARGEAITEKLFF,GLCTLVAML,3
35683,CSVGSGGTNEKLFF,GLCTLVAML,3
35684,CSVGTGGTNEKLFF,GLCTLVAML,3
35695,CASRVGAGNTEAFF,TPRVTGGGAM,3
35707,CASSLVTGTGKYGYTF,NLVPMVATV,3
35713,CASSQHDRGFSTEAFF,TPRVTGGGAM,3
35717,CASSSHDRDGGYSPLHF,TPRVTGGGAM,3
35719,CASSSHERQGQNSPLHF,TPRVTGGGAM,3
35732,CASKMRGDVYEQYF,RAKFKQLL,3
35752,CASSEILGMNTEAFF,RPPIFIRRL,3
35761,CASSFQGSNEKLFF,RAKFKQLL,3
35765,CASSGTHNEQFF,RPPIFIRRL,3
35768,CASSIDGTAYEQYF,GLCTLVAML,3
35780,CASSLGLENEQFF,GLCTLVAML,3
35784,CASSLGTSFRTDTQYF,YVLDHLIVV,3
35794,CASSLSQGIQNIQYF,RPPIFIRRL,3
35801,CASSLTGPGDQPQHF,RAKFKQLL,3
35820,CASSPPGPTGRGWYDTF,RAKFKQLL,3
35826,CASSPTNPAGDTETQYF,RPPIFIRRL,3
35830,CASSQAGQGNSPLHF,RAKFKQLL,3
35831,CASSQAQGMGNSPLHF,RAKFKQLL,3
35837,CASSQEGTGSYEQYF,AVFDRKSDAK,3
35846,CASSQTTSVNTEAFF,RAKFKQLL,3
35851,CASSRGTGEGYEQYF,RAKFKQLL,3
35865,CASSVASGTDTQYF,FLRGRAYGL,3
35877,CASTREGLNTGELFF,GLCTLVAML,3
35905,CSVGGAYEQYF,RPPIFIRRL,3
35908,CSVGTGGTNEKLFF,GLCTLVAML,3
35912,CASSSAYYGYTF,NLVPMVATV,3
35913,CASSSLNTEAFF,RAKFKQLL,3
35916,CSARDRVGNTIYF,GLCTLVAML,3
35917,CSVGTGGTNEKLFF,GLCTLVAML,3
35918,CASSQDRLTGGYTF,RPPIFIRRL,3
35923,CASSLTGPGDQPQHF,RAKFKQLL,3
35926,CSVGSGGTNEKLFF,GLCTLVAML,3
36106,CASSWWDTGELFF,RMFPNAPYL,3
36107,CAWGTLATEQYF,RMFPNAPYL,3
36136,CASSPLTGTGVYGYTF,NLVPMVATV,3
36140,CASSYQTGASYGYTF,NLVPMVATV,3
36143,CSARGEAITEKLFF,GLCTLVAML,3
36144,CASSIDGTAYEQYF,GLCTLVAML,3
36145,CASTREGLNTGELFF,GLCTLVAML,3
36146,CASSLGLENEQFF,GLCTLVAML,3
36154,CSVGTGGTNEKLFF,GLCTLVAML,3
36160,CSVGSGGTNEKLFF,GLCTLVAML,3
36161,CSVGTGGTNEKLFF,GLCTLVAML,3
36162,CSVGTGGTNEKLFF,GLCTLVAML,3
36163,CSVGSGGTNEKLFF,GLCTLVAML,3
36164,CSVGTGGTNEKLFF,GLCTLVAML,3
36165,CSVGSGGTNEKLFF,GLCTLVAML,3
36169,CASSSLTGSGQPQHF,YVLDHLIVV,3
36170,CASSSLRGSNQPQHF,YVLDHLIVV,3
36171,CASSLGTSFRTDTQYF,YVLDHLIVV,3
36207,CASGWGSQPQHF,AVFDRKSDAK,3
36209,CASSRTSATGELFF,AVFDRKSDAK,3
36210,CASSQEGTGSYEQYF,AVFDRKSDAK,3
36212,CASSRTSATGELFF,AVFDRKSDAK,3
36214,CASKGQGARDGYTF,IPSINVHHY,3
36215,CSVEEGVLYEQYF,IPSINVHHY,3
36229,CASRVGTGNLYEQYF,TPRVTGGGAM,3
36230,CASSLALGVAKNIQYF,TPRVTGGGAM,3
36231,CASSSHDRDGGYSPLHF,TPRVTGGGAM,3
36232,CASSSHERQGQNSPLHF,TPRVTGGGAM,3
36233,CASRVGAGNTEAFF,TPRVTGGGAM,3
36234,CASSQHDRGFSTEAFF,TPRVTGGGAM,3
36238,CASSSHERQGQNSPLHF,TPRVTGGGAM,3
36241,CASRVGTGNLYEQYF,TPRVTGGGAM,3
36248,CASSYSTGTHLEQYF,NLVPMVATV,3
36249,CASSSAYYGYTF,NLVPMVATV,3
36250,CASSLVTGTGKYGYTF,NLVPMVATV,3
36252,CASSYQTGAAYGYTF,NLVPMVATV,3
36253,CASSHWDRETSGNTIYF,NLVPMVATV,3
36259,CASSLQRGRTDTQYF,VLEETSVML,3
36262,CASSLDSQSSGNTIYF,VLEETSVML,3
36267,CASSWGQGSNYGYTF,IVTDFSVIK,3
36268,CASREGDINTGELFF,IVTDFSVIK,3
36278,CASYWGLAVNEQFF,RPPIFIRRL,3
36279,CASSQDRLTGGYTF,RPPIFIRRL,3
36280,CASRTLAGPNTGELFF,RPPIFIRRL,3
36281,CASSEILGMNTEAFF,RPPIFIRRL,3
36282,CASSQETGSASQHF,RPPIFIRRL,3
36283,CASSPTNPAGDTETQYF,RPPIFIRRL,3
36284,CSVGGAYEQYF,RPPIFIRRL,3
36285,CASSGTHNEQFF,RPPIFIRRL,3
36286,CASSLSQGIQNIQYF,RPPIFIRRL,3
36292,CASSQETGSYEQYF,RPPIFIRRL,3
36293,CASSQDRLTGGYTF,RPPIFIRRL,3
36295,CASSQETGSYEQFF,RPPIFIRRL,3
36299,CASSSGQAYEQYF,FLRGRAYGL,3
36300,CASSVASGTDTQYF,FLRGRAYGL,3
36303,CASSFSPTAQGLEQYF,YPLHEQHGM,3
36306,CASSLVLSSPTYEQYF,RAKFKQLL,3
36307,CASSQTTSVNTEAFF,RAKFKQLL,3
36308,CASSSLNTEAFF,RAKFKQLL,3
36331,CASSQGVGENTEAFF,RAKFKQLL,3
36332,CASSLAVLSSYNEQFF,RAKFKQLL,3
36333,CASSRGTGEGYEQYF,RAKFKQLL,3
36334,CASSPPGPTGRGWYDTF,RAKFKQLL,3
36335,CASSQAQGMGNSPLHF,RAKFKQLL,3
36336,CASSLTGPGDQPQHF,RAKFKQLL,3
36357,CASSLVSSGANVLTF,RAKFKQLL,3
36358,CASSFSGSLTTEAFF,RAKFKQLL,3
36359,CASKMRGDVYEQYF,RAKFKQLL,3
36360,CASSQAGQGNSPLHF,RAKFKQLL,3
36361,CASSFQGSNEKLFF,RAKFKQLL,3
36389,CASSDLNSPLHF,RAKFKQLL,3
36390,CASSQVRGRGEQYF,RAKFKQLL,3
36391,CASSVLAGDTQYF,RAKFKQLL,3
36392,CASSLTGPGDQPQHF,RAKFKQLL,3
36404,CASSDLNSPLHF,RAKFKQLL,3
37457,CASSYQTGAAYGYTF,NLVPMVATV,3
37461,CASSYQTGAAYGYTF,NLVPMVATV,3
38200,CASSRRTSGGTDTQYF,FRDYVDRFYKTLRAEQASQE,3
38350,CASSRRTSGGTDTQYF,FRDYVDRFYKTLRAEQASQE,3
38398,CASSEFRTRGYTF,FRDYVDRFYKTLRAEQASQE,3
38455,CATTPGASGISEQFF,FRDYVDRFYKTLRAEQASQE,3
38457,CASSRRTSGGTDTQYF,FRDYVDRFYKTLRAEQASQE,3
38464,CASSPGTSGVGEQFF,FRDYVDRFYKTLRAEQASQE,3
38492,CASSRRTSGGTDTQYF,FRDYVDRFYKTLRAEQASQE,3
38526,CASSPGTSGVGEQFF,FRDYVDRFYKTLRAEQASQE,3
38530,CASSRLAGGMDEQFF,FRDYVDRFYKTLRAEQASQE,3
38532,CASSPAPSASSYEQYF,KLVALGINAV,3
38533,CASSWSASYEQYF,KLVALGINAV,3
38534,CASSSSWADTQYF,KLVALGINAV,3
38535,CASGQGQETQYF,KLVALGINAV,3
38536,CASSMGANEQFF,KLVALGINAV,3
38537,CASSLAQGQPQHF,KLVALGINAV,3
38538,CASSYWQGELFF,KLVALGINAV,3
38539,CASTNRQEGQETQYF,KLVALGINAV,3
38540,CASSPGGELFF,KLVALGINAV,3
38541,CAISGQAVSTDTQYF,KLVALGINAV,3
38542,CASSPYPRGGTGELFF,KLVALGINAV,3
38543,CASSPADPFSNTQYF,KLVALGINAV,3
38544,CSANSRTGLGYTF,KLVALGINAV,3
38545,CASSYGSYEQYF,KLVALGINAV,3
38546,CASSWGGGEQYF,KLVALGINAV,3
38547,CASSLEGSYEQYF,KLVALGINAV,3
38548,CSAIDFPMGNEQFF,KLVALGINAV,3
38549,CASSSRHEGEDTEAFF,KLVALGINAV,3
38550,CASREDGASGSPDTQYF,KLVALGINAV,3
38551,CASKMGAEAFF,KLVALGINAV,3
38552,CASSLGGDIQYF,KLVALGINAV,3
38553,CASTGGLGYTF,KLVALGINAV,3
38554,CASSYQSGNTEAFF,KLVALGINAV,3
38555,CASNRGDGYTF,KLVALGINAV,3
38556,CASSIALSDNYGYTF,KLVALGINAV,3
38557,CAWSINSAEAFF,KLVALGINAV,3
38558,CASSDSYGYTF,KLVALGINAV,3
38559,CASSLEREGRGEQFF,KLVALGINAV,3
38560,CASSQGSYEQYF,KLVALGINAV,3
38561,CQAGDTEAFF,KLVALGINAV,3
38562,CASTQSPLAGNEQYF,KLVALGINAV,3
38563,CASSGYTGELFF,KLVALGINAV,3
38564,CASTNSGNTIYF,KLVALGINAV,3
38565,CASSSGATEAFF,KLVALGINAV,3
38566,CASSQVGQNLYEQYF,KLVALGINAV,3
38567,CASSVEGGGAKETQYF,KLVALGINAV,3
38568,CASSIGHNTGELFF,KLVALGINAV,3
38569,CASTQGSTDTQYF,KLVALGINAV,3
38570,CASSVAIWRGSYNEQFF,KLVALGINAV,3
38571,CASSSPGASTYEQYF,KLVALGINAV,3
38572,CASSYNIAGELFF,KLVALGINAV,3
38573,CASSIAGSAYEQYF,KLVALGINAV,3
38574,CASSIRRIDPYNEQFF,KLVALGINAV,3
38575,CASSVELAGTYEQYF,KLVALGINAV,3
38576,CASSYTGELFF,KLVALGINAV,3
38577,CASSFGADTQYF,KLVALGINAV,3
38578,CASSAETQYF,KLVALGINAV,3
38579,CASSSPHRDSYSPLHF,KLVALGINAV,3
38580,CASSQETQYF,KLVALGINAV,3
38581,CASSIGQYEQYF,KLVALGINAV,3
38582,CASSYRGSGNTIYF,KLVALGINAV,3
38583,CASSYAQGNEQFF,KLVALGINAV,3
38584,CASSLGRGQFF,KLVALGINAV,3
38585,CASSRGDTEAFF,KLVALGINAV,3
38586,CASSLWSAGVHNEQFF,KLVALGINAV,3
38587,CASSEGDTEAFF,KLVALGINAV,3
38588,CASSVEGIDEKLFF,KLVALGINAV,3
38589,CATSSGDLSSGANVLTF,KLVALGINAV,3
38590,CATSIDRGREKLFF,KLVALGINAV,3
38591,CASSMGGNPEQYF,KLVALGINAV,3
38592,CASSDDRGPYEQYF,KLVALGINAV,3
38593,CASSQVRLNTEAFF,KLVALGINAV,3
38594,CASSRSLNVNSNQPQHF,KLVALGINAV,3
38595,CASSLGEKLFF,KLVALGINAV,3
38596,CASDSNTEAFF,KLVALGINAV,3
38597,CASSMGGEQYF,KLVALGINAV,3
45463,CASSIRSSYEQYF,GILGFVFTL,3
45468,CASSIRSSYEQYF,GILGFVFTL,3
45479,CASSIRSSYEQYF,GILGFVFTL,3
45482,CASSIRSSYEQYF,GILGFVFTL,3
45487,CASSQTQLWETQYF,NLVPMVATV,3
45490,CASSPQTGVGNYGYTF,NLVPMVATV,3
45491,CASSLAPGTTNEKLFF,NLVPMVATV,3
45493,CASSLAPGTTNEKLFF,NLVPMVATV,3
45495,CASSSVNEQFF,NLVPMVATV,3
45496,CASSIRSSYEQYF,GILGFVFTL,3
45498,CASSLLGGWSEAFF,GILGFVFTL,3
45499,CASSLIYPGELFF,GILGFVFTL,3
45500,CASSSETELLYYGYTF,NLVPMVATV,3
45501,CASSQQTGTIGGYTF,NLVPMVATV,3
45502,CASSFQGFTEAFF,NLVPMVATV,3
45503,CASSFTLGTGGVEQYF,NLVPMVATV,3
45504,CSARGQDIYEQYF,NLVPMVATV,3
45505,CASGLTGFMDEQYF,NLVPMVATV,3
45507,CASSQALPYEQYF,NLVPMVATV,3
45508,CASSITLGTGGVEQYF,NLVPMVATV,3
45509,CASSIVGGNEQFF,GILGFVFTL,3
45510,CASSMRSTGELFF,GILGFVFTL,3
45513,CASSIRSSYEQYF,GILGFVFTL,3
45515,CASSIRSSYEQYF,GILGFVFTL,3
45517,CASSIRSSYEQYF,GILGFVFTL,3
45518,CASSIRSSYEQYF,GILGFVFTL,3
45519,CASSIVGGNEQFF,GLCTLVAML,3
45529,CASSIVGGNEQFF,YVLDHLIVV,3
45530,CASSIRSAWAQYF,YVLDHLIVV,3
45539,CASSMRSADTQYF,GILGFVFTL,3
45540,CASSVRASDEQYF,GILGFVFTL,3
45541,CASSPSSVADTQYF,GILGFVFTL,3
45542,CASSSRAAYEQYF,GILGFVFTL,3
45569,CASSIRSSYEQYF,GILGFVFTL,3
45570,CASSPTGVGEQFF,GILGFVFTL,3
45571,CASSIRASYEQYF,GILGFVFTL,3
45572,CASSIRSSYEQYF,GILGFVFTL,3
45573,CASSIRSSYEQYF,GILGFVFTL,3
45577,CASSIRSSYEQYF,GILGFVFTL,3
45578,CASSIRSSYEQYF,GILGFVFTL,3
45579,CASSIRSSYEQYF,GILGFVFTL,3
45580,CASSIRSSYEQYF,GILGFVFTL,3
45581,CASSIRSSYEQYF,GILGFVFTL,3
45585,CASSIRSSYEQYF,GILGFVFTL,3
45588,CASSIRSSYEQYF,GILGFVFTL,3
45589,CASSVRSTGELFF,GILGFVFTL,3
45590,CASSIRSTGELFF,GILGFVFTL,3
45591,CASSIRSEDTQYF,GILGFVFTL,3
45592,CASSIRSTDTQYF,GILGFVFTL,3
45597,CASSIRSTDTQYF,GILGFVFTL,3
45601,CASSIRSSYEQYF,GILGFVFTL,3
45604,CASSIRSTGELFF,GILGFVFTL,3
45607,CASSIRSTGELFF,GILGFVFTL,3
45609,CASTLAGVGYEQFF,GILGFVFTL,3
45610,CASSTGNYGYTF,GILGFVFTL,3
45611,CASSTGFYGYTF,GILGFVFTL,3
45612,CASSIRSAHEQFF,GILGFVFTL,3
45616,CASSIRSSYEQYF,GILGFVFTL,3
45618,CASSIRSTGELFF,GILGFVFTL,3
45627,CASSIRSSYEQYF,GILGFVFTL,3
46367,CSARDRVGNTIYF,GLCTLVAML,3
46382,CSVGTGGTNEKLFF,GLCTLVAML,3
46571,CSARDRVGNTIYF,GLCTLVAML,3
46614,CASSIDGTAYEQYF,GLCTLVAML,3
46710,CSARDRVGNTIYF,GLCTLVAML,3
46741,CSVGSGGTNEKLFF,GLCTLVAML,3
50553,CASSLGQGLLYGYTF,GTSGSPIVNR,3
50554,CASSLGQGLLYGYTF,GTSGSPIINR,3
51376,CASSRANYEQYF,SIINFEKL,3
51377,CASSRANYEQYF,SIINFEKL,3
51378,CASSRANYEQYF,SIINFEKL,3
54754,CASGTEAFF,HPVGEADYFEY,3
54755,CASGLGGSNEQFF,HPVGEADYFEY,3
54756,CASTGAGEGPFF,HPVGEADYFEY,3
54757,CASSARTGELFF,HPVGEADYFEY,3
54758,CAISDPRDSYEQYF,YPLHEQHGM,3
54759,CAISTGDSNQPQHF,EPLPQGQLTAY,3
54760,CAISEWDSPTLNSPLHF,EPLPQGQLTAY,3
54761,CATGTGDSNQPQHF,EPLPQGQLTAY,3
54762,CASSRDFYAYNEQFF,EPLPQGQLTAY,3
54763,CASKRTATYEQYF,EPLPQGQLTAY,3
54764,CSVGTGGTNEKLFF,GLCTLVAML,3
54766,CASSEDGMNTEAFF,CLGGLLTMV,3
54767,CASSYQGGNYGYTF,FLYALALLL,3
54768,CASSKQGGNIQYF,FLYALALLL,3
54769,CAWSVPLGRREKLFF,YVLDHLIVV,3
56795,CASSIDLTSGVYNEQFF,YERMCNIL,3
56796,CASSIDYPSGVQETQYF,YERMCNIL,3
56797,CASSTDLATGAYEQYF,YERMCNIL,3
56798,CASSIDLASGTTYEQYF,YERMCNIL,3
56799,CASSEGSLGGGLETQYF,YERMCNIL,3
56800,CASMGRDINQPQHF,YERMCNIL,3
56801,CASSQDPGGTEAFF,YERMCNIL,3
56802,CASSQDFAGGSYEQYF,YERMCNIL,3
56803,CASSLEAVSIHGYTF,YERMCNIL,3
56804,CASSQDKTTGELFF,YERMCNIL,3
56805,CASSWGLEVNTEAFF,YERMCNIL,3
56806,CASSYGLEANTEAFF,YERMCNIL,3
56807,CASSQDRGTGAYGYTF,YERMCNIL,3
56808,CASSQDRASGEYEQYF,YERMCNIL,3
56809,CASSPSMRSGLAEAFF,YERMCNIL,3
56810,CASSWDRGTGEQYF,YERMCNIL,3
56811,CASSQDLASGTYNEQFF,YERMCNIL,3
56812,CASSPSMRSGLAEAFF,YERMCNIL,3
56813,CASSIDLAGGSYEQYF,YERMCNIL,3
56814,CAISEEGQGRDEQFF,EEIEITTHF,3
56815,CASSLGTGGGYTF,EEIEITTHF,3
56816,CASSQVLVGETQYF,EEIEITTHF,3
56817,CASSSSGGGAGDTQYF,EEIEITTHF,3
56818,CSASPERGTSVGTDTQYF,EEIEITTHF,3
56819,CASSIVERAEAFF,EEIEITTHF,3
56820,CASSLLTGGTDTQYF,EEIEITTHF,3
56821,CASSWVPPGQGRTGELFF,EEIEITTHF,3
56822,CASSWVPPGQGRTGELFF,EEIEITTHF,3
56823,CASSDSDGSGELFF,QEIRTFSF,3
56824,CSARDRQASSYNEQFF,QEIRTFSF,3
56825,CASSFLQGEKLFF,QEIRTFSF,3
56826,CASSLRPDPPYNEQFF,QEIRTFSF,3
56827,CASSPPGREDTEAFF,QEIRTFSF,3
56828,CASSPSEGLNTEAFF,QEIRTFSF,3
56829,CSARDGQGSSPLHF,QEIRTFSF,3
56830,CSANDRTSGSNYNEQFF,QEIRTFSF,3
56831,CATSRDRGWSNQPQHF,QEIRTFSF,3
56832,CASSQAGSLENSPLPLL,QEIRTFSF,3
56833,CASSTGRYYEQYF,QEIRTFSF,3
56834,CASSKGLAVDYTQYF,QEIRTFSF,3
56835,CASRLVSGTDTQYF,QEIRTFSF,3
56836,CASSFLATNEKLFF,QEIRTFSF,3
56837,CSASLERMNTGELFF,QEIRTFSF,3
56838,CASRRTGVVEKLFF,TEVETYVL,3
56839,CASRRTGVVEKLFF,TEVETYVL,3
56840,CAISAPRGERDEQYF,TEVETYVL,3
56841,CASSQGPQVRGADTQYF,TEVETYVL,3
56842,CASSLSWGPGNTIYF,TEVETYVL,3
56843,CASSPTPGDPHYGYTF,TEVETYVL,3
56844,CASRSAGHQETQYF,TEVETYVL,3
56845,CASRSAGHQETQYF,TEVETYVL,3
57053,CASSFGVSYEQYF,RGYVYQGL,3
57054,CASSFHISYEQYF,RGYVYQGL,3
57055,CASSFGVNSDYTF,RGYVYQGL,3
57058,CASSFGVNSDYTF,RGYVYQGL,3
57061,CASSFGVSYEQYF,RGYVYQGL,3
57066,CASSFGVSYEQYF,RGYVYQGL,3
57067,CASSFGVNSDYTF,RGYVYQGL,3
57071,CASSPGTGVEQYF,RGYVYQGL,3
57072,CASSFGVSYEQYF,RGYVYQGL,3
57074,CASSFGVNSDYTF,RGYVYQGL,3
57075,CASSFHISYEQYF,RGYVYQGL,3
57076,CASSFRDSGNTLYF,RGYVYKGL,3
57078,CASSFRDSGNTLYF,RGYVYKGL,3
57079,CASSLRDGSNQAPLF,RGYVYKGL,3
57094,CASSLSRASGNTLYF,RGYVYDGL,3
57096,CASSLSRALNNQAPLF,RGYVYDGL,3
57097,CASSSGVGTEVFF,IGYVYQGL,3
57101,CASSSGVGTEVFF,IGYVYQGL,3
57104,CASSSGVGTEVFF,KGYVYQGL,3
57112,CASSSGVGTEVFF,KGYVYQGL,3
57113,CASSFGVNSDYTF,KGYVYQGL,3
57117,CASSLGQAYEQYF,FLRGRAYGL,3
57119,CASSLGQAYEQYF,FLRGRAYGL,3
57120,CASSLGQAYEQYF,FLRGRAYGL,3
57122,CASKVGAGGLYEQYF,TPRVTGGGAM,3
57123,CASMGNSAGANVLTF,NLVPMVATV,3
57124,CASRGQGFSYEQYF,NLVPMVATV,3
57125,CASSFLGLNEQFF,NLVPMVATV,3
57126,CASSFRDYGNYEQYF,TPRVTGGGAM,3
57127,CASSIGPALNTEAFF,TPRVTGGGAM,3
57128,CASSLDIPSYNEQFF,NLVPMVATV,3
57129,CASSLGGNLYEQYF,EFFWDANDIY,3
57130,CASSLHDRGSRTEAFF,TPRVTGGGAM,3
57131,CASSLIGVSSYNEQFF,TPRVTGGGAM,3
57132,CASSPARNTEAFF,RPHERNGFTV,3
57133,CASSPHRNTEAFF,RPHERNGFTV,3
57134,CASSPSRNTEAFF,RPHERNGFTV,3
57135,CASSQAALAGFGYEQYF,RPHERNGFTV,3
57136,CASSSANYGYTF,NLVPMVATV,3
57137,CASSSHDRQGASSPLHF,TPRVTGGGAM,3
57138,CASSSHDTGGYNSPLHF,TPRVTGGGAM,3
57139,CASSSVNEQFF,NLVPMVATV,3
57140,CASSSVSEAFF,NLVPMVATV,3
57141,CASSYQTGTGNYGYTF,NLVPMVATV,3
57142,CASSYSGHVYEQYF,NLVPMVATV,3
